#;German;English;German example sentence;English translation;Category;Masri;Gender;Conjugation;English in sentence;_1;_2;_3
1;ich;I;Ich bin heute müde.;I am tired today.;pronoun;أنا;;;I;;;
2;ein;a / one;Ich habe ein Auto.;I have a car.;article;"واحد / واحد (كـ""a"")";;;a;;;
3;nicht;not;Das ist nicht gut.;That is not good.;particle;مش / ما-;;;not;;;
4;und;and;Tom und Anna kommen später.;Tom and Anna are coming later.;conjunction;و;;;and;;;
5;zu;to;Ich gehe zu meiner Freundin.;I am going to my friend (female).;prep;لـ / لِـ;;;to;;;
6;wird;will / becomes;Es wird morgen warm.;It will be warm tomorrow.;verb;هيبقى / يصبح;;;will;;;
7;kann;can;Ich kann Deutsch sprechen.;I can speak German.;verb;يقدر;;;can;;;
8;mit;with;Kommst du mit mir?;Are you coming with me?;prep;مع;;;with;;;
9;ja;yes;Ja, ich komme.;Yes, I’m coming.;particle;آه;;;Yes;;;
10;wie;how;Wie heißt du?;What’s your name?;adverb;إزّاي;;;What;;;
11;auf;on / onto;Es liegt auf dem Tisch.;It’s on the table.;prep;على;;;on;;;
12;dass;that (conjunction.);Ich glaube, dass es regnet.;I think that it’s raining.;conjunction;إنّ;;;that;;;
13;aber;but;Ich will, aber ich kann nicht.;I want to, but I can’t.;conjunction;بس;;;but;;;
14;gut;good;Das ist gut so.;That's good like that.;adjective;كويس;;;good;;;
15;weiß;know (I/he/she);Ich weiß es nicht.;I don’t know.;verb;عارف;;;know;;;
16;so;so / like that;Das ist so schön!;That is so beautiful!;adverb;كده / جدًا;;;so;;;
17;von;from / of;Ich komme von der Arbeit.;I'm coming from work.;prep;من;;;from;;;
18;hier;here;Ich bin hier.;I’m here.;adverb;هنا;;;here;;;
19;sagen;to say;Was willst du sagen?;What do you want to say?;verb;يقول;;;say;;;
20;bitte;please;Bitte komm rein.;Please come in.;particle;لو سمحت / من فضلك;;;Please;;;
21;für;for;Das ist für dich.;This is for you.;prep;علشان / لـ;;;for;;;
22;komm;come;Komm schnell!;Come quickly!;verb;تعال / تيجي;;;Come;;;
23;machen;to make / do;Was machst du heute?;What are you doing today?;verb;يعمل;;machst;doing;;;
24;wenn;if / when;Wenn ich Zeit habe, rufe ich dich an.;If I have time, I'll call you.;conjunction;لو;;;If;;;
25;keine;no / none;Ich habe keine Zeit.;I have no time.;article;مفيش / ولا;;;no;;;
26;muss;must / have to;Ich muss lernen.;I have to study.;verb;لازم;;;have to;;;
27;diese;this / these;Ich nehme diese Tasche.;I’ll take this bag.;pronoun;دي / دول / ده (حسب النوع);;;this;;;
28;nein;no;Nein, danke.;No, thanks.;particle;لأ;;;No;;;
29;mehr;more;Ich möchte mehr Wasser.;I want more water.;adverb;أكتر;;;more;;;
30;noch;still / yet;Bist du noch da?;Are you still there?;adverb;لسه / كمان;;;still;;;
31;da;there / present;Ich bin gleich da.;I’ll be there soon.;adverb;هناك / هنا (حسب السياق);;;there;;;
32;tun;to do;Was soll ich tun?;What should I do?;verb;يعمل / يسوّي;;;do;;;
33;nur;only / just;Ich habe nur zehn Euro.;I only have ten euros.;adverb;بس;;;only;;;
34;soll;should / supposed to;Was soll das heißen?;What is that supposed to mean?;verb;المفروض;;;supposed to;;;
35;schon;already;Ich bin schon fertig.;I’m already finished.;adverb;خلاص / بالفعل;;;already;;;
36;auch;also / too;Ich komme auch.;I’m coming too.;adverb;كمان;;;too;;;
37;mal;once / (softener);Sag mal, was machst du?;Tell me, what are you doing?;particle;مرة;;;Tell me;;;
38;als;than / when;Er ist größer als ich.;He is taller than me.;conjunction;لما / كـ;;;than;;;
39;jetzt;now;Ich gehe jetzt.;I’m going now.;adverb;دلوقتي;;;now;;;
40;um;at / around;Wir treffen uns um acht.;We’re meeting at eight.;prep;علشان / عشان;;;at;;;
41;aus;from / out of;Ich komme aus Berlin.;I come from Berlin.;prep;من / برا;;;from;;;
42;dann;then;Wir essen und dann gehen wir.;We eat and then we go.;adverb;بعدين;;;then;;;
43;hör;hear / listen;Hör zu!;Listen!;verb;اسمع / وقف ;;;Listen;;;
44;doch;though / but;Komm doch mit!;Come with us (come on)!;particle;برضه / ما هو;;;Come with;;;
45;oder;or;Tee oder Kaffee?;Tea or coffee?;conjunction;أو;;;or;;;
46;dachte;thought;Ich dachte, du schläfst.;I thought you were sleeping.;verb;افتكرت / كنت فاكر;;;thought;;;
47;bei;at / with;Ich bin bei meiner Mutter.;I’m at my mom’s.;prep;عند / في;;;at;;;
48;nichts;nothing;Ich habe nichts gemacht.;I did nothing.;pronoun;مفيش حاجة;;;nothing;;;
49;wo;where;Wo bist du?;Where are you?;adverb;فين;;;Where;;;
50;etwas;something;Ich muss dir etwas sagen.;I need to tell you something.;pronoun;حاجة / شوية;;;something;;;
51;Mann;man;Kennst du den Mann?;Do you know the man?;noun;راجل;m;;man;;;
52;oh;oh;Oh, wirklich?;Oh, really?;interjection;أووه;;;Oh;;;
53;also;so / well;Also, was machen wir?;So, what are we doing?;adverb;يعني / طيب;;;So;;;
54;danke;thanks;Danke für alles.;Thanks for everything.;verb;شكراً;;;Thanks;;;
55;immer;always;Sie ist immer pünktlich.;She is always on time.;adverb;دايمًا;;;always;;;
56;warum;why;Warum lachst du?;Why are you laughing?;adverb;ليه;;;Why;;;
57;ganz;completely / very;Das ist ganz normal.;That’s completely normal.;adverb;جدًا / خالص;;;completely;;;
58;weg;gone / away;Mein Handy ist weg.;My phone is gone.;adverb;مشي / اختفى;;;gone;;;
59;vor;before / in front of;Vor dem Haus steht ein Auto.;A car is in front of the house.;prep;قبل;;;in front of;;;
60;liebe;love;Liebe ist nicht immer einfach.;Love is not always easy.;noun;حب;f;;Love;;;
61;glaube;believe;Ich glaube dir.;I believe you.;verb;أظن / أفتكر;;;believe;;;
62;leben;life / to live;Das Leben ist schön.;Life is beautiful.;verb;يعيش;;;Life;;;
63;wieder;again;Versuch es wieder.;Try again.;adverb;تاني;;;again;;;
64;finden;to find;Ich kann meine Schlüssel nicht finden.;I can’t find my keys.;verb;يلاقي;;;find;;;
65;sehr;very;Das ist sehr gut.;That is very good.;adverb;جدًا;;;very;;;
66;okay;okay;Okay, kein Problem.;Okay, no problem.;particle;ماشي / تمام;;;Okay;;;
67;denn;because / then;Was machst du denn?;So what are you doing?;conjunction;لأنّ / بقى;;;So;;;
68;möchte;would like;Ich möchte ein Bier.;I’d like a beer.;verb;عايز;;;like;;;
69;über;about / over;Wir reden über dich.;We’re talking about you.;prep;عن / فوق;;;about;;;
70;brauchen;to need;Ich brauche Hilfe.;I need help.;verb;محتاج;;brauche;need;;;
71;vielleicht;maybe;Vielleicht komme ich später.;Maybe I’ll come later.;adverb;يمكن;;;Maybe;;;
72;anderen;other (pl./dat./acc.);Ich kenne die anderen nicht.;I don’t know the others.;adjective;ناس تانية / آخرين;;;others;;;
73;nehmen;to take;Ich nehme den Bus.;I take the bus.;verb;ياخد;;nehme;take;;;
74;fall;case ;In diesem Fall hast du recht.;In this case, you're right.;noun;حالة / موقف;m;;case;;;
75;wirklich;really;Das ist wirklich schön.;That is really beautiful.;adverb;بجد;;;really;;;
76;einfach;simply / easy;Das ist einfach.;That’s easy.;adverb;بسيط / سهل;;;easy;;;
77;halt;just / simply;Das ist halt so.;That’s just how it is.;particle;يعني / بقى (كلمة حشو);;;just;;;
78;Frau;woman;Kennst du die Frau?;Do you know the woman?;noun;ست / سِتّ;f;;woman;;;
79;nie;never;Er kommt nie pünktlich.;He never arrives on time.;adverb;عمره ما / ولا مرة;;;never;;;
80;hey;hey;Hey, was geht?;Hey, what’s up?;interjection;هاي / إزيّك;;;Hey;;;
81;hause;home ;Ich bin zu Hause.;I’m at home.;noun;بيت;n;;home;;;
82;bringen;to bring;Bring mir Wasser, bitte.;Bring me water, please.;verb;يجيب / يحضر;;Bring;Bring;;;
83;tag;day;Wie war dein Tag?;How was your day?;noun;يوم;m;;day;;;
84;zeit;time;Ich habe keine Zeit.;I don’t have time.;noun;وقت;f;;time;;;
85;leid;sorrow / sorry;Es tut mir leid.;I’m sorry.;noun;أسف / زعلان;n;;sorry;;;
86;weil;because;Ich bleibe, weil ich müde bin.;I stay because I’m tired.;conjunction;علشان / لأنّ;;;because;;;
87;warte;wait;Warte bitte!;Please wait!;verb;استنى;;;wait;;;
88;verstehe;understand;Ich verstehe dich.;I understand you.;verb;فاهم;;;understand;;;
89;lange;long;Das dauert lange.;That takes a long time.;adverb;كتير / فترة طويلة;;;long;;;
90;fahren;to drive / travel;Ich fahre nach Berlin.;I’m going to Berlin.;verb;يسوق / يركب (مواصلات);;fahre;going;;;
91;reden;to talk;Wir müssen reden.;We need to talk.;verb;يتكلم;;;talk;;;
92;bleiben;to stay;Ich bleibe hier.;I'm staying here.;verb;يفضل / يبقى;;bleibe;staying;;;
93;jeder;everyone;Jeder macht Fehler.;Everyone makes mistakes.;pronoun;كل واحد;;;Everyone;;;
94;nun;now / well;Was machen wir nun?;What do we do now?;adverb;دلوقتي / بقى;;;now;;;
95;schön;beautiful / nice;Das ist sehr schön.;That is very nice.;adjective;جميل;;;nice;;;
96;heute;today;Heute ist ein guter Tag.;Today is a good day.;adverb;النهارده;;;Today;;;
97;sicher;sure / safe;Bist du sicher?;Are you sure?;adjective;أكيد / آمن;;;sure;;;
98;junge;boy;Der Junge wartet draußen.;The boy is waiting outside.;noun;ولد / شاب;m;;boy;;;
99;fragen;to ask;Ich möchte dich etwas fragen.;I want to ask you something.;verb;يسأل;;;ask;;;
4930;Gott;God;Mein Gott, was ist das?;My God, what is that?;noun;ربنا;m;;God;;;
100;weiter;further / continue;Wir reden später weiter.;We'll continue talking later.;adverb;كمل / قدّام;m;;continue;;;
101;jemand;someone;Jemand hat an der Tür geklingelt.;Someone rang the doorbell.;pronoun;حدّ;;;Someone;;;
102;arbeit;work;Ich habe heute viel Arbeit.;I have a lot of work today.;noun;شغل;f;;work;;;
103;damit;using it / so that;Was soll ich damit machen?;What should I do with it?;conjunction;بيه / علشانه (حسب السياق);;;with it;;;
104;kennen;to know (someone);Ich kenne ihn seit Jahren.;I’ve known him for years.;verb;يعرف;;kenne;known;;;
105;Jahre;years;Nach drei Jahren bin ich zurück.;After three years I'm back.;noun;سنين;n;;years;;;
106;bis;until;Ich bleibe bis morgen.;I'll stay until tomorrow.;conjunction;لحد;;;until;;;
107;kleine;small (feminine/plural);Ich nehme lieber die kleine Option.;I'd rather take the small option.;adjective;صغير / صغيرة;;;small;;;
108;erst;only / not until;Ich komme erst später.;I'm coming only later.;adverb;بس / لسه / الأول;;;only;;;
109;zurück;back;Ich komme gleich zurück.;I’ll be right back.;adverb;راجع / رجوع;;;back;;;
110;große;big (feminine/plural);Ich nehme lieber die große Option.;I'd rather take the big option.;adjective;كبير / كبيرة;;;big;;;
111;helfen;to help;Kannst du mir helfen?;Can you help me?;verb;يساعد;;;help;;;
112;na;well / so…;Na, wie geht’s dir?;Well, how are you?;interjection;طب / يعني (كلمة حشو);;;Well;;;
113;sprechen;to speak;Ich spreche ein bisschen Deutsch.;I speak a little German.;verb;يتكلم;;spreche;speak;;;
114;Kinder;children;Die Kinder schlafen schon.;The children are already asleep.;noun;عيال / أطفال;n;;children;;;
115;zwei;two;Ich habe zwei Katzen.;I have two cats.;number;اتنين;;;two;;;
116;hallo;hello;Hallo, wie geht’s?;Hello, how are you?;interjection;هالو / أهلاً;;;Hello;;;
117;alter;dude (informal);Alter, was machst du da?;Dude, what are you doing?;noun;يا راجل! / يا نهار أبيض! ;n;;Dude;;;
118;Leute;people;Viele Leute kennen ihn.;Many people know him.;noun;ناس;f;;people;;;
119;Vater;father;Mein Vater kocht gern.;My father likes cooking.;noun;أبّ / بابا;m;;father;;;
120;Freund;friend (male);Mein Freund wohnt in Berlin.;My friend lives in Berlin.;noun;صاحب / صديق;m;;friend;;;
121;genau;exactly;Ja, genau so!;Yes, exactly like that!;adverb;بالظبط;;;exactly;;;
122;versuchen;to try / attempt;Ich versuche es nochmal.;I'll try it again.;verb;يحاول;;versuche;try;;;
123;morgen;tomorrow;Wir sehen uns morgen.;We’ll see each other tomorrow.;adverb;بكرة;;;tomorrow;;;
124;passiert;happened;Was ist passiert?;What happened?;verb;حصل;;;happened;;;
125;klar;clear / sure;Ja, klar, ich komme mit.;Yeah, sure, I’ll come with you.;adjective;واضح / تمام;;;sure;;;
126;richtig;correct / really;Das ist richtig gut.;That is really good.;adjective;صح;;;really;;;
127;spielen;to play;Wollen wir später spielen?;Do we want to play later?;verb;يلعب;;;play;;;
128;neue;new (fem./plural);Ich brauche neue Schuhe.;I need new shoes.;adjective;جديد / جديدة;;;new;;;
129;darf;may / allowed to;Du darfst hier nicht rauchen.;You’re not allowed to smoke here.;verb;مسموح له / ينفع;;;allowed to;;;
130;ab;from / off;Der Bus fährt ab hier.;The bus leaves from here.;prep;من / ابتداءً من (أكتر معنى مستخدم);;;from;;;
131;gerade;right now / just;Ich esse gerade.;I’m eating right now.;adverb;لسه / حالياً;;;right now;;;
132;durch;through;Wir gehen durch den Park.;We’re walking through the park.;prep;من خلال;;;through;;;
133;Geld;money;Ich habe kein Geld dabei.;I don’t have any money with me.;noun;فلوس;n;;money;;;
134;letzte;last (fem.);Ich nehme lieber die letzte Option.;I'd rather take the last option.;adjective;آخر / أخيرة;;;last;;;
135;töten;to kill;Er will niemanden töten.;He doesn’t want to kill anyone.;verb;يقتل;;;kill;;;
136;gleich;in a moment / same;Ich bin gleich da.;I’ll be there in a moment.;adverb;حالاً / دلوقتي كمان شوية;;;in a moment;;;
137;recht;right / quite;Du hast vollkommen recht.;You are completely right.;noun;حق / عنده حق;n;;right;;;
138;menschen;people / humans;Hier sind immer viele Menschen.;There are always many people here.;noun;ناس / بشر;m;;people;;;
139;sterben;to die;Niemand will jung sterben.;Nobody wants to die young.;verb;يموت;;;die;;;
140;raus;out (informal);Geh bitte raus.;Please go out.;adverb;برا;;;out;;;
141;Mutter;mother;Meine Mutter ruft mich an.;My mother is calling me.;noun;أم / ماما;f;;mother;;;
142;ob;whether / if;Ich weiß nicht, ob er kommt.;I don’t know whether he’s coming.;conjunction;إذا / لو;;;whether;;;
143;paar;a few / couple;Wir sehen uns in ein paar Minuten.;We’ll see each other in a few minutes.;adjective;شوية / كام;;;a few;;;
144;nächste;next (fem.);Nehmen wir die nächste Bahn?;Should we take the next train?;adjective;الجاي / الجاية;;;next;;;
145;Herr;gentleman / Mr.;Guten Tag, Herr Müller.;Good day, Mr. Müller.;noun;أستاذ / سِت (حسب السياق، غالباً “أستاذ”);m;;Mr;;;
146;bekommen;to get / receive;Ich habe eine Nachricht bekommen.;I got a message.;verb;ياخد / يستلم;;;got;;;
147;Namen;names;Ich kann mir keine Namen merken.;I can’t remember names.;noun;أسماء;m;;names;;;
148;wohl;probably / supposedly;Er kommt wohl später.;He will probably come later.;adverb;غالباً / شكله كده;;;probably;;;
149;krieg;war;Niemand will Krieg.;Nobody wants war.;noun;حرب;m;;war;;;
150;scheiße;shit (vulgar);Scheiße, ich habe den Bus verpasst.;Shit, I missed the bus.;noun;زفت / خرا (شتيمة خفيفة);f;;Shit;;;
151;verdammt;damn / damned;Das ist verdammt schwer.;That is damn hard.;adjective;يانهار أسود / اللعنة (حسب الموقف);;;damn;;;
152;suchen;to search / look for;Ich suche meine Schlüssel.;I’m looking for my keys.;verb;يدور على;;suche;looking for;;;
153;erzählt;told / has told;Er hat mir alles erzählt.;He told me everything.;verb;حكَى / قال;;;told;;;
154;nacht;night;In der Nacht ist es sehr ruhig.;At night it is very quiet.;noun;بالليل;f;;night;;;
155;läuft;runs / is running;Der Film läuft schon.;The movie is already running.;verb;شغّال / ماشي;;;running;;;
156;essen;to eat;Wir essen heute Pizza.;We’re eating pizza today.;verb;يأكل / أكل;;;eating;;;
157;selbst;self / even;Mach es selbst!;Do it yourself!;pronoun;بنفسه / بنفسها;;;yourself;;;
158;her;here (towards speaker);Komm her!;Come here!;adverb;هنا (تعال هنا);;;here;;;
159;ohne;without;Ich kann nicht ohne dich.;I can’t live without you.;prep;من غير;;;without;;;
160;schnell;fast;Komm bitte schnell.;Please come quickly.;adjective;بسرعة;;;quickly;;;
161;tot;dead;Mein Handy ist fast tot.;My phone is almost dead.;adjective;ميت;;;dead;;;
162;stimmt;that's right / true;Ja, das stimmt.;Yes, that’s true.;verb;مظبوط;;;that’s;;;
163;holen;to get / fetch;Ich hole Getränke.;I’ll get some drinks.;verb;يجيب;;hole;get;;;
164;gar;at all / really;Ich kenne ihn gar nicht.;I don’t know him at all.;adverb;خالص;;;at all;;;
165;wieso;why (how come);Wieso bist du so müde?;How come you're so tired?;adverb;ليه;;;How come;;;
166;treffen;to meet;Wir treffen uns morgen.;We’ll meet tomorrow.;verb;يقابل;;;meet;;;
167;beide;both;Wir kennen beide den Weg.;We both know the way.;pronoun;الاتنين;;;both;;;
168;dort;there;Ich war dort schon mal.;I have been there before.;adverb;هناك;;;there;;;
169;natürlich;of course / naturally;Natürlich helfe ich dir.;Of course I’ll help you.;adverb;طبعًا;;;Of course;;;
170;stellen;to put / place;Stell das Glas auf den Tisch.;Put the glass on the table.;verb;يحط / يقدّم;;Stell;Put;;;
171;später;later;Wir reden später.;We’ll talk later.;adverb;بعدين / لاحقًا;;;later;;;
172;Sache;thing / matter;Das ist nicht meine Sache.;That’s not my business.;noun;حاجة / موضوع;f;;business;;;
173;niemand;nobody;Niemand weiß es.;Nobody knows.;pronoun;مفيش حد;;;Nobody;;;
174;ordnung;order / okay;Alles ist in Ordnung.;Everything is okay.;noun;نظام / تمام ;f;;okay;;;
175;ruf;call (noun/verb stem);Ich gebe dir später einen Ruf.;I’ll give you a call later.;verb;نادي / اتصل (حسب الجملة);;;call;;;
176;dinge;things;Manche Dinge ändern sich nie.;Some things never change.;noun;حاجات;n;;things;;;
177;liegt;lies / is located;Leipzig liegt in Sachsen.;Leipzig is located in Saxony.;verb;موجود / واقع;;;is located;;;
178;Mädchen;girl;Das Mädchen wartet draußen.;The girl is waiting outside.;noun;بنت;n;;girl;;;
179;vergessen;to forget;Ich habe dein Buch vergessen.;I forgot your book.;verb;ينسى;;;forgot;;;
180;seit;since / for;Ich lebe seit einem Jahr in Deutschland.;I’ve lived in Germany for a year.;prep;من ساعة / من (زمن);;;for;;;
181;welche;which;Welche Jacke gefällt dir?;Which jacket do you like?;pronoun;أيّ / اللي;;;Which;;;
182;ach;oh / ah;Ach, so ist das!;Oh, that’s how it is!;interjection;آخ / آاه (تعبير);;;Oh;;;
183;davon;of that / from that;Ich wusste nichts davon.;I didn’t know about it.;adverb;منه / عنها / من ده (حسب السياق);;;about it;;;
184;zeigen;to show;Zeig mir dein Foto.;Show me your photo.;verb;يوري / يوضح;;Zeig;Show;;;
185;Problem;problem;Wir haben ein großes Problem.;We have a big problem.;noun;مشكلة;n;;problem;;;
186;allein;alone;Ich will allein sein.;I want to be alone.;adverb;لوحده / لوحدها;;;alone;;;
187;verloren;lost;Ich habe meinen Schlüssel verloren.;I lost my key.;verb;ضايع / خسر;;;lost;;;
188;dafür;for that / instead;Ich bin dafür, früher zu gehen.;I’m in favor of leaving earlier.;adverb;علشان كده / مقابل كده;;;favor;;;
189;drei;three;Wir brauchen drei Stühle.;We need three chairs.;number;تلاتة;;;three;;;
190;hin;to / toward;Geh da hin!;Go there!;adverb;هناك / ناحيته;;;there;;;
191;rein;in / inside (informal);Komm rein!;Come in!;adverb;جوّه;;;in;;;
192;schau;look (imperative);Schau mal!;Look!;verb;بصّ;;;Look;;;
193;abend;evening;Heute Abend kochen wir zusammen.;This evening we’re cooking together.;noun;بالليل / المساء;m;;evening;;;
194;sorgen;to worry / care;Mach dir keine Sorgen.;Don’t worry.;verb;يقلق / يهتم;;;worry;;;
195;unter;under;Meine Tasche liegt unter dem Tisch.;My bag is under the table.;prep;تحت;;;under;;;
196;angst;fear / anxiety;Ich habe Angst vor Hunden.;I’m afraid of dogs.;noun;خوف;f;;afraid;;;
197;Welt;world;Die Welt ist gerade ziemlich verrückt.;The world is pretty crazy right now.;noun;العالم;f;;world;;;
198;schaffen;to manage / accomplish;Du schaffst das!;You can do it!;verb;يقدر / ينجز;;schaffst;do;;;
199;fühle;feel (I feel);Ich fühle mich heute gut.;I feel good today.;verb;حاسس / حاسة;;;feel;;;
200;schlafen;to sleep;Ich kann heute schlecht schlafen.;I can sleep badly today.;verb;ينام;;;sleep;;;
201;Musik;music;Ich höre gern Musik.;I like listening to music.;noun;مزيكا;f;;music;;;
202;Hand;hand;Gib mir deine Hand.;Give me your hand.;noun;إيد;f;;hand;;;
203;zusammen;together (physically);Wir arbeiten zusammen.;We work together.;adverb;مع بعض;;;together;;;
204;wahr;TRUE;Das ist nicht wahr.;That’s not true.;adjective;حقيقي;;;true;;;
205;ziehen;to pull;Zieh die Tür zu dir.;Pull the door towards you.;verb;يشدّ / يسحب;;Zieh;Pull;;;
206;Bruder;brother;Mein Bruder lebt in Köln.;My brother lives in Cologne.;noun;أخ / أخويا;m;;brother;;;
207;Moment;moment;Einen Moment, bitte.;One moment, please.;noun;لحظة;m;;moment;;;
208;genug;enough;Das ist genug für heute.;That is enough for today.;adverb;كفاية;;;enough;;;
209;echt;really / genuine;Das ist echt schön.;That’s really nice.;adverb;بجد;;;really;;;
210;setzen;to sit / put;Setz dich bitte.;Please sit down.;verb;يقعد / يحطّ;;Setz;sit;;;
211;Sohn;son;Mein Sohn ist fünf Jahre alt.;My son is five years old.;noun;ابن;m;;son;;;
212;gegen;against;Ich bin gegen die Idee.;I'm against the idea.;prep;ضد;;;against;;;
213;wenig;little / few;Ich habe wenig Zeit.;I have little time.;adjective;قليل;;;little;;;
214;toll;great;Das war wirklich toll.;That was really great.;adjective;جامد / رهيب;;;great;;;
215;einmal;once / one time;Mach es nur einmal.;Do it only once.;adverb;مرة;;;once;;;
216;sonst;otherwise/naturally/apart from;Beeil dich, sonst kommen wir zu spät.;Hurry up, otherwise we will be late.;adverb;غير كده / وإلا;;;otherwise;;;
217;Familie;family;Meine Familie wohnt weit weg.;My family lives far away.;noun;عيلة;f;;family;;;
218;erinnern;to remember;Ich erinnere mich nicht.;I don’t remember.;verb;يفتكر / يفكّره;;erinnere;remember;;;
219;passt;fit / happen;Passt dir morgen?;Does tomorrow work for you?;verb;خلي بالك / انتبه;;passt;work;;;
220;Schatz;darling / treasure;Guten Morgen, Schatz.;Good morning, darling.;noun;حبيبي / حبيبتي;m;;darling;;;
221;nennen;to call / name;Nenn mich einfach Tom.;Just call me Tom.;verb;يسمي;;Nenn;call;;;
222;dabei;with it / while;Ich bin nicht dabei gewesen.;I wasn’t there.;adverb;معاه / في نفس الوقت;;;there;;;
223;sofort;immediately;Komm sofort her!;Come here immediately!;adverb;فورًا / حالًا;;;immediately;;;
224;ende;end;Am Ende war alles gut.;In the end everything was fine.;noun;نهاية;n;;end;;;
225;Augen;eyes;Mach die Augen zu.;Close your eyes.;noun;عيون;n;;eyes;;;
226;bevor;before;Ruf mich an, bevor du gehst.;Call me before you leave.;conjunction;قبل ما;;;before;;;
227;stunden;hours;Ich warte seit zwei Stunden.;I’ve been waiting for two hours.;noun;ساعات;f;;hours;;;
228;Minuten;minutes;Gib mir fünf Minuten.;Give me five minutes.;noun;دقايق;f;;minutes;;;
229;entschuldigen;to apologize;Ich muss mich entschuldigen.;I have to apologize.;verb;يعتذر;;;apologize;;;
230;einzige;only / single (feminine);Das ist die einzige Möglichkeit.;That's the only possibility.;adjective;الوحيدة / الوحيد;;;only;;;
231;schlecht;bad;Mir geht es heute schlecht.;I feel bad today.;adjective;وحش;;;bad;;;
232;fangen;to catch / begin;Wir fangen jetzt an.;We are starting now.;verb;يمسك / يبتدي;;;starting;;;
233;plan;plan;Der Plan funktioniert nicht.;The plan isn’t working.;noun;خطة;m;;plan;;;
234;verschwinden;to disappear;Er ist plötzlich verschwunden.;He suddenly disappeared.;verb;يختفي;;verschwunden;disappeared;;;
235;hoch;high / tall;Das Gebäude ist sehr hoch.;The building is very tall.;adjective;عالي / فوق;;;tall;;;
236;trinken;to drink;Ich trinke gern Kaffee.;I enjoy drinking coffee.;verb;يشرب;;trinke;drinking;;;
237;fertig;finished / done;Ich bin fast fertig.;I’m almost finished.;adjective;خلصان / جاهز;;;finished;;;
238;angerufen;called (past);Ich habe dich angerufen.;I called you.;verb;اتصل;;;called;;;
239;wann;when;Wann kommst du?;When are you coming?;adverb;إمتى;;;When;;;
240;schicken;to send;Kannst du mir das schicken?;Can you send me that?;verb;يبعت;;;send;;;
241;Woche;week;Diese Woche ist stressig.;This week is stressful.;noun;أسبوع;f;;week;;;
242;Hilfe;help;Ich brauche Hilfe!;I need help!;noun;مساعدة;f;;help;;;
243;verrückt;crazy;Das ist eine verrückte Idee.;That’s a crazy idea.;adjective;مجنون;;;crazy;;;
244;früher;earlier / before;Früher war alles einfacher.;Earlier, everything was easier.;adverb;زمان / بدري;;;Earlier;;;
245;darüber;about it;Wir müssen darüber reden.;We need to talk about it.;adverb;عن الموضوع ده / عنه;;;about it;;;
246;Land;country;Deutschland ist ein schönes Land.;Germany is a beautiful country.;noun;بلد;n;;country;;;
247;ne;nah / informal “no”;Ne, das glaube ich nicht.;Nah, I don’t think so.;particle;نِه / كده;;;Nah;;;
248;bereit;ready;Ich bin bereit.;I’m ready.;adjective;جاهز;;;ready;;;
249;daran;at it / about it;Ich denke oft daran.;I think about it often.;adverb;في ده / في الموضوع ده;;;about it;;;
250;wichtig;important;Das ist mir wirklich wichtig.;This is really important to me.;adjective;مهم;;;important;;;
251;teil;part;Ich möchte auch ein Teil davon sein.;I want to be a part of it too.;noun;جزء;m;;part;;;
252;Kopf;head;Mein Kopf tut weh.;My head hurts.;noun;دماغ / راس;m;;head;;;
253;dazu;to it / for that;Was sagst du dazu?;What do you say about that?;adverb;معاه / عليه / لكده (حسب الجملة);;;about that;;;
254;schlagen;to hit;Schlag mich nicht!;Don’t hit me!;verb;يضرب;;Schlag;hit;;;
255;schreiben;to write;Ich schreibe eine E-Mail.;I’m writing an email.;verb;يكتب;;schreibe;writing;;;
256;reicht;is enough;Das reicht für heute.;That’s enough for today.;verb;يكفي ;;;enough;;;
257;verlassen;to leave;Ich verlasse die Stadt morgen.;I’m leaving the city tomorrow.;verb;يسيب / يترك;;verlasse;leaving;;;
258;eigentlich;actually;Was willst du eigentlich?;What do you actually want?;adverb;في الحقيقة / بصراحة;;;actually;;;
259;Stadt;city;Diese Stadt ist wunderschön.;This city is beautiful.;noun;"مدينة / بلد (زي ""البلد"")";f;;city;;;
260;nett;nice;Das ist wirklich nett von dir.;That's really nice of you.;adjective;لطيف;;;nice;;;
261;Grund;reason;Dafür gibt es einen guten Grund.;There is a good reason for that.;noun;سبب;m;;reason;;;
262;kurz;short;Ich habe nur eine kurze Frage.;I just have a short question.;adjective;قصير / بسرعة ;;;short;;;
263;hoffe;hope (I hope);Ich hoffe, es klappt.;I hope it works out.;verb;أتمنى;;;hope;;;
264;Typ;type/kind;Was ist das für ein Typ?;What kind of guy is that?;noun;واحد / زلمة / راجل ;m;;kind;;;
265;Wort;word;Ich kenne dieses Wort nicht.;I don’t know this word.;noun;كلمة;n;;word;;;
267;Auto;car;Mein Auto ist kaputt.;My car is broken.;noun;عربية;n;;car;;;
268;sitzen;to sit;Ich sitze im Zug.;I’m sitting on the train.;verb;يقعد;;sitze;sitting;;;
269;kämpfen;to fight;Wir kämpfen bis zum Ende.;We fight until the end.;verb;يقاتل / يناضل;;;fight;;;
270;bedeutet;means;Was bedeutet das Wort?;What does the word mean?;verb;يعني;;;mean;;;
271;egal;doesn’t matter;Mir ist das egal.;I don’t care.;adjective;مش فارقة;;;care;;;
272;Tür;door;Mach bitte die Tür zu.;Please close the door.;noun;باب;f;;door;;;
273;Kerl;guy;Kennst du den Kerl?;Do you know that guy?;noun;راجل / زلمة (slang for “guy”);m;;guy;;;
274;falsch;wrong;Das ist komplett falsch.;That is completely wrong.;adjective;غلط;;;wrong;;;
275;Uhr;clock / o’clock;Es ist fast neun Uhr.;It’s almost nine o’clock.;noun;ساعة;f;;o’clock;;;
276;anfangen;to start;Wir können jetzt anfangen.;We can start now.;verb;يبدأ;;;start;;;
277;glück;luck;Viel Glück!;Good luck!;noun;حظ / سعادة (حسب السياق);n;;luck;;;
278;lernen;to learn;Ich lerne Deutsch.;I’m learning German.;verb;يتعلّم;;lerne;learning;;;
279;schwer;difficult / heavy;Die Aufgabe ist echt schwer.;The task is really difficult.;adjective;صعب;;;difficult;;;
280;einige;some / several;Einige Leute wissen das.;Some people know that.;pronoun;كام واحد / شوية;;;Some;;;
281;schuld;fault / guilt;Das ist nicht meine Schuld.;That’s not my fault.;noun;ذنب / غلط;f;;fault;;;
282;schlimm;bad / terrible;Das Wetter ist schlimm.;The weather is terrible.;adjective;وحش قوي / سيّئ;;;terrible;;;
283;Waffe;weapon;Er hat keine Waffe.;He has no weapon.;noun;سلاح;f;;weapon;;;
284;retten;to save / rescue;Er hat mich gerettet.;He saved me.;verb;ينقذ;;gerettet;saved;;;
285;tragen;to carry / wear;Sie trägt ein rotes Kleid.;She is wearing a red dress.;verb;يشيل / يلبس;;trägt;wearing;;;
286;bisschen;a bit / a little;Ich brauche ein bisschen Zeit.;I need a little time.;noun;شوية;n;;a little;;;
287;scheint;seems;Es scheint zu regnen.;It seems to be raining.;verb;باين / شكله;;;seems;;;
288;darauf;on it / about it;Darauf habe ich keine Lust.;I don’t feel like it.;adverb;على ده / بخصوص ده;;;feel like it;;;
289;bald;soon;Ich komme bald zurück.;I’ll be back soon.;adverb;قريب;;;soon;;;
290;wünschte;wished;Ich wünschte, ich hätte mehr Zeit.;I wish I had more time.;verb;كنت أتمنى;;;wish;;;
291;kaufen;to buy;Ich muss Brot kaufen.;I need to buy bread.;verb;يشتري;;;buy;;;
292;Tod;death;Der Tod macht mir Angst.;Death scares me.;noun;موت;m;;Death;;;
293;ruhe;rest / quiet;Ruhe bitte!;Quiet please!;noun;هدوء / راحة;f;;Quiet;;;
294;kümmern;to take care of;Ich kümmere mich darum.;I’ll take care of it.;verb;يهتم بـ;;kümmere;take care of;;;
295;runter;down;Komm runter!;Come down!;adverb;لتحت / انزل;;;down;;;
296;voll;full;Der Bus ist heute richtig voll.;The bus is really full today.;adjective;مليان / جداً;;;full;;;
297;Monate;months;Ich war zwei Monate dort.;I was there for two months.;noun;شهور;m;;months;;;
298;ruhig;calm / quiet;Bleib ruhig!;Stay calm!;adjective;هادي;;;calm;;;
299;arm;poor;Er ist ziemlich arm.;He is pretty poor.;adjective;فقير / غلبان;;;poor;;;
300;Polizei;police;Die Polizei ist gerade unterwegs.;The police are on the way right now.;noun;شرطة;f;;police;;;
301;eigenen;own (plural/masc.);Ich habe meine eigenen Pläne.;I have my own plans.;adjective;بتاعي / خاصّي;;;own;;;
302;draußen;outside;Es ist kalt draußen.;It’s cold outside.;adverb;برّا;;;outside;;;
303;Idee;idea;Hast du eine Idee?;Do you have an idea?;noun;فكرة;f;;idea;;;
304;wagen;to dare;Ich wage es nicht, ihn zu fragen.;I don’t dare to ask him.;verb;يجرؤ / يخاطر;;wage;dare;;;
305;hinter;behind;Hinter dem Haus ist ein Garten.;Behind the house there is a garden.;prep;ورا;;;Behind;;;
306;herz;heart;Mein Herz schlägt schnell.;My heart is beating fast.;noun;قلب;n;;heart;;;
307;Geschichte;story / history;Kennst du die Geschichte?;Do you know the story?;noun;قصة / تاريخ;f;;story;;;
308;folgen;to follow;Bitte folge mir.;Please follow me.;verb;يتابع;;folge;follow;;;
309;versprochen;promised;Ich habe es dir versprochen.;I promised you.;verb;وعدت / متوعد;;;promised;;;
310;bestimmt;definitely / certainly;Das klappt bestimmt.;That will definitely work.;adverb;أكيد;;;definitely;;;
311;Teufel;devil;Was zum Teufel machst du?;What the hell are you doing?;noun;شيطان;m;;hell;;;
312;Tochter;daughter;Meine Tochter ist sechs Jahre alt.;My daughter is six years old.;noun;بنت (ابنة);f;;daughter;;;
313;ziemlich;quite / pretty;Das ist ziemlich gut.;That is pretty good.;adverb;جدًا / نوعًا ما (حسب الجملة);;;pretty;;;
314;vorbei;over / past;Das ist jetzt vorbei.;That's over now.;adverb;خلص / عدّى;;;over;;;
315;Schwester;sister;Meine Schwester wohnt in Hamburg.;My sister lives in Hamburg.;noun;أخت;f;;sister;;;
316;hi;hi;Hi, alles gut?;Hi, all good?;interjection;هاي;;;Hi;;;
317;Ahnung;idea / clue;Ich habe keine Ahnung.;I have no idea.;noun;فكرة / علم;f;;idea;;;
318;fast;almost;Ich bin fast fertig.;I’m almost done.;adverb;تقريبًا;;;almost;;;
319;Job;job;Ich habe einen neuen Job.;I got a new job.;noun;شغل;m;;job;;;
320;gerne;gladly / like to;Ich koche gerne.;I like cooking.;adverb;بحب / عادي عندي;;;like;;;
321;dran;next / someone’s turn;Wer ist dran?;Who’s next?;adverb;دورك / عليه الدور;;;next;;;
322;wach;awake;Ich bin noch nicht ganz wach.;I’m not fully awake yet.;adjective;صاحي;;;awake;;;
323;umbringen;to murder;Er wollte mich nicht umbringen.;He didn’t want to kill me.;verb;يقتل;;;kill;;;
324;gewinnen;to win;Wir können das Spiel gewinnen.;We can win the game.;verb;يكسب;;;win;;;
325;sogar;even;Er hat sogar an mich gedacht.;He even thought of me.;adverb;حتى;;;even;;;
326;überhaupt;at all;Hast du überhaupt Zeit?;Do you have time at all?;adverb;أصلاً / أساسًا;;;at all;;;
327;stark;strong;Der Kaffee ist ziemlich stark.;The coffee is pretty strong.;adjective;قوي;;;strong;;;
328;vertrauen;to trust;Ich vertraue dir.;I trust you.;verb;يثق / يِصق;;vertraue;trust;;;
329;Ort;place;Das ist echt ein schöner Ort.;That is really a nice place.;noun;مكان;m;;place;;;
330;drin;inside (coll.);Da ist nichts drin.;There’s nothing inside.;adverb;جوّه;;;inside;;;
331;frei;free;Morgen habe ich frei.;I have the day off tomorrow.;adjective;فاضي / حر;;;off;;;
332;lachen;to laugh;Sie lachen über den Witz.;They’re laughing at the joke.;verb;يضحك;;;laughing;;;
333;darum;that’s why / about that;Darum bin ich spät.;That’s why I’m late.;adverb;علشان كده;;;That’s why;;;
334;heiraten;to marry;Willst du mich heiraten?;Do you want to marry me?;verb;يتجوز;;;marry;;;
335;woher;from where;Woher kommst du?;Where are you from?;adverb;منين;;;Where;;;
336;steckt;is stuck / is in;Der Schlüssel steckt im Schloss.;The key is in the lock.;verb;مخبّي / موجود جوا;;;is in;;;
337;je;ever (in sentence structure/answer);Hast du das je gesehen?;Have you ever seen that?;adverb;أبداً / في أي وقت;;;ever;;;
338;Wasser;water;Ich trinke viel Wasser.;I drink a lot of water.;noun;مية;n;;water;;;
339;hasse;hate (1st person);Ich hasse Regen.;I hate rain.;verb;بكره;;;hate;;;
340;fliegen;to fly;Wir fliegen morgen nach Berlin.;We’re flying to Berlin tomorrow.;verb;يطير / يسافر بالطيران;;;flying;;;
341;laut;loud;Das ist zu laut!;That’s too loud!;adjective;بصوت عالي;;;loud;;;
342;während;during / while;Während des Essens telefoniere ich nicht.;I don’t call during meals.;prep;أثناء;;;during;;;
343;endlich;finally;Wir sind endlich da.;We’re finally there.;adverb;أخيرًا;;;finally;;;
344;erwartet;expected;Ich habe das nicht erwartet.;I didn’t expect that.;verb;متوقع;;;expect;;;
345;oben;above / upstairs;Das Badezimmer ist oben.;The bathroom is upstairs.;adverb;فوق;;;upstairs;;;
346;lügen;to lie;Bitte lüg mich nicht an.;Please don’t lie to me.;verb;يكذب;;lüg;lie;;;
347;laden;to load / store / invite (contextual);Ich lade dich zum Essen ein.;I invite you to dinner.;verb;يشحن / يحمل / ينزل (حسب الجملة);;lade;invite;;;
348;klingt;sounds;Das klingt gut.;That sounds good.;verb;صوته كده / بيطلع صوت زي;;;sounds;;;
349;Traum;dream;Ich hatte einen seltsamen Traum.;I had a strange dream.;noun;حلم;m;;dream;;;
350;niemals;never (stronger);Ich werde das niemals vergessen.;I will never forget that.;adverb;عمره ما / أبداً;;;never;;;
351;schließen;to close / to shut;Bitte schließ die Tür.;Please close the door.;verb;يقفل;;schließ;close;;;
352;glücklich;happy;Ich bin heute richtig glücklich.;I’m really happy today.;adjective;مبسوط;;;happy;;;
353;bezahlen;to pay (for something);Ich bezahle das später.;I’ll pay that later.;verb;يدفع;;bezahle;pay;;;
354;fünf;five;Ich brauche fünf Minuten.;I need five minutes.;number;خمسة;;;five;;;
355;etwa;about / approximately;Es dauert etwa eine Stunde.;It takes about an hour.;adverb;تقريبًا / يعني؟ (للاستفهام);;;about;;;
356;beweise;evidence / proofs;Hast du Beweise?;Do you have proof?;noun;أدلة;m;;proof;;;
357;ernst;serious;Das ist ein ernstes Problem.;That is a serious problem.;adjective;جد / بجدية;;;serious;;;
358;Feuer;fire (the flame itself);Das Feuer brennt noch.;The fire is still burning.;noun;نار;n;;fire;;;
359;miss;miss (as in: to miss sth.);Ich will dich nicht missverstehen.;I don’t want to misunderstand you.;verb;يفوّت / يفشل في ;;;misunderstand;;;
360;chance;chance;Das ist echt deine letzte Chance.;This is really your last chance.;noun;فرصة;f;;chance;;;
361;schießen;to shoot;Er hat in die Luft geschossen.;He shot into the air.;verb;يضرب نار / يطلق;;geschossen;shot;;;
362;Wahrheit;truth;Sag mir die Wahrheit.;Tell me the truth.;noun;الحقيقة;f;;truth;;;
363;anders;different;Heute ist alles anders.;Everything is different today.;adverb;مختلف;;;different;;;
364;gestern;yesterday;Gestern war ein langer Tag.;Yesterday was a long day.;adverb;امبارح;;;Yesterday;;;
365;Blut;blood;Es war viel Blut auf dem Boden.;There was a lot of blood on the floor.;noun;دم;n;;blood;;;
366;vier;four;Wir sind vier Personen.;We are four people.;number;أربعة;;;four;;;
367;verkaufen;to sell;Ich will mein Fahrrad verkaufen.;I want to sell my bike.;verb;يبيع;;;sell;;;
368;möglich;possible;Alles ist möglich.;Everything is possible.;adjective;ممكن;;;possible;;;
369;zimmer;room;Mein Zimmer ist klein.;My room is small.;noun;أوضة / غرفة;n;;room;;;
370;erklären;to explain;Kannst du mir das erklären?;Can you explain that to me?;verb;يشرح;;;explain;;;
371;Gesicht;face;Dein Gesicht kommt mir bekannt vor.;Your face looks familiar.;noun;وشّ;n;;face;;;
372;süß;sweet / cute;Dein Hund ist so süß.;Your dog is so cute.;adjective;كيوت / حلو;;;cute;;;
373;platz;place / spot;Da ist kein Platz mehr.;There’s no space left.;noun;مكان / مساحة;m;;space;;;
374;eben;just / exactly / simply;Ich komme eben aus der Uni.;I just came from uni.;adverb;لسه قايل / فعلاً / تمام (حسب السياق);;;just;;;
375;benutzt;used;Ich habe dein Handy nicht benutzt.;I didn’t use your phone.;verb;مستخدم / استعمل;;;use;;;
376;Freundin;girlfriend / female friend;Meine Freundin wartet draußen.;My girlfriend is waiting outside.;noun;صاحبتك / صاحبتو / بنت صاحبتي (حسب السياق);f;;girlfriend;;;
377;Antwort;answer;Ich habe noch keine Antwort bekommen.;I haven’t received an answer yet.;noun;إجابة / رد;f;;answer;;;
379;deshalb;therefore / that’s why;Es regnet, deshalb bleibe ich zu Hause.;It’s raining, therefore I stay home.;adverb;علشان كده;;;therefore;;;
380;ändern;to change;Ich möchte mein Leben ändern.;I want to change my life.;verb;يغيّر;;;change;;;
381;buch;book;Ich lese ein gutes Buch.;I’m reading a good book.;noun;كتاب;n;;book;;;
382;freut;is happy (3rd person);Es freut mich, dich zu sehen.;I’m happy to see you.;verb;مبسوط / فرحان;;;happy;;;
383;beginnen;to begin;Der Kurs beginnt um 9 Uhr.;The course starts at 9.;verb;يبدأ;;beginnt;starts;;;
384;Bett;bed;Ich gehe jetzt ins Bett.;I’m going to bed now.;noun;سرير;n;;bed;;;
385;schiff;ship;Das Schiff fährt morgen ab.;The ship leaves tomorrow.;noun;مركب;n;;ship;;;
386;spaß;fun;Das macht echt Spaß.;That’s really fun.;noun;متعة / هزار;m;;fun;;;
387;zwischen;between;Zwischen uns ist nichts passiert.;Nothing happened between us.;prep;بين;;;between;;;
388;schreit;screams / is screaming;Das Baby schreit die ganze Nacht.;The baby screams all night.;verb;بيصوّت / بيزعّق;;;screams;;;
389;fest;firm / solid / fixed;Halt das fest!;Hold that tight!;adjective;جامد / ثابت;;;tight;;;
390;Hund;dog;Mein Hund schläft.;My dog is sleeping.;noun;كلب;m;;dog;;;
391;entschuldigung;apology;Entschuldigung, ich bin spät.;Sorry, I’m late.;noun;آسف / معلش;f;;Sorry;;;
392;oft;often;Ich gehe oft joggen.;I often go jogging.;adverb;كتير;;;often;;;
393;manchmal;sometimes;Manchmal brauche ich Ruhe.;Sometimes I need quiet.;adverb;ساعات;;;Sometimes;;;
394;solche;such;Ich mag solche Filme.;I like such movies.;adjective;زي دي / زي كده;;;such;;;
395;wiedersehen;to see again / goodbye;Bis bald! Auf Wiedersehen!;See you soon! Goodbye!;verb;أشوفك تاني;;;Goodbye;;;
396;wein;wine;Ich trinke keinen Wein.;I don’t drink wine.;noun;نبيذ / خمر;m;;wine;;;
397;aufhören;to stop (doing);Kannst du bitte aufhören?;Can you please stop?;verb;يوقف / يبطل;;;stop;;;
398;verdient;deserved / earned;Das hast du verdient.;You deserved that.;verb;يستاهل / كسب;;;deserved;;;
399;wohnen;to live (reside);Ich wohne in Leipzig.;I live in Leipzig.;verb;يعيش / يسكن;;wohne;live;;;
400;Bild;picture;Das ist echt ein schönes Bild.;That is really a beautiful picture.;noun;صورة;n;;picture;;;
401;äh;uh / um (filler);Äh, ich weiß nicht…;Uh, I don’t know…;interjection;إممم / يعني…;;;Uh;;;
402;versteckt;hidden;Das Geld ist gut versteckt.;The money is well hidden.;verb;مخبي / مستخبي;;;hidden;;;
403;Gefühl;feeling;Ich habe ein komisches Gefühl.;I have a strange feeling.;noun;إحساس;n;;feeling;;;
404;Nachricht;message / news;Ich habe eine Nachricht bekommen.;I got a message.;noun;رسالة / ميسج;f;;message;;;
405;schule;school;Die Schule beginnt um acht.;School starts at eight.;noun;مدرسة;f;;School;;;
406;unten;down / below;Dein Schlüssel liegt unten.;Your key is downstairs.;adverb;تحت;;;downstairs;;;
407;funktioniert;works / is working;Mein Handy funktioniert wieder.;My phone is working again.;verb;شغّال;;;is working;;;
408;Papa;dad;Mein Papa ruft mich an.;My dad is calling me.;noun;بابا;m;;dad;;;
409;bloß;just / only (warning);Sag mir bloß die Wahrheit.;Just tell me the truth.;adverb;بس / فقط;;;Just;;;
411;geschehen;to happen (serious);Was ist hier geschehen?;What happened here?;verb;يحصل;;;happened;;;
412;Arsch;ass (vulgar);Beweg deinen Arsch!;Move your ass!;noun;مؤخرة / ابن كذا (شتيمة خفيفة);m;;ass;;;
413;hart;hard;Das Leben ist manchmal hart.;Life is sometimes hard.;adjective;جامد / صعب;;;hard;;;
414;dauert;takes (time);Es dauert nur fünf Minuten.;It only takes five minutes.;verb;;;;takes;;;
415;böse;angry / evil;Bist du böse auf mich?;Are you mad at me?;adjective;زعلان / غضبان;;;mad;;;
416;werfen;to throw;Wirf den Ball!;Throw the ball!;verb;يرمي;;Wirf;Throw;;;
417;dumm;dumb / stupid;Das war eine dumme Idee.;That was a stupid idea.;adjective;غبي;;;stupid;;;
418;ehrlich;honest;Sei ehrlich mit mir.;Be honest with me.;adjective;بصراحة / بجد;;;honest;;;
419;zeug;stuff;Ich muss mein Zeug packen.;I need to pack my stuff.;noun;حاجات;n;;stuff;;;
420;brechen;to break;Er hat sich den Arm gebrochen.;He broke his arm.;verb;يكسر;;gebrochen;broke;;;
422;aussehen;to look / to appear;Du siehst müde aus.;You look tired.;verb;شكله / يبان;;siehst;look;;;
423;zahlen;to pay (the act itself);Wer zahlt heute?;Who’s paying today?;verb;يدفع;;zahlt;paying;;;
424;langsam;slow / slowly;Fahr bitte langsam.;Please drive slowly.;adverb;ببطء / بالراحة;;;slowly;;;
425;dasselbe;the same;Wir haben dasselbe gedacht.;We thought the same thing.;pronoun;نفس الحاجة;;;the same;;;
426;Nummer;number;Wie ist deine Nummer?;What’s your number?;noun;رقم;f;;number;;;
427;wohin;where to;Wohin gehst du?;Where are you going (to)?;adverb;رايح فين / لفين;;;Where;;;
428;leicht;easy / light;Das ist leicht zu lernen.;That is easy to learn.;adjective;خفيف / سهل;;;easy;;;
429;verbrechen;crime;Das ist echt ein ernstes Verbrechen.;That is really a serious crime.;noun;جريمة;n;;crime;;;
430;entscheiden;to decide;Ich kann mich nicht entscheiden.;I can’t decide.;verb;يقرّر;;;decide;;;
431;besuch;visit;Ich bekomme morgen Besuch.;I’m getting visitors tomorrow.;noun;زيارة;m;;visitors;;;
432;Eltern;parents;Meine Eltern wohnen weit weg.;My parents live far away.;noun;أهلي / الوالدين;f;;parents;;;
433;singen;to sing;Sie singt echt schön.;She sings really beautifully.;verb;يغني;;singt;sings;;;
434;bewegen;to move;Ich kann meinen Arm nicht bewegen.;I can’t move my arm.;verb;يتحرك;;;move;;;
435;menge;a lot / amount;Es war eine große Menge Leute da.;A large amount of people were there.;noun;كمية / عدد كبير;f;;amount;;;
436;öffnen;to open (polite/signs);Kannst du die Tür öffnen?;Can you open the door?;verb;يفتح;;;open;;;
437;König;king;Der König regiert das Land.;The king rules the country.;noun;ملك;m;;king;;;
439;wahrscheinlich;probably;Es wird wahrscheinlich regnen.;It will probably rain.;adverb;غالبًا;;;probably;;;
440;irgendwie;somehow;Ich finde irgendwie eine Lösung.;I’ll find a solution somehow.;adverb;بأي طريقة / كده أيًا كان;;;somehow;;;
441;drehen;to  rotate/turn;Dreh dich um!;Turn around!;verb;يلف;;Dreh;Turn;;;
442;krank;sick;Ich bin heute krank.;I’m sick today.;adjective;مريض / تعبان;;;sick;;;
443;Befehl;order / command;Ich befolge deinen Befehl.;I follow your command.;noun;أمر;m;;command;;;
444;interessiert;interested;Ich bin daran interessiert.;I’m interested in that.;adjective;مهتم;;;interested;;;
445;Telefon;telephone / phone;Das Telefon klingelt.;The phone is ringing.;noun;تليفون;n;;phone;;;
446;hübsch;pretty;Das sieht hübsch aus.;That looks pretty.;adjective;حلو / جميل;;;pretty;;;
447;tanzen;to dance;Lass uns tanzen!;Let’s dance!;verb;يرقص;;;dance;;;
448;hierher;(to) here;Komm bitte hierher.;Please come here.;adverb;لهنا / إلى هنا;;;here;;;
449;irgendwas;anything;Hast du irgendwas gehört?;Did you hear anything at all?;pronoun;أي حاجة;;;anything;;;
450;zuerst;first / at first;Zuerst essen wir, dann gehen wir.;First we eat, then we go.;adverb;أول حاجة / في الأول;;;First;;;
451;verletzt;injured / hurt;Bist du verletzt?;Are you hurt?;adjective;مجروح / متأذي;;;hurt;;;
452;bereits;already (formal);Ich habe das bereits gemacht.;I already did that.;adverb;بالفعل / فعلاً;;;already;;;
453;gestohlen;stolen;Mein Fahrrad wurde gestohlen.;My bike was stolen.;verb;مسروق;;;stolen;;;
454;opfer;victim;Das Opfer war echt ganz allein.;The victim was really completely alone.;noun;ضحية;n;;victim;;;
455;Hölle;hell;Was zur Hölle machst du?;What the hell are you doing?;noun;جهنّم / نار;f;;hell;;;
456;Arzt;doctor;Der Arzt kommt gleich.;The doctor will come soon.;noun;دكتور;m;;doctor;;;
457;Straße;street;Die Straße ist echt gesperrt.;The street is really blocked.;noun;شارع;f;;street;;;
458;erledigt;done;Das ist schon erledigt.;That's already done.;adjective;خلّص / منتهى;;;done;;;
459;direkt;directly / straight;Geh direkt nach Hause.;Go straight home.;adverb;على طول / مباشرة;;;straight;;;
461;froh;glad / happy;Ich bin froh, dass du da bist.;I’m glad you’re here.;adjective;مبسوط;;;glad;;;
462;großartig;great / awesome (formal/serious);Das war eine großartige Idee.;That was a great idea.;adjective;رهيب / هايل;;;great;;;
463;steig;get in / get on (imperative, coll.);Steig ein!;Get in!;verb;اطلع / غيّر;;;Get in;;;
464;sondern;but rather;Nicht heute, sondern morgen.;Not today, but tomorrow.;conjunction;لكن / بل;;;but;;;
465;Fehler;mistake / error;Ich habe einen Fehler gemacht.;I made a mistake.;noun;غلطة;m;;mistake;;;
466;hängt;hangs / depends;Es hängt von dir ab.;It depends on you.;verb;معلّق / معتمد على;;;depends;;;
467;schwarze;black (fem./plural);Ich nehme lieber die schwarze Option.;I'd rather take the black option.;adjective;أسود;;;black;;;
468;erfahren;to learn (news) / to experience;Ich habe die Wahrheit erfahren.;I found out the truth.;verb;يعرف / يتعلم خبرة;;;found out;;;
469;willkommen;welcome;Willkommen in Deutschland!;Welcome to Germany!;adjective;أهلاً / مرحبًا;;;Welcome;;;
470;besorgt;worried;Ich bin ein bisschen besorgt.;I’m a bit worried.;adjective;قلقان;;;worried;;;
471;vorstellen;to imagine / introduce;Kannst du dir das vorstellen?;Can you imagine that?;verb;يقدّم / يتخيل;;;imagine;;;
472;kaum;hardly / barely;Ich habe kaum geschlafen.;I barely slept.;adverb;بالكاد / بالعافية;;;barely;;;
473;Millionen;millions;Der Film hat Millionen verdient.;The movie earned millions.;noun;ملايين;f;;millions;;;
474;klappe;mouth (slang) / flap;Halt die Klappe!;Shut your mouth!;noun;اسكت / اقفل بؤك (slang);f;;mouth;;;
475;erkennen;to recognize;Ich habe ihn sofort erkannt.;I recognized him immediately.;verb;يلاحظ / يتعرف على;;erkannt;recognized;;;
476;Sekunden;seconds;Es dauert nur ein paar Sekunden.;It only takes a few seconds.;noun;ثواني;f;;seconds;;;
477;sechs;six;Ich arbeite seit sechs Jahren hier.;I’ve worked here for six years.;number;ستة;;;six;;;
478;Kumpel;buddy / friend;Mein Kumpel hilft mir beim Umzug.;My buddy is helping me move.;noun;صاحبي / صاحبه (صحاب رجالة);m;;buddy;;;
479;stück;piece;Ich möchte ein Stück Kuchen.;I want a piece of cake.;noun;قطعة / حتّة;n;;piece;;;
480;Geschäft;store / business;Das Geschäft macht um neun auf.;The store opens at nine.;noun;محل / شغل / بزنس (حسب السياق);n;;store;;;
481;Mord;murder;Der Mord wurde noch nicht aufgeklärt.;The murder hasn’t been solved yet.;noun;جريمة قتل;m;;murder;;;
482;zehn;ten;Wir treffen uns um zehn.;We meet at ten.;number;عشرة;;;ten;;;
483;Büro;office;Ich bin im Büro, bis ich fertig bin.;I’m in the office until I’m done.;noun;مكتب;n;;office;;;
484;wert;worth;Das ist es nicht wert.;It’s not worth it.;adjective;له قيمة;;;worth;;;
485;acht;eight;Das Konzert beginnt um acht.;The concert starts at eight.;number;تمانية;;;eight;;;
486;Idiot;idiot;Du benimmst dich wie ein Idiot.;You’re acting like an idiot.;noun;أهبل / غبي;m;;idiot;;;
487;Aufgabe;task / assignment;Die Aufgabe ist echt ziemlich schwer.;The task is really quite hard.;noun;مهمة;f;;task;;;
488;himmel;sky / heaven;Der Himmel ist heute blau.;The sky is blue today.;noun;سما;m;;sky;;;
489;ehre;honor;Es ist mir eine Ehre.;It’s an honor for me.;noun;شرف;f;;honor;;;
490;fehlt;is missing;Es fehlt ein Stück.;A piece is missing.;verb;ناقص / مش موجود;;;is missing;;;
491;bauen;to build;Wir bauen ein neues Haus.;We’re building a new house.;verb;يبني;;;building;;;
492;vermisst;missing;Die Person wird seit gestern vermisst.;The person has been missing since yesterday.;adjective;مفقود / مفتقده;;;missing;;;
493;halb;half;Es ist halb neun.;It’s half past eight.;adjective;نص;;;half;;;
494;zweite;second;Ich nehme lieber die zweite Option.;I'd rather take the second option.;adjective;التاني / الثانية;;;second;;;
495;überall;everywhere;Ich habe überall gesucht.;I looked everywhere.;adverb;في كل مكان;;;everywhere;;;
496;ansehen;to look at / watch (formal/written);Lass uns den Film ansehen.;Let’s watch the movie.;verb;يبصّ / يشوف;;;watch;;;
497;küssen;to kiss;Er hat sie geküsst.;He kissed her.;verb;يبوس;;geküsst;kissed;;;
498;licht;light;Mach das Licht an.;Turn on the light.;noun;نور;n;;light;;;
499;perfekt;perfect;Das ist die perfekte Lösung.;That’s the perfect solution.;adjective;perfect / كامل / مظبوط;;;perfect;;;
500;völlig;completely;Ich bin völlig fertig.;I’m completely exhausted.;adverb;تمامًا / بالكامل;;;completely;;;
501;zerstört;destroyed;Das Haus wurde zerstört.;The house was destroyed.;adjective;مدمّر / مخرّب;;;destroyed;;;
502;herausfinden;to find out (formal);Ich muss herausfinden, was passiert ist.;I need to find out what happened.;verb;يكتشف / يعرف;;;find out;;;
503;trotzdem;nevertheless / anyway;Es regnet, aber ich gehe trotzdem raus.;It’s raining, but I’m going out anyway.;adverb;رغم كده / مع ذلك;;;anyway;;;
504;still;quiet / still;Sei bitte still.;Please be quiet.;adjective;ساكت / هادي;;;quiet;;;
506;erde;Earth / ground;Die Erde ist echt nass.;The ground is really wet.;noun;أرض;f;;ground;;;
507;bieten;to offer;Er bietet mir seine Hilfe an.;He offers me his help.;verb;يقدّم / يعرِض;;bietet;offers;;;
508;schwierig;difficult;Deutsch ist manchmal schwierig.;German is sometimes difficult.;adjective;صعب;;;difficult;;;
509;weh;pain / hurt;Mein Kopf tut weh.;My head hurts.;noun;واجع / بيوجع;n;;hurts;;;
510;schade;pity / too bad;Schade, dass du nicht kommen kannst.;Too bad you can’t come.;adjective;يا خسارة / للأسف;;;Too bad;;;
511;person;person;Eine Person wartet draußen.;A person is waiting outside.;noun;شخص;f;;person;;;
512;Luft;air;Die Luft hier ist echt frisch.;The air here is really fresh.;noun;هوا;f;;air;;;
513;angriff;attack;Der Angriff begann in der Nacht.;The attack started during the night.;noun;هجوم;m;;attack;;;
514;behalten;to keep;Kann ich das behalten?;Can I keep this?;verb;يحتفظ بـ;;;keep;;;
515;cool;cool;Das ist echt cool.;That’s really cool.;adjective;جامد / كول;;;cool;;;
516;druck;pressure;Ich stehe unter Druck.;I’m under pressure.;noun;ضغط;m;;pressure;;;
517;Foto;photo;Ich mache ein Foto.;I’m taking a photo.;noun;صورة;n;;photo;;;
518;tief;deep;Das Wasser ist hier sehr tief.;The water is very deep.;adjective;عميق / غويط;;;deep;;;
519;wunder;miracle / wonder;Es ist ein Wunder, dass er lebt.;It's a miracle he’s alive.;noun;معجزة / عجب;n;;miracle;;;
520;normal;normal;Das ist völlig normal.;That’s completely normal.;adjective;عادي;;;normal;;;
521;schwöre;I swear;Ich schwöre, ich sage die Wahrheit.;I swear I’m telling the truth.;verb;أقسم لك / والله;;;I swear;;;
522;spannende;exciting;Das ist eine spannende Geschichte.;That’s an exciting story.;adjective;مشوّق / مثير;;;exciting;;;
523;schrecklich;terrible / horrible;Das Wetter ist schrecklich.;The weather is terrible.;adjective;فظيع / مرعب;;;terrible;;;
524;deswegen;because of that / that’s why;Ich bin müde, deswegen gehe ich früh ins Bett.;I’m tired, that’s why I’m going to bed early.;adverb;علشان كده;;;that’s why;;;
525;danach;after that / then;Wir essen und danach gehen wir spazieren.;We eat and after that we go for a walk.;adverb;بعد كده;;;after that;;;
526;sinn;sense / meaning;Das ergibt keinen Sinn.;That makes no sense.;noun;معنى / فايدة;m;;sense;;;
527;lustig;cheerful /funny / fun;Der Film war echt lustig.;The movie was really funny.;adjective;مضحك;;;funny;;;
528;erschossen;shot dead;Der Mann wurde gerade erschossen.;The man was shot just now.;verb;متضروب بالنار / مقتول;;;shot;;;
529;fuß;foot;Mein Fuß tut weh.;My foot hurts.;noun;رجل / قدم;m;;foot;;;
530;melden;to report;Bitte melde dich, wenn du ankommst.;Please contact me when you arrive.;verb;يبلّغ / يتواصل;;melde;contact;;;
531;fassen;to grasp / to catch;Ich kann es nicht fassen!;I can’t believe it!;verb;يمسك / يستوعب;;;believe;;;
532;regeln;rules;Wir müssen die Regeln befolgen.;We have to follow the rules.;noun;ينظّم / يقنّن;f;;rules;;;
533;ziel;goal / target;Mein Ziel ist es, besser Deutsch zu sprechen.;My goal is to speak German better.;noun;هدف;n;;goal;;;
534;stören;to disturb;Bitte stör mich nicht.;Please don’t disturb me.;verb;يزعج;;stör;disturb;;;
535;Körper;body;Der ganze Körper tut weh.;My whole body hurts.;noun;جسم;m;;body;;;
536;treten;to kick / step;Tritt nicht dagegen!;Don’t kick it!;verb;يركل / يدوس;;Tritt;kick;;;
537;überleben;to survive;Wir müssen das überleben.;We have to survive this.;verb;ينجو;;;survive;;;
538;Kaffee;coffee;Ich brauche morgens Kaffee.;I need coffee in the morning.;noun;قهوة;m;;coffee;;;
539;gefährlich;dangerous;Das ist zu gefährlich.;That’s too dangerous.;adjective;خطير;;;dangerous;;;
540;erreichen;to reach;Ich kann ihn nicht erreichen.;I can’t reach him.;verb;يوصل لـ / يحقق;;;reach;;;
541;wow;wow;Wow, das ist unglaublich!;Wow, that’s unbelievable!;interjection;واو;;;Wow;;;
542;beruhigen;to calm down;Beruhig dich bitte.;Please calm down.;verb;يهدّي;;Beruhig;calm down;;;
543;Wind;wind;Der Wind ist heute stark.;The wind is strong today.;noun;هوا / ريح;m;;wind;;;
544;links;left;Bieg links ab.;Turn left.;adverb;شمال;;;left;;;
545;raum;room / space;In diesem Raum ist es warm.;It’s warm in this room.;noun;أوضة / مساحة;m;;room;;;
546;übernehmen;to take over;Ich übernehme die Verantwortung.;I take responsibility.;verb;يتولى / يستلم;;übernehme;take;;;
547;guck;look (informal);Guck mal!;Look!;verb;بصّ;;;Look;;;
548;blöd;silly / stupid;Das ist eine blöde Idee.;That’s a silly idea.;adjective;غبي / بايخ;;;silly;;;
549;Party;party;Die Party war echt super.;The party was really great.;noun;حفلة;f;;party;;;
550;Onkel;uncle;Mein Onkel lebt in München.;My uncle lives in Munich.;noun;خال / عمّ;m;;uncle;;;
551;selber;oneself / self;Ich mache das lieber selber.;I prefer to do it myself.;pronoun;بنفسه / بنفسها;;;myself;;;
552;nochmal;again / once more;Sag das bitte nochmal.;Please say that again.;adverb;كمان مرة;;;again;;;
553;nachdem;after (subordinating conjunction.);Nachdem ich gegessen habe, gehe ich raus.;After I eat, I go out.;conjunction;بعد ما;;;After;;;
554;Rest;rest / remainder;Den Rest machen wir morgen.;We’ll do the rest tomorrow.;noun;الباقي;m;;rest;;;
555;wahl;choice;Du hast keine andere Wahl.;You have no other choice.;noun;اختيار / انتخابات;f;;choice;;;
556;komisch;strange / funny;Das ist irgendwie komisch.;That’s kind of strange.;adjective;غريب;;;strange;;;
557;Leiche;corpse / dead body;Sie haben wirklich eine Leiche gefunden.;They really found a dead body.;noun;جثة;f;;dead body;;;
558;kostet;costs;Wie viel kostet das?;How much does that cost?;verb;تكلف;;;cost;;;
559;Witz;joke (tellable joke);Das war echt ein guter Witz.;That was really a good joke.;noun;نكتة;m;;joke;;;
561;drüben;over there;Das ist da drüben.;That’s over there.;adverb;هناك / الناحية التانية;;;over there;;;
562;rot;red;Deine Jacke ist rot.;Your jacket is red.;adjective;أحمر;;;red;;;
563;persönlich;personal(ly);Das ist nichts Persönliches.;It’s nothing personal.;adjective;شخصيًا;;;personal;;;
564;deutsche;German (adj.);Mein deutscher Kurs ist schwer.;My German course is difficult.;adjective;ألماني;;;German;;;
565;weise;way / manner;Auf diese Weise klappt es besser.;This way it works better.;noun;طريقة;f;;way;;;
566;irgendwo;somewhere;Ich habe meinen Schlüssel irgendwo verloren.;I lost my key somewhere.;adverb;في أي مكان;;;somewhere;;;
567;haare;hair;Deine Haare sehen gut aus.;Your hair looks good.;noun;شعر;n;;hair;;;
568;Beine;legs;Meine Beine tun weh.;My legs hurt.;noun;رجلين / سيقان;n;;legs;;;
569;Pferd;horse;Das Pferd läuft schnell.;The horse runs fast.;noun;حصان;n;;horse;;;
570;tja;well…;Tja, so ist das Leben.;Well… that’s life.;interjection;يعني… / ما هو…;;;Well;;;
571;genauso;exactly the same / just like;Er sieht genauso aus wie sein Vater.;He looks just like his father.;adverb;بالظبط كده / نفس الشيء;;;just like;;;
572;wunderbar;wonderful;Das Essen war wunderbar.;The food was wonderful.;adjective;رائع;;;wonderful;;;
573;Schlüssel;key;Ich finde meinen Schlüssel nicht.;I can’t find my key.;noun;مفتاح;m;;key;;;
574;Krankenhaus;hospital;Er liegt im Krankenhaus.;He’s in the hospital.;noun;مستشفى;n;;hospital;;;
575;vorsichtig;careful;Sei bitte vorsichtig!;Please be careful!;adjective;خلي بالك / بحذر;;;careful;;;
576;damals;back then / at that time;Damals war alles anders.;Back then everything was different.;adverb;زمان / في الوقت ده;;;Back then;;;
577;zwar;indeed / although;Es ist zwar schwer, aber möglich.;It is indeed hard, but possible.;adverb;صحيح… بس / فعلاً… لكن;;;indeed;;;
578;verzeihen;to forgive;Kannst du mir verzeihen?;Can you forgive me?;verb;يسامح;;;forgive;;;
579;beeil;hurry (imperative, informal);Beeil dich!;Hurry up!;verb;استعجل;;;Hurry;;;
580;Gefängnis;prison;Er sitzt im Gefängnis.;He is in prison.;noun;سجن;n;;prison;;;
581;unglaublich;unbelievable;Das ist unglaublich!;That’s unbelievable!;adjective;مش معقول / رهيب;;;unbelievable;;;
582;ärger;trouble / anger;Ich will keinen Ärger machen.;I don't want to cause trouble.;noun;مشكلة / غضب;m;;trouble;;;
583;kraft;strength / power;Ich habe nicht genug Kraft dafür.;I don’t have enough strength for that.;noun;قوة;f;;strength;;;
584;seltsam;odd / strange;Das fühlt sich seltsam an.;That feels strange.;adjective;غريب;;;strange;;;
585;Wohnung;apartment;Ich suche eine neue Wohnung.;I’m looking for a new apartment.;noun;شقة;f;;apartment;;;
586;heilige;holy (adj.) / saint;Heilige Mutter!;Holy mother!;adjective;مقدّس;;;Holy;;;
587;kalt;cold;Mir ist kalt.;I’m cold.;adjective;برد / بارد;;;cold;;;
588;stolz;proud;Ich bin stolz auf dich.;I’m proud of you.;adjective;فخور;;;proud;;;
590;Arschloch;asshole (vulgar);Er ist echt ein Arschloch.;He’s an asshole.;noun;ابن كلب / وغد (شتيمة);n;;asshole;;;
591;Zukunft;the future;Ich denke oft an die Zukunft.;I often think about the future.;noun;المستقبل;f;;the future;;;
592;Geist;ghost / spirit;Ich habe einen Geist gesehen.;I saw a ghost.;noun;روح / شبح;m;;ghost;;;
593;irgendeine;some / any (feminine);Hast du irgendeine Idee?;Do you have any idea?;pronoun;أيّ واحدة / أيّ حاجة;;;any;;;
594;nachgedacht;thought about;Ich habe darüber nachgedacht.;I thought about it.;verb;فكرت / رجّعت دماغي;;;thought about;;;
595;bekannt;known / familiar;Die Stadt ist mir bekannt.;The city is familiar to me.;adjective;معروف;;;familiar;;;
596;merken;to notice / to remember;Ich habe es nicht gemerkt.;I didn’t notice it.;verb;ياخد باله / يلاحظ;;gemerkt;notice;;;
597;rolle;role;Welche Rolle spielst du?;Which role are you playing?;noun;دور;f;;role;;;
598;Mund;mouth;Halt deinen Mund!;Shut your mouth!;noun;بُقّ;m;;mouth;;;
599;Entscheidung;decision;Das war echt eine schwere Entscheidung.;That was really a difficult decision.;noun;قرار;f;;decision;;;
600;Gedanken;thoughts;Meine Gedanken sind überall.;My thoughts are everywhere.;noun;أفكار;m;;thoughts;;;
601;außerdem;besides / in addition;Außerdem habe ich keine Zeit.;Besides, I have no time.;adverb;كمان / بالإضافة;;;Besides;;;
602;offen;open;Die Tür ist noch offen.;The door is still open.;adjective;مفتوح;;;open;;;
603;wovon;of what / about what;Wovon redest du?;What are you talking about?;adverb;عن إيه / منين جاي؟;;;What;;;
604;fürchte;fear (I fear);Ich fürchte, er hat recht.;I fear he is right.;verb;بخاف;;;fear;;;
605;nähe;near / proximity;Ich wohne in der Nähe.;I live nearby.;noun;قرب / جنب;f;;nearby;;;
606;karte;card / map;Hast du eine Karte?;Do you have a map?;noun;كرت / بطاقة;f;;map;;;
607;Boden;floor / ground;Der Boden ist echt schmutzig.;The floor is really dirty.;noun;أرض;m;;floor;;;
608;Mörder;murderer;Der Mörder wurde gerade gefasst.;The murderer was caught just now.;noun;قاتل;m;;murderer;;;
609;sobald;as soon as;Ruf mich an, sobald du fertig bist.;Call me as soon as you’re done.;conjunction;أول ما;;;as soon as;;;
610;schmerz;pain;Ich habe starken Schmerz.;I have strong pain.;noun;ألم;m;;pain;;;
611;Mist;crap / damn;Mist! Ich habe es vergessen.;Damn! I forgot it.;noun;زفت / خرا;m;;Damn;;;
613;super;great / super;Das war super!;That was great!;adjective;جامد / ممتاز;;;great;;;
614;irre;insane;Das ist total irre!;That’s completely crazy!;adjective;مجنون;;;crazy;;;
615;klasse;cool / great (casual);Dein Deutsch ist klasse!;Your German is great!;adjective;هايل / ممتاز;;;great;;;
616;Schluss;end / finish;Schluss jetzt!;Enough now!;noun;نهاية / خلّص;m;;Enough;;;
617;Angebot;offer;Das ist echt ein gutes Angebot.;That's really a good offer.;noun;عرض;n;;offer;;;
618;beschützen;to protect / defend (somone);Ich werde dich beschützen.;I will protect you.;verb;يحمي;;;protect;;;
619;bericht;report;Der Bericht ist echt fertig.;The report is really finished.;noun;تقرير;m;;report;;;
620;stopp;stop;Stopp! Nicht weitergehen!;Stop! Don’t go further!;interjection;ستوب / وقف;;;Stop;;;
621;interessant;interesting;Das ist sehr interessant.;That is very interesting.;adjective;مهم / مثير للاهتمام;;;interesting;;;
622;solange;as long as;Du kannst bleiben, solange du willst.;You can stay as long as you want.;conjunction;طالما;;;as long as;;;
624;entfernt;far away / removed;Das ist nicht weit entfernt.;That’s not far away.;adjective;بعيد;;;far away;;;
625;Sicherheit;safety / security;Sicherheit ist sehr wichtig.;Safety is very important.;noun;أمان / سلامة;f;;Safety;;;
626;Gäste;guests;Die Gäste sind echt angekommen.;The guests really have arrived.;noun;ضيوف;m;;guests;;;
627;eher;rather / sooner;Ich würde eher schlafen gehen.;I would rather go to sleep.;adverb;بالأحرى / أكتر;;;rather;;;
628;verändert;changed;Alles hat sich verändert.;Everything has changed.;adjective;اتغيّر / اتبدّل;;;changed;;;
629;erwischt;caught;Sie hat ihn erwischt.;She caught him.;verb;اتلقط / اتقبض عليه / اتكشف;;;caught;;;
630;jemals;ever (standalone/question);Hast du das jemals gesehen?;Have you ever seen that?;adverb;في أي وقت / أبداً;;;ever;;;
631;besonders;especially;Das ist besonders wichtig.;That is especially important.;adverb;خصوصًا / بشكل خاص;;;especially;;;
632;Brief;letter;Ich habe einen Brief bekommen.;I received a letter.;noun;جواب / رسالة ورق;m;;letter;;;
633;verlangt;demanded / required;Die Arbeit verlangt Geduld.;The job requires patience.;verb;طالب / طلب;;;requires;;;
634;aufgenommen;recorded / accepted;Das wurde gestern aufgenommen.;That was recorded yesterday.;verb;اتسجّل / اتصوّر / اتقبل (حسب السياق);;;recorded;;;
635;Agent;agent;Der Agent ist echt verschwunden.;The agent really disappeared.;noun;عميل / جاسوس;m;;agent;;;
636;wenigstens;at least (emotional / nothing worse happened);Wenigstens hast du es versucht.;At least you tried.;adverb;على الأقل;;;At least;;;
637;wette;bet;Ich wette, du kannst das nicht.;I bet you can’t do that.;noun;أراهن;f;;bet;;;
638;absolut;totally /absolutely;Das ist absolut richtig.;That is absolutely correct.;adverb;تمامًا / مطلقًا;;;absolutely;;;
639;Lady;lady;Die Lady wartet draußen.;The lady is waiting outside.;noun;ليدي / ست;f;;lady;;;
640;unmöglich;impossible;Das ist unmöglich!;That is impossible!;adjective;مستحيل;;;impossible;;;
641;Liebling;darling / favorite;Guten Morgen, Liebling.;Good morning, darling.;noun;حبيبي / حبيبتي;m;;darling;;;
642;Informationen;information;Ich brauche mehr Informationen.;I need more information.;noun;معلومات;f;;information;;;
643;nötig;needed /necessary (casual);Ist das wirklich nötig?;Is that really necessary?;adjective;ضروري;;;necessary;;;
644;traurig;sad;Ich bin heute etwas traurig.;I’m a bit sad today.;adjective;زعلان;;;sad;;;
645;heraus;out / outwards;Komm da raus!;Come out of there!;adverb;برا / خارج;;raus;out;;;
646;Tiere;animals;Ich liebe Tiere.;I love animals.;noun;حيوانات;n;;animals;;;
647;Geheimnis;the secret;Kannst du ein Geheimnis behalten?;Can you keep a secret?;noun;سر;n;;secret;;;
648;mitnehmen;to take along;Kannst du mich mitnehmen?;Can you take me with you?;verb;ياخد معاه;;;take;;;
649;nutzen;to use / take advantage of;Du solltest die Zeit besser nutzen.;You should use the time better.;verb;يستخدم;;;use;;;
650;rennen;to run;Ich muss zum Bus rennen.;I have to run to the bus.;verb;يجري / جري;;;run;;;
651;sieben;seven;Ich stehe um sieben auf.;I get up at seven.;number;سبعة;;;seven;;;
652;Meinung;opinion;Das ist echt nur meine Meinung.;That's really just my opinion.;noun;رأي;f;;opinion;;;
653;Vogel;bird;Ein Vogel sitzt auf dem Baum.;A bird is sitting on the tree.;noun;عصفور;m;;bird;;;
654;verwenden;to use (for purpose / academic);Welche App verwendest du?;Which app do you use?;verb;يستخدم;;verwendest;use;;;
655;Präsident;president;Der Präsident hält eine Rede.;The president is giving a speech.;noun;رئيس;m;;president;;;
656;punkt;point / dot;Du hast einen guten Punkt.;You have a good point.;noun;ضخم / كبير قوي;m;;point;;;
657;hinten;in the back / behind;Ich sitze ganz hinten.;I’m sitting all the way in the back.;adverb;فنان;;;in the back;;;
658;besitz;possession / property;Das ist echt mein Besitz.;That is really my property.;noun;خوف;m;;property;;;
659;Soldaten;soldiers;Die Soldaten marschieren.;The soldiers are marching.;noun;أوسع;m;;soldiers;;;
660;Hotel;hotel;Das Hotel ist echt ausgebucht.;The hotel is really fully booked.;noun;فندق;n;;hotel;;;
661;fick;f*** (vulgar);Fick dich!;F*** you!;verb/interjection;نيك (شتيمة);;;F;;;
662;dunkel;dark;Es ist schon dunkel draußen.;It’s already dark outside.;adjective;غامق / مظلم;;;dark;;;
663;tisch;table;Der Tisch ist echt zu groß.;The table is really too big.;noun;ترابيزة;m;;table;;;
664;gewissen;conscience;Mein Gewissen ist ruhig.;My conscience is calm.;noun;ضمير;n;;conscience;;;
665;Zug;train;Der Zug kommt in fünf Minuten.;The train arrives in five minutes.;noun;قطر;m;;train;;;
666;feind;enemy;Er ist echt unser Feind.;He is really our enemy.;noun;عدو;m;;enemy;;;
667;plötzlich;suddenly;Plötzlich war das Licht aus.;Suddenly the light was off.;adverb;فجأة;;;Suddenly;;;
668;schützen;to protect (in general);Wir müssen die Kinder schützen.;We must protect the children.;verb;يحمي;;;protect;;;
669;verheiratet;married;Bist du verheiratet?;Are you married?;adjective;متجوز;;;married;;;
670;wunderschön;beautiful / gorgeous;Deine Stadt ist wunderschön.;Your city is beautiful.;adjective;جميل جدًا / رائع;;;beautiful;;;
671;aufhalten;to stop / to hold up;Lass dich nicht aufhalten.;Don’t let yourself be stopped.;verb;يوقف;;;stopped;;;
673;verliebt;in love;Ich bin verliebt in dich.;I’m in love with you.;adjective;واقع في الحب;;;in love;;;
674;Handy;mobile phone;Wo ist mein Handy?;Where is my phone?;noun;موبايل;n;;phone;;;
675;zählt;counts;Jeder Moment zählt.;Every moment counts.;verb;يعدّ / يِحسب;;;counts;;;
676;Kleid;dress;Das Kleid steht dir gut.;The dress looks good on you.;noun;فستان;n;;dress;;;
677;schnappen;to grab / snatch;Schnapp dir deine Jacke!;Grab your jacket!;verb;يخطف / يلقط;;Schnapp;Grab;;;
678;griff;grip / handle;Der Griff ist echt kaputt.;The handle is really broken.;noun;مسكة / قبضة;m;;handle;;;
679;treiben;to drive / push / drift;Was treibt dich an?;What drives you?;verb;يعمل / يدفعه يعمل حاجة;;treibt;drives;;;
680;Bewegung;movement;Bewegung ist wichtig für die Gesundheit.;Movement is important for health.;noun;حركة;f;;Movement;;;
681;riecht;smells;Es riecht gut hier.;It smells good here.;verb;ريحته / يشمّ;;;smells;;;
682;überlegen;to think about / consider;Ich muss es mir überlegen.;I have to think about it.;verb;يفكّر / يعيد التفكير;;;think about;;;
683;springen;to jump;Er kann sehr hoch springen.;He can jump very high.;verb;ينطّ;;;jump;;;
684;vorher;beforehand;Ich habe dich vorher angerufen.;I called you earlier.;adverb;قبل كده;;;earlier;;;
685;erhalten;to receive (formal);Ich habe eine Nachricht erhalten.;I received a message.;verb;يستلم;;;received;;;
686;Verzeihung;apology / pardon;Verzeihung, das war mein Fehler.;Sorry, that was my mistake.;noun;المعذرة / آسف;f;;Sorry;;;
687;beenden;to finish / end;Lass uns das schnell beenden.;Let’s finish this quickly.;verb;ينهي;;;finish;;;
688;tatsächlich;actually / in fact;Das ist tatsächlich passiert.;That actually happened.;adverb;فعلاً / بالحقيقة;;;actually;;;
689;Anwalt;lawyer;Mein Anwalt kümmert sich darum.;My lawyer is taking care of it.;noun;محامي;m;;lawyer;;;
690;York;York (name/place);Sie lebt in New York.;She lives in New York.;noun;يورك (اسم مدينة);;;York;;;
692;Geschenk;gift / present;Ich habe ein Geschenk für dich.;I have a gift for you.;noun;هدية;n;;gift;;;
693;Streit;argument / fight;Sie hatten einen Streit.;They had an argument.;noun;خناقة;m;;argument;;;
694;blick;glance / view;Ein kurzer Blick genügt.;A quick glance is enough.;noun;نظرة;m;;glance;;;
695;bescheid;notification (and in “sagen”: to let someone know);Sag mir Bescheid.;Let me know.;noun;خبر / معلومة  يقولّي);m;;know;;;
696;verfolgt;followed / chased;Ich fühle mich verfolgt.;I feel like I’m being followed.;verb;متتبع / متراقَب;;;followed;;;
697;feiern;to celebrate;Wir feiern heute Abend.;We’re celebrating tonight.;verb;يحتفل;;;celebrating;;;
698;Seele;soul;Er hat wirklich eine gute Seele.;He really has a good soul.;noun;روح;f;;soul;;;
699;schritt;step;Schritt für Schritt.;Step by step.;noun;خطوة;m;;Step;;;
700;Finger;finger;Mein Finger tut weh.;My finger hurts.;noun;صباع;m;;finger;;;
701;Möglichkeit;possibility;Es gibt immer eine Möglichkeit.;There is always a possibility.;noun;إمكانية / فرصة;f;;possibility;;;
702;verraten;to betray / reveal;Wer hat dich verraten?;Who betrayed you?;verb;يفضح / يكشف;;;betrayed;;;
703;überprüfen;to check / verify;Ich muss das nochmal überprüfen.;I need to check that again.;verb;يراجع / يفحص;;;check;;;
704;Fenster;window;Mach das Fenster auf.;Open the window.;noun;شباك;n;;window;;;
705;kochen;to cook;Ich koche gern italienisch.;I like cooking Italian food.;verb;يطبخ;;koche;cooking;;;
706;besonderes;special / particular (emotional;Heute machen wir etwas Besonderes.;Today we’re doing something special.;adjective;حاجة خاصة;;;special;;;
707;überrascht;surprised;Ich bin überrascht, dich hier zu sehen.;I’m surprised to see you here.;adjective;متفاجئ;;;surprised;;;
708;verhaftet;arrested;Er wurde gestern verhaftet.;He was arrested yesterday.;verb;مقبوض عليه;;;arrested;;;
709;erlaubt;allowed;Rauchen ist hier nicht erlaubt.;Smoking is not allowed here.;adjective;مسموح;;;allowed;;;
710;augenblick;in an eye's blink;Einen Augenblick bitte.;One moment please.;noun;لحظة;m;;moment;;;
711;zurückkommen;to come back;Ich komme gleich zurück.;I’ll come back soon.;verb;يرجع;;komme;come back;;;
712;schnitt;cut;Das ist echt ein tiefer Schnitt.;That is really a deep cut.;noun;قطع / قَطْع;m;;cut;;;
713;spüren;to feel / sense (physical);Ich spüre nichts.;I don’t feel anything.;verb;يحس;;spüre;feel;;;
714;angenommen;assumed / accepted;Ich habe angenommen, dass du kommst.;I assumed you were coming.;verb;مفروض / متقبل;;;assumed;;;
715;Tasche;bag / pocket;Wo ist meine Tasche?;Where is my bag?;noun;شنطة;f;;bag;;;
716;packen;to pack;Ich muss meinen Koffer packen.;I have to pack my suitcase.;verb;يحزم / يحطّ في شنطة;;;pack;;;
717;Beziehung;relationship;Ihre Beziehung ist kompliziert.;Their relationship is complicated.;noun;علاقة;f;;relationship;;;
718;Chef;boss;Mein Chef ist heute gut drauf.;My boss is in a good mood today.;noun;مدير / رئيس;m;;boss;;;
719;schwach;weak;Ich fühle mich schwach.;I feel weak.;adjective;ضعيف;;;weak;;;
720;Polizist;policeman;Ein Polizist hat mich angehalten.;A policeman stopped me.;noun;ظابط شرطة;m;;policeman;;;
721;wählen;to choose / vote;Du musst eine Option wählen.;You have to choose an option.;verb;يختار / ينتخب;;;choose;;;
722;genießen;to enjoy;Ich genieße das schöne Wetter.;I’m enjoying the nice weather.;verb;يستمتع;;genieße;enjoying;;;
723;obwohl;although;Ich gehe raus, obwohl es regnet.;I’m going out although it’s raining.;conjunction;رغم إن;;;although;;;
724;kennenzulernen;to get to know (someone);Schön, dich kennenzulernen.;Nice to get to know you.;verb;إني أتعرف عليك / نتعرف;;;get to know;;;
725;rauchen;to smoke;Rauchen ist hier verboten.;Smoking is forbidden here.;verb;يدخّن;;;Smoking;;;
726;handeln;to act / to deal;Wir müssen schnell handeln.;We have to act quickly.;verb;يتصرف / يتاجر;;;act;;;
727;verpasst;missed;Ich habe den Zug verpasst.;I missed the train.;verb;فاتته / ضيّع;;;missed;;;
728;preis;price / prize;Der Preis ist echt zu hoch.;The price is really too high.;noun;سعر;m;;price;;;
729;angetan;done to / impressed by;Das hat er mir angetan.;He did that to me.;verb;معجب / مأثر فيه;;;did;;;
730;Test;test;Der Test war echt schwierig.;The test was really difficult.;noun;اختبار;m;;test;;;
731;behandelt;treated;Er wurde gerade schlecht behandelt.;He was treated badly just now.;verb;اتعامل معاه / اتعالج;;;treated;;;
732;fisch;fish;Ich esse gern Fisch.;I like eating fish.;noun;سمك;m;;fish;;;
733;gezwungen;forced;Ich wurde dazu gezwungen.;I was forced to do it.;verb;مجبر / غصب عنه;;;forced;;;
734;verbunden;connected;Wir bleiben telefonisch verbunden.;We’ll stay connected by phone.;adjective;مرتبط / موصول;;;connected;;;
735;dagegen;against it / on the other hand;Ich bin dagegen.;I’m against it.;adverb;ضد ده / بالمقابل;;;against it;;;
736;rum;around / rum (alcohol);Er schaut überall rum.;He looks around everywhere.;adverb;حواليّ / داير;;;around;;;
738;Boot;boat;Das Boot ist echt voll.;The boat is really full.;noun;قارب / مركب صغير;n;;boat;;;
739;rücken;back (to move/body part);Mein Rücken tut weh.;My back hurts.;noun;ضهر;m;;back;;;
740;dringend;urgent;Das ist sehr dringend.;This is very urgent.;adjective;عاجل / ضروري;;;urgent;;;
741;Schwein;pig;Das Schwein schläft.;The pig is sleeping.;noun;خنزير;n;;pig;;;
742;ständig;constantly / all the time;Er ist echt ständig müde.;He is really constantly tired.;adverb;طول الوقت / باستمرار;;;constantly;;;
743;überzeugt;convinced;Ich bin überzeugt, dass das stimmt.;I’m convinced that’s true.;adjective;مقتنع;;;convinced;;;
744;Bier;beer;Ich trinke kein Bier.;I don’t drink beer.;noun;بيرة;n;;beer;;;
745;aufwachen;to wake up;Ich wache jeden Tag um 7 auf.;I wake up every day at 7.;verb;يصحى;;wache;wake up;;;
746;leer;empty;Mein Glas ist schon leer.;My glass is already empty.;adjective;فاضي;;;empty;;;
747;atmen;to breathe;Tief atmen!;Breathe deeply!;verb;يتنفس;;;Breathe;;;
748;willen;will / sake;Um deinetwillen mache ich das.;I do this for your sake.;noun;رغبة / إرادة ;m;;sake;;;
749;unterwegs;on the way;Ich bin schon unterwegs.;I’m already on the way.;adverb;في الطريق / ماشي في السكة;;;on the way;;;
750;Verbindung;connection;Die Verbindung ist echt schlecht.;The connection is really bad.;noun;اتصال / علاقة / شبكة;f;;connection;;;
751;jagen;to hunt / chase;Wir jagen den Dieb.;We are chasing the thief.;verb;يطارد / يصطاد;;;chasing;;;
752;Eier;eggs;Ich brauche zwei Eier.;I need two eggs.;noun;بيض;n;;eggs;;;
753;zuhause;at home;Ich bleibe heute zuhause.;I'm staying home today.;adverb;في البيت;;;home;;;
754;partner;partner;Sie ist echt meine Partnerin.;She is really my partner.;noun;شريك / حبيب;m;;partner;;;
755;Gesetz;law;Das Gesetz ist echt klar.;The law is really clear.;noun;قانون;n;;law;;;
756;Hochzeit;wedding;Die Hochzeit war echt wunderschön.;The wedding was really beautiful.;noun;فرح / جواز;f;;wedding;;;
757;betrogen;cheated;Er hat mich betrogen.;He cheated on me.;verb;اتخدع / اتنصب عليه / اتغدر بيه;;;cheated;;;
758;ewig;forever;Ich werde dich ewig lieben.;I will love you forever.;adjective;للأبد / مدة طويلة قوي;;;forever;;;
759;Weiss;white / knows;Er trägt ein weißes Hemd.;He is wearing a white shirt.;noun;ابيض;;weißes;white;;;
760;fressen;to eat (animals);Hunde fressen Fleisch.;Dogs eat meat.;verb;يأكل بشَرَه (للحيوانات) / يلهط;;;eat;;;
761;naja;well / hmm;Naja, mal sehen.;Well, we’ll see.;interjection;يعني… / ماشي بقى;;;Well;;;
762;Frieden;peace;Wir wollen Frieden.;We want peace.;noun;سلام;m;;peace;;;
763;herum;around;Er schaut sich überall herum.;He looks around everywhere.;adverb;حواليه;;;around;;;
764;fremden;strangers;Ich spreche nicht mit Fremden.;I don't talk to strangers.;adjective;غرباء;;;strangers;;;
765;geboren;born;Ich wurde 1997 geboren.;I was born in 1997.;verb;اتولد;;;born;;;
766;rüber;over / across;Komm rüber zu mir!;Come over to me!;adverb;للناحية التانية;;;over;;;
768;manche;some;Manche Leute verstehen es nicht.;Some people don’t understand it.;pronoun;بعض;;;Some;;;
769;Richtung;direction;In welche Richtung gehst du?;Which direction are you going?;noun;اتجاه;f;;direction;;;
770;bar;bar / cash;Können wir bar bezahlen?;Can we pay in cash?;noun;بار;f;;cash;;;
771;müde;tired;Ich bin sehr müde.;I am very tired.;adjective;تعبان / مرهق;;;tired;;;
772;irgendetwas;anything (formal written);Ich habe irgendetwas gehört.;I heard something.;pronoun;أيّ حاجة;;;something;;;
773;reiß;rip / tear;Reiß das Papier nicht!;Don’t tear the paper!;verb;اقطع / اشدّ ;;;tear;;;
774;Paris;Paris;Paris ist eine schöne Stadt.;Paris is a beautiful city.;noun;باريس;n;;Paris;;;
775;gemeinsam;together (effort);Wir arbeiten gemeinsam an dem Projekt.;We are working on the project together.;adjective;مع بعض;;;together;;;
776;sauber;clean;Das Zimmer ist sauber.;The room is clean.;adjective;نضيف;;;clean;;;
777;Unfall;accident;Er hatte einen Unfall.;He had an accident.;noun;حادث;m;;accident;;;
778;Volk;people / nation;Das Volk ist echt unzufrieden.;The people are really dissatisfied.;noun;شعب;n;;people;;;
779;Flugzeug;airplane;Das Flugzeug startet gleich.;The airplane takes off soon.;noun;طيارة;n;;airplane;;;
780;beschäftigt;busy;Ich bin heute sehr beschäftigt.;I am very busy today.;adjective;مشغول;;;busy;;;
781;herkommen;to come from;Woher kommst du her?;Where are you from?;verb;ييجي من / الأصل منين;;kommst;from;;;
782;Schuss;shot;Ich habe einen Schuss gehört.;I heard a shot.;noun;طلقة / ضربة;m;;shot;;;
783;ermordet;murdered;Er wurde gerade ermordet.;He was murdered just now.;verb;مقتول;;;murdered;;;
784;geschenkt;gifted / given;Sie hat mir ein Buch geschenkt.;She gave me a book as a gift.;verb;مُهداة / متقدمة كهدية;;;gift;;;
785;mitten;in the middle of;Wir stehen mitten im Wald.;We are standing in the middle of the forest.;adverb;في نصّ;;;in the middle of;;;
786;aufgeregt;excited / nervous;Ich bin sehr aufgeregt.;I am very excited.;adjective;متوتر / متحمّس;;;excited;;;
787;lösen;to solve;Wir müssen das Problem lösen.;We need to solve the problem.;verb;يحلّ;;;solve;;;
788;derjenige;the one who;Er ist echt derjenige, der geholfen hat.;He is really the one who helped.;pronoun;الشخص اللي;;;the one who;;;
789;Firma;company;Die Firma wächst schnell.;The company is growing fast.;noun;شركة;f;;company;;;
790;blau;blue;Ihr Kleid ist blau.;Her dress is blue.;adjective;أزرق;;;blue;;;
791;wirkt;seems / appears;Er wirkt müde.;He seems tired.;verb;باين / شكله كده / تأثيره;;;seems;;;
792;erwachsen;adult / grown;Du bist jetzt erwachsen.;You are an adult now.;adjective;بالغ / ناضج;;;adult;;;
793;Beispiel;example;Kannst du ein Beispiel geben?;Can you give an example?;noun;مثال;n;;example;;;
794;ring;ring;Er trägt einen goldenen Ring.;He is wearing a golden ring.;noun;خاتم;m;;ring;;;
795;Ohren;ears;Meine Ohren tun weh.;My ears hurt.;noun;ودان;n;;ears;;;
796;decke;blanket / ceiling;Ich brauche eine warme Decke.;I need a warm blanket.;noun;بطانية / سقف (حسب السياق);f;;blanket;;;
797;beobachtet;observed / watched;Ich fühle mich beobachtet.;I feel watched.;verb;بيراقب / شايفه;;;watched;;;
798;wozu;for what / what for;Wozu brauche ich das?;What do I need this for?;adverb;ليه؟ / لغرض إيه؟;;;What;;;
800;grab;grave;Das Grab ist echt alt.;The grave is really old.;noun;قبر;n;;grave;;;
801;verflucht;cursed / damn;Was für ein verfluchter Tag!;What a damned day!;adjective;ملعون;;;damned;;;
803;Kontrolle;control;Ich habe die Kontrolle verloren.;I lost control.;noun;سيطرة / رقابة;f;;control;;;
804;Berg;mountain;Wir wandern auf den Berg.;We are hiking up the mountain.;noun;جبل;m;;mountain;;;
805;Wald;forest;Der Wald ist echt dunkel.;The forest is really dark.;noun;غابة;m;;forest;;;
806;getrennt;separated;Wir leben getrennt.;We live separately.;adjective;منفصل;;;separately;;;
807;furchtbar;terrible (extremly/really badly);Das war eine furchtbare Idee.;That was a terrible idea.;adjective;فظيع / بشع;;;terrible;;;
808;leisten;to afford / to achieve;Das kann ich mir nicht leisten.;I can’t afford that.;verb;يؤدي / يعمل / يقدّر يعمل;;;afford;;;
809;liste;list;Ich schreibe eine Liste.;I’m writing a list.;noun;قايمة / لستة;f;;list;;;
810;Vorsicht;caution / watch out;Vorsicht! Das ist heiß.;Careful! That’s hot.;noun;خُد بالك;f;;Careful;;;
811;Kamera;camera;Die Kamera funktioniert nicht.;The camera isn’t working.;noun;كاميرا;f;;camera;;;
812;Professor;professor;Der Professor erklärt es gut.;The professor explains it well.;noun;بروفيسور / دكتور جامعي;m;;professor;;;
813;Computer;computer;Mein Computer ist kaputt.;My computer is broken.;noun;كمبيوتر;m;;computer;;;
814;frisch;fresh;Das Brot ist noch frisch.;The bread is still fresh.;adjective;طازة / جديد;;;fresh;;;
815;aufpassen;to watch out / take care;Pass auf den Hund auf!;Watch the dog!;verb;ياخد باله;;Pass;Watch;;;
816;Schuhe;shoes;Deine Schuhe sind dreckig.;Your shoes are dirty.;noun;جزمة / أحذية;m;;shoes;;;
817;wild;wild;Er fährt wie ein Wilder.;He drives like a madman.;adjective;بريّ / جامح;;;like a madman;;;
818;wofür;for what / why;Wofür ist das gut?;What is this good for?;adverb;علشان إيه؟;;;What;;;
819;Kontakt;contact;Wir bleiben in Kontakt.;We’ll stay in contact.;noun;تواصل;m;;contact;;;
820;darin;in it / inside;Was ist darin?;What’s inside it?;adverb;جُوّه ده / فيه;;;inside;;;
821;sonne;sun;Die Sonne scheint.;The sun is shining.;noun;لازم / ضروري جدًا;f;;sun;;;
822;leck;leak;Wir haben ein Leck im Boot!;We have a leak in the boat!;noun;تسريب / شرخ;n;;leak;;;
823;dahin;there / to that place;Wir gehen dahin zurück.;We are going back there.;adverb;لِهناك / للمكان ده;;;there;;;
824;Rose;rose;Sie bekam eine rote Rose.;She received a red rose.;noun;وردة;f;;rose;;;
825;Bullen;cops (slang);Die Bullen sind gerade unterwegs.;The cops are on the way right now.;noun;شرطة / كلاب البوليس (slang قوي);m;;cops;;;
826;gold;gold;Das Armband ist echt aus Gold.;The bracelet is really made of gold.;noun;دهب;n;;gold;;;
827;starten;to start / launch (machine/event);Wir starten in fünf Minuten.;We start in five minutes.;verb;يبدأ / ينطلق;;;start;;;
828;Baum;tree;Der Baum ist echt hoch.;The tree is really tall.;noun;شجرة;m;;tree;;;
829;menschliche;human;Das ist ein menschlicher Fehler.;That is a human mistake.;adjective;بشري / إنساني;;;human;;;
830;dick;fat / thick;Das Buch ist ziemlich dick.;The book is quite thick.;adjective;تخين / سميك;;;thick;;;
831;warm;warm;Es ist heute sehr warm.;It is very warm today.;adjective;دافي;;;warm;;;
832;entspann;relax (imperative / stem);Entspann dich ein bisschen!;Relax a little!;verb;استرخي;;;Relax;;;
833;dritte;third;Es ist das dritte Mal.;It’s the third time.;adjective;التالت;;;third;;;
834;irgendwann;someday / sometime;Irgendwann werde ich reisen.;Someday I will travel.;adverb;في أي وقت / يومًا ما;;;Someday;;;
835;Erinnerung;memory (of something);Ich habe keine Erinnerung daran.;I have no memory of that.;noun;ذكرى;f;;memory;;;
836;Mark;Mark (name or old currency);Mark kommt gleich.;Mark is coming soon.;noun;مارك (اسم);f;;Mark;;;
837;jedenfalls;anyway / in any case;Jedenfalls bin ich froh, hier zu sein.;Anyway, I’m glad to be here.;adverb;على أي حال;;;Anyway;;;
838;kaputt;broken;Mein Handy ist kaputt.;My phone is broken.;adjective;بايظ / مكسور;;;broken;;;
839;hoffentlich;hopefully;Hoffentlich regnet es nicht.;Hopefully it won’t rain.;adverb;يا رب / إن شاء الله;;;Hopefully;;;
840;Hoffnung;hope;Ich gebe die Hoffnung nicht auf.;I’m not giving up hope.;noun;أمل;f;;hope;;;
842;sowieso;anyway;Wir gehen sowieso nach Hause.;We’re going home anyway.;adverb;أصلاً / في كل الأحوال;;;anyway;;;
843;leise;quiet;Sei bitte leise!;Please be quiet!;adjective;واطي / بصوت هادي;;;quiet;;;
844;unbedingt;definitely / no matter what / must;Ich muss das unbedingt sehen.;I absolutely have to see that.;adverb;لازم جدًا / ضروري;;;absolutely;;;
845;trauen;to trust / dare;Ich traue ihm nicht.;I don’t trust him.;verb;يثق / يجرؤ;;traue;trust;;;
846;zumindest;at least (logical);Zumindest hast du es versucht.;At least you tried.;adverb;على الأقل;;;At least;;;
847;Überraschung;surprise;Was für eine schöne Überraschung!;What a lovely surprise!;noun;مفاجأة;f;;surprise;;;
848;runde;round;Wir spielen noch eine Runde.;We’ll play another round.;noun;جولة / لفة;f;;round;;;
849;bisher;so far;Bisher läuft alles gut.;So far everything is going well.;adverb;لحد دلوقتي / حتى الآن;;;So far;;;
850;heil;safe / unharmed;Zum Glück bist du heil angekommen.;Luckily you arrived unharmed.;adjective;سليم / متشافى;;;unharmed;;;
851;Drogen;drugs;Er verkauft keine Drogen.;He doesn't sell drugs.;noun;مخدرات;f;;drugs;;;
852;Hunger;hunger;Ich habe großen Hunger.;I am very hungry.;noun;جوع;m;;hungry;;;
853;offensichtlich;obviously;Das ist offensichtlich falsch.;That is obviously wrong.;adverb;واضح / باين;;;obviously;;;
854;gewarnt;warned;Ich habe dich gewarnt.;I warned you.;verb;متحذّر / اتنبه;;;warned;;;
855;Held;hero;Er ist echt ein echter Held.;He is really a real hero.;noun;بطل;m;;hero;;;
856;neben;next to / beside;Ich sitze neben dir.;I am sitting next to you.;prep;جنب;;;next to;;;
857;ergibt;results in / makes sense;Das ergibt keinen Sinn.;That makes no sense.;verb;ينتج / يطلع منه;;;makes;;;
859;gesund;healthy;Du siehst gesund aus.;You look healthy.;adjective;صحي / سليم;;;healthy;;;
860;Patienten;patients;Die Patienten müssen warten.;The patients have to wait.;noun;مرضى;m;;patients;;;
861;erwähnt;mentioned;Wie ich schon erwähnt habe...;As I already mentioned...;verb;متذكور / اتقال;;;mentioned;;;
862;sauer;angry / sour;Ich bin sauer auf dich.;I’m angry at you.;adjective;مزعّل / عصبي / حامض (food);;;angry;;;
863;brennt;burns;Das Feuer brennt noch.;The fire is still burning.;verb;بيولع / بيحرق;;;burning;;;
864;Glas;glass;Das Glas ist echt halb voll.;The glass is really half full.;noun;إزاز;n;;glass;;;
865;Geburtstag;birthday;Heute ist mein Geburtstag.;Today is my birthday.;noun;عيد ميلاد;m;;birthday;;;
866;Gericht;court / dish;Das Gericht entscheidet morgen.;The court decides tomorrow.;noun;محكمة / طبق (حسب السياق);n;;court;;;
867;nerven;to annoy;Hör auf, mich zu nerven.;Stop annoying me.;verb;يعصب / يضايق;;;annoying;;;
868;angekommen;arrived;Der Zug ist echt angekommen.;The train really has arrived.;verb;وِصل;;;arrived;;;
869;vergeben;to forgive / taken;Ich habe ihm vergeben.;I forgave him.;verb;يسامح;;;forgave;;;
870;entdeckt;discovered;Wir haben etwas entdeckt.;We discovered something.;verb;اكتشف;;;discovered;;;
871;Maschine;machine;Die Maschine ist echt kaputt.;The machine is really broken.;noun;ماكينة / آلة;f;;machine;;;
872;übel;nauseous / awful;Mir ist übel.;I feel nauseous.;adjective;وحش / تعبان;;;nauseous;;;
873;mitgebracht;brought along;Ich habe Kuchen mitgebracht.;I brought cake.;verb;جابه معاه;;;brought;;;
874;Regierung;government;Die Regierung plant neue Regeln.;The government plans new rules.;noun;حكومة;f;;government;;;
876;unterschied;difference;Der Unterschied ist echt wichtig.;The difference is really important.;noun;اختلاف / فرق;m;;difference;;;
877;unschuldig;innocent;Er ist echt unschuldig.;He is really innocent.;adjective;بريء;;;innocent;;;
878;Schicksal;fate;Das ist echt mein Schicksal.;That is really my fate.;noun;قدر / نصيب;n;;fate;;;
879;Armee;army;Die Armee marschiert weiter.;The army marches on.;noun;جيش;f;;army;;;
880;schlampe;slut (insult);Sie hat ihn eine Schlampe genannt.;She called him a slut.;noun;قحبة / واحدة قليلة الأدب (شتيمة قوية);f;;slut;;;
881;klingelt;rings (phone / door);Das Telefon klingelt.;The phone is ringing.;verb;بيرنّ;;;ringing;;;
882;Nase;nose;Meine Nase läuft.;My nose is running.;noun;مناخير;f;;nose;;;
883;schuldig;guilty;Ich bin nicht schuldig.;I am not guilty.;adjective;مذنب;;;guilty;;;
884;lächeln;to smile;Sie kann so schön lächeln.;She can smile so beautifully.;verb;يبتسم;;;smile;;;
885;angestellt;hired / employed;Er ist echt dort angestellt.;He is really employed there.;adjective;موظّف;;;employed;;;
886;Tante;aunt;Meine Tante wohnt in Berlin.;My aunt lives in Berlin.;noun;خالة / عمة;f;;aunt;;;
887;Kirche;church;Die Kirche ist echt alt.;The church is really old.;noun;كنيسة;f;;church;;;
888;betrunken;drunk;Er war gestern betrunken.;He was drunk yesterday.;adjective;سكران;;;drunk;;;
889;Hose;pants;Deine Hose ist kaputt.;Your pants are torn.;noun;بنطلون;f;;pants;;;
890;verdächtigen;to suspect;Wir verdächtigen ihn.;We suspect him.;noun;يشكّ في / يشتبه;m;;suspect;;;
891;Bord;board (on board);Willkommen an Bord!;Welcome on board!;noun;سطح / على متن;n;;board;;;
892;Untertitel;subtitles;Der Film hat Untertitel.;The movie has subtitles.;noun;ترجمة مكتوبة;m;;subtitles;;;
893;Situation;situation;Die Situation ist echt ernst.;The situation is really serious.;noun;موقف / حالة;f;;situation;;;
894;übrig;left / remaining;Es ist nichts übrig.;Nothing is left.;adjective;متبقّي;;;left;;;
895;irgendwelche;any / some kind of;Hast du irgendwelche Fragen?;Do you have any questions?;pronoun;أيّ / أيّ نوع;;;any;;;
896;unternehmen;to undertake / to do;Lass uns etwas unternehmen.;Let's do something.;verb;يعمل نشاط / يقوم بـ;;;do;;;
897;erlebt;experienced;Ich habe so etwas noch nie erlebt.;I’ve never experienced something like that.;verb;عاش / مرّ بـ;;;experienced;;;
898;Lied;song;Das ist echt mein Lieblingslied.;That is really my favorite song.;noun;أغنية;n;;song;;;
899;vorbreitet;prepared;Ich bin gut vorbereitet.;I am well prepared.;adjective;محضّر / جاهّز;;vorbereitet;prepared;;;
900;ausgehen;to go out;Heute Abend wollen wir ausgehen.;We want to go out tonight.;verb;يخرج;;;go out;;;
901;Stein;stone;Der Stein ist echt schwer.;The stone is really heavy.;noun;حجر;m;;stone;;;
902;vermutlich;presumably;Er kommt vermutlich später.;He’ll probably come later.;adverb;غالبًا / على الأغلب;;;probably;;;
903;Gebӓude;building;Das Gebäude ist echt modern.;The building is really modern.;noun;مبنى;n;Gebäude;building;;;
904;Drink;drink (loanword);Kann ich einen Drink bekommen?;Can I get a drink?;noun;مشروب;m;;drink;;;
905;Grad;degree;Es sind 30 Grad draußen.;It’s 30 degrees outside.;noun;درجة;m;;degrees;;;
907;Majestät;majesty;Eure Majestät, bitte folgen Sie mir.;Your majesty, please follow me.;noun;جلالة / صاحب الجلالة;f;;majesty;;;
908;diesmal;this time;Diesmal mache ich es richtig.;This time I’ll do it right.;adverb;المرة دي;;;This time;;;
909;vertrag;contract;Ich habe den Vertrag unterschrieben.;I signed the contract.;noun;عقد;m;;contract;;;
910;Ehemann;husband;Ihr Ehemann ist sehr freundlich.;Her husband is very friendly.;noun;زوج;m;;husband;;;
911;ha;ha (laugh);Ha! Das war lustig.;Ha! That was funny.;interjection;ها;;;Ha;;;
912;verantwortlich;responsible;Wer ist dafür verantwortlich?;Who is responsible for that?;adjective;مسؤول;;;responsible;;;
913;stöhnt;moans;Er stöhnt vor Schmerzen.;He moans in pain.;verb;يئنّ / يتأوّه;;;moans;;;
914;klopfen;to knock;Jemand klopft an der Tür.;Someone is knocking at the door.;verb;يخبط / يطرق;;klopft;knocking;;;
915;probieren;to try (experience/taste/work);Willst du es probieren?;Do you want to try it?;verb;يجرّب;;;try;;;
916;regen;rain;Der Regen hört nicht auf.;The rain doesn’t stop.;noun;مطر;m;;rain;;;
917;Zeitung;newspaper;Ich lese jeden Morgen die Zeitung.;I read the newspaper every morning.;noun;جريدة / صحيفة;f;;newspaper;;;
918;Kugel;bullet / ball;Die Kugel hat ihn verfehlt.;The bullet missed him.;noun;رصاصة / كرة (حسب السياق);f;;bullet;;;
919;vergnügen;pleasure;Es war mir ein Vergnügen.;It was a pleasure.;noun;متعة;n;;pleasure;;;
920;geklaut;stolen (casual);Jemand hat mein Fahrrad geklaut.;Someone stole my bike.;verb;مسروق;;;stole;;;
921;ball;ball;Wir spielen mit einem Ball.;We are playing with a ball.;noun;كرة;m;;ball;;;
922;klug;smart;Das war eine kluge Entscheidung.;That was a smart decision.;adjective;ذكي;;;smart;;;
923;hinterlassen;to leave behind;Er hat wirklich eine Nachricht hinterlassen.;He really left a message.;verb;يترك وراءه;;;left;;;
924;fantastisch;fantastic;Das Essen schmeckt fantastisch.;The food tastes fantastic.;adjective;رائع;;;fantastic;;;
925;witzig;funny / witty (jokey);Der Film war echt wirklich witzig.;The movie was really really funny.;adjective;مضحك;;;funny;;;
926;gegenüber;opposite / across from;Ich wohne gegenüber von der Schule.;I live across from the school.;prep;قدّام / مقابل;;;across from;;;
928;schmeckt;tastes;Das Essen schmeckt gut.;The food tastes good.;verb;طعمه… / مذاقه…;;;tastes;;;
929;Show;show;Die Show beginnt um acht.;The show starts at eight.;noun;عرض / شو;f;;show;;;
930;verbrannt;burned;Mein Toast ist verbrannt.;My toast is burned.;adjective;متحرق;;;burned;;;
931;Gesellschaft;society;Die Gesellschaft verändert sich.;Society is changing.;noun;مجتمع / صحبة / شركة (حسب السياق);f;;Society;;;
932;miteinander;with each other;Wir sprechen kaum miteinander.;We barely talk to each other.;adverb;مع بعض;;;other;;;
933;aufstehen;to get up;Ich muss früh aufstehen.;I have to get up early.;verb;يقوم / يصحى;;;get up;;;
934;Lust;desire / mood;Ich habe keine Lust.;I’m not in the mood.;noun;مزاج / رغبة;f;;mood;;;
935;verhalten;to act /behave;Er hat sich komisch verhalten.;He behaved strangely.;verb;يتصرف;;;behaved;;;
936;Insel;island;Die Insel ist echt wunderschön.;The island is really beautiful.;noun;جزيرة;f;;island;;;
937;abholen;to pick up;Kannst du mich abholen?;Can you pick me up?;verb;ييجي ياخد / يلتقط;;;pick;;;
938;erfolg;success;Der Plan hatte Erfolg.;The plan was successful.;noun;نجاح;m;;successful;;;
939;Dorf;village;Das Dorf ist echt klein.;The village is really small.;noun;قرية;n;;village;;;
940;abhauen;to run away / escape;Er will abhauen.;He wants to run away.;verb;يمشي / يهرب;;;run away;;;
941;Freude;joy;Sie hat große Freude daran.;She takes great joy in it.;noun;فرحة;f;;joy;;;
942;grenze;border / limit;Die Grenze ist echt geschlossen.;The border is really closed.;noun;حدود;f;;border;;;
943;ran;close / near;Komm ran!;Come closer!;adverb;قرب / تعالى ناحيتي;;;closer;;;
944;nämlich;namely / actually;Ich bin müde, ich habe nämlich nicht geschlafen.;I’m tired, because I actually didn’t sleep.;adverb;أصلًا / يعني;;;actually;;;
945;aufgetaucht;appeared;Er ist plötzlich aufgetaucht.;He suddenly appeared.;verb;ظهر;;;appeared;;;
946;beten;to pray;Wir beten jeden Abend.;We pray every evening.;verb;يصلي;;;pray;;;
947;loch;hole;Da ist ein Loch im Boden.;There is a hole in the ground.;noun;فتحة / حفرة;n;;hole;;;
948;Gruppe;group;Die Gruppe ist echt groß.;The group is really large.;noun;مجموعة;f;;group;;;
949;grüß;greet;Grüß deine Mutter von mir.;Greet your mother from me.;verb;سلّم على / بلّغ سلامي;;;Greet;;;
950;fliehen;to flee;Die Gefangenen versuchen zu fliehen.;The prisoners are trying to escape.;verb;يهرب;;;escape;;;
951;grün;green;Das Gras ist grün.;The grass is green.;adjective;أخضر;;;green;;;
952;Zeichen;sign / symbol;Das ist echt ein gutes Zeichen.;That is really a good sign.;noun;علامة / إشارة;n;;sign;;;
953;heim;home;Er kommt spät heim.;He comes home late.;adverb;بيت;;;home;;;
954;Tee;tea;Ich trinke gern Tee.;I like drinking tea.;noun;شاي;m;;tea;;;
955;übrigens;by the way;Übrigens, du hast einen Anruf.;By the way, you got a call.;adverb;بالمناسبة;;;By the way;;;
956;bombe;bomb;Die Bombe ist echt explodiert.;The bomb really exploded.;noun;قنبلة / جامد جدًا (slang);f;;bomb;;;
957;eis;ice;Das Eis schmilzt schnell.;The ice melts quickly.;noun;تلج / آيس كريم;n;;ice;;;
958;quatsch;rubbish /nonsense;Das ist echt doch Quatsch!;That's really nonsense!;noun;كلام فارغ / هري;m;;nonsense;;;
959;nervös;nervous;Ich bin vor Prüfungen immer nervös.;I'm always nervous before exams.;adjective;متوتر;;;nervous;;;
960;soweit;so far / as far as;Soweit ich weiß, stimmt das.;As far as I know, that’s correct.;adverb;لحد هنا / لحد دلوقتي;;;As far as;;;
961;indem;by (doing something);Indem du lernst, wirst du besser.;By studying, you become better.;conjunction;عن طريق;;;By;;;
962;Blumen;flowers;Ich habe Blumen gekauft.;I bought flowers.;noun;ورد;f;;flowers;;;
963;unterschreiben;to sign;Wo soll ich unterschreiben?;Where should I sign?;verb;يوقّع;;;sign;;;
964;Achtung;attention / caution;Achtung, da kommt ein Auto!;Watch out, a car is coming!;noun;انتبه / خد بالك;f;;Watch;;;
965;empfangen;to receive (ceremonical);Wir haben das Signal empfangen.;We received the signal.;verb;يستقبل;;;received;;;
966;erscheinen;to appear;Plötzlich erschien er vor der Tür.;Suddenly he appeared at the door.;verb;يظهر;;erschien;appeared;;;
967;bemerkt;noticed;Ich habe das nicht bemerkt.;I didn’t notice that.;verb;لاحظ;;;notice;;;
968;hals;neck / throat;Mein Hals tut weh.;My throat hurts.;noun;رقبة;m;;throat;;;
969;flucht;escape;Die Flucht ist echt gelungen.;The escape really succeeded.;noun;هروب;f;;escape;;;
970;kapiert;understood (informal);Ich habe es endlich kapiert.;I finally understood it.;verb;فهم;;;understood;;;
971;Don;Don (name / title);Don kommt später.;Don is coming later.;noun;دون (اسم);m;;Don;;;
972;Weihnachten;Christmas;Weihnachten ist mein Lieblingsfest.;Christmas is my favorite holiday.;noun;عيد الميلاد (الكريسماس);n;;Christmas;;;
975;Vergangenheit;past;Die Vergangenheit lässt sich nicht ändern.;The past cannot be changed.;noun;الماضي;f;;past;;;
976;entweder;either;Entweder du kommst, oder du bleibst.;Either you come or you stay.;conjunction;إمّا / يا… يا…;;;Either;;;
977;Sheriff;sheriff;Der Sheriff untersucht den Fall.;The sheriff is investigating the case.;noun;شِريف / عمدة (حسب السياق);m;;sheriff;;;
978;geheim;secret / secretive / confidential;Das ist streng geheim.;That is top secret.;adjective;سرّي;;;secret;;;
979;weder;neither;Weder er noch sie war da.;Neither he nor she was there.;conjunction;لا… ولا…;;;Neither;;;
980;anziehen;to put on (clothes);Ich muss mich schnell anziehen.;I need to get dressed quickly.;verb;يلبس / يرتدي;;;get dressed;;;
981;jawohl;yes sir / certainly;Jawohl, das mache ich!;Yes sir, I will do that!;interjection;تمام! / حاضر! (بحماس);;;Yes sir;;;
982;Gespräch;conversation;Wir hatten ein langes Gespräch.;We had a long conversation.;noun;محادثة / كلام;n;;conversation;;;
983;ungefähr;approximately;Es dauert ungefähr zehn Minuten.;It takes about ten minutes.;adverb;تقريبًا;;;about;;;
984;entkommen;to escape;Der Täter ist echt entkommen.;The perpetrator really escaped.;verb;يهرب;;;escaped;;;
985;zuvor;previously;Wie gesagt, ich war zuvor dort.;As I said, I was there before.;adverb;قبل كده / سابقًا;;;before;;;
987;Amerika;America;Amerika ist weit weg.;America is far away.;noun;أمريكا;n;;America;;;
988;bestellt;ordered;Ich habe Pizza bestellt.;I ordered pizza.;verb;طلب (أوردر);;;ordered;;;
989;verboten;forbidden;Rauchen ist hier verboten.;Smoking is forbidden here.;adjective;ممنوع;;;forbidden;;;
990;glückwunsch;congratulations;Herzlichen Glückwunsch!;Congratulations!;noun;مبروك;m;;Congratulations;;;
991;Königin;queen;Die Königin hält eine Rede.;The queen is giving a speech.;noun;ملكة;f;;queen;;;
992;Staaten;states;Die Vereinigten Staaten sind echt groß.;The United States are really large.;noun;ولايات;m;;States;;;
993;Adresse;address;Was ist deine Adresse?;What is your address?;noun;عنوان;f;;address;;;
994;Messer;knife;Das Messer ist echt scharf.;The knife is really sharp.;noun;سكينة;n;;knife;;;
995;Meer;sea;Das Meer ist ruhig heute.;The sea is calm today.;noun;بحر;n;;sea;;;
996;drinnen;inside;Wir bleiben heute drinnen.;We'll stay inside today.;adverb;جوّه;;;inside;;;
997;behauptet;claimed;Er behauptet, es nicht getan zu haben.;He claims he didn’t do it.;verb;ادّعى / قال كلام مش مؤكد;;;claims;;;
998;mitkommen;to come along;Willst du mitkommen?;Do you want to come along?;verb;;;;come along;;;
999;herein;come in;Komm bitte herein!;Please come in!;adverb;ادخل / جوّه;;;come in;;;
1000;Prinzessin;princess;Die Prinzessin ist echt mutig.;The princess is really brave.;noun;أميرة;f;;princess;;;
1001;Güte;goodness / kindness;Er hat aus reiner Güte geholfen.;He helped out of pure kindness.;noun;لطف / طيبة;f;;kindness;;;
1002;ernsthaft;seriously;Meinst du das ernsthaft?;Do you mean that seriously?;adverb;بجد;;;seriously;;;
1003;Mission;mission;Die Mission ist echt gefährlich.;The mission is really dangerous.;noun;مهمة;f;;mission;;;
1004;Flasche;bottle;Die Flasche ist echt leer.;The bottle is really empty.;noun;إزازة;f;;bottle;;;
1005;worauf;what… on / what for;Worauf wartest du?;What are you waiting for?;adverb;على إيه;;;What;;;
1006;ähnlich;similar;Die beiden sind echt sich ähnlich.;The two are really similar.;adjective;شبه / زي;;;similar;;;
1007;scherz;joke / prank;Das war echt nur ein Scherz.;That was really just a joke.;noun;هزار;m;;joke;;;
1008;aussage;statement;Seine Aussage war klar.;His statement was clear.;noun;تصريح / شهادة;f;;statement;;;
1009;beeindruckt;impressed;Ich bin beeindruckt von dir.;I’m impressed by you.;adjective;مبهور;;;impressed;;;
1010;befreien;to free;Wir müssen sie befreien.;We must free her.;verb;يحرّر / يخلّص;;;free;;;
1011;tausend;thousand;Es kostet tausend Euro.;It costs a thousand euros.;number;ألف;;;thousand;;;
1012;Katze;cat;Die Katze schläft.;The cat is sleeping.;noun;قطة;f;;cat;;;
1013;schwanger;pregnant;Sie ist schwanger.;She is pregnant.;adjective;حامل;;;pregnant;;;
1014;Monster;monster;Das Monster versteckt sich.;The monster is hiding.;noun;وحش;n;;monster;;;
1015;England;England;England ist kalt im Winter.;England is cold in winter.;noun;إنجلترا;n;;England;;;
1016;wiederhole;repeat;Bitte wiederhole das.;Please repeat that.;verb;أكرر;;;repeat;;;
1017;Schwanz;tail / dick (slang);Der Hund wedelt mit dem Schwanz.;The dog wags its tail.;noun;ذيل;m;;tail;;;
1019;Frühstück;breakfast;Das Frühstück ist echt fertig.;Breakfast is really ready.;noun;فطار;n;;Breakfast;;;
1020;Gegend;area / neighborhood;Die Gegend ist echt ruhig.;The area is really quiet.;noun;منطقة;f;;area;;;
1021;Tor;gate / goal;Das Tor ist echt offen.;The gate is really open.;noun;باب / جول;n;;gate;;;
1022;unterhalten;to chat / entertain;Wir haben uns lange unterhalten.;We talked for a long time.;verb;يتسلى / يتكلم;;;talked;;;
1023;fern;far / distant;Das Dorf liegt fern von hier.;The village lies far from here.;adverb;بعيد;;;far;;;
1024;post;mail;Ich bekomme selten Post.;I rarely get mail.;noun;بوستا / بريد;f;;mail;;;
1025;benehmen;to behave (manners);Benimm dich bitte!;Please behave!;verb;يتصرف;;Benimm;behave;;;
1026;bestätigt;confirmed;Das wurde offiziell bestätigt.;That was officially confirmed.;adjective;مؤكّد;;;confirmed;;;
1027;teuer;expensive;Das Auto ist sehr teuer.;The car is very expensive.;adjective;غالي;;;expensive;;;
1028;kontrollieren;to check / control;Ich muss das kurz kontrollieren.;I need to check that briefly.;verb;يراقب / يتحكم;;;check;;;
1029;Mädels;girls (informal);Kommt her, Mädels!;Come here, girls!;noun;بنات;n;;girls;;;
1030;Sterne;stars;Die Sterne sind heute klar zu sehen.;The stars are easy to see tonight.;noun;نجوم;m;;stars;;;
1031;konzentrieren;to concentrate;Ich kann mich nicht konzentrieren.;I can’t concentrate.;verb;يركّز;;;concentrate;;;
1032;gilt;applies;Diese Regel gilt für alle.;This rule applies to everyone.;verb;يُعتبر / ينطبق;;;applies;;;
1033;akzeptieren;to accept;Ich kann das nicht akzeptieren.;I can’t accept that.;verb;يقبل;;;accept;;;
1034;gebissen;bitten;Der Hund hat mich gebissen.;The dog bit me.;verb;متعضوض;;;bit;;;
1035;leiten;to lead / manage;Sie leitet ein großes Team.;She manages a large team.;verb;يقود / يوجّه;;leitet;manages;;;
1036;hingehen;to go there;Wohin willst du hingehen?;Where do you want to go?;verb;يروح;;;to;;;
1037;Kunden;customers;Die Kunden sind echt zufrieden.;The customers are really satisfied.;noun;زباين / عملاء;m;;customers;;;
1038;Brücke;bridge;Die Brücke ist echt alt.;The bridge is really old.;noun;كبري / جسر;f;;bridge;;;
1039;Hälfte;the half (noun);Ich nehme die Hälfte.;I’ll take half.;noun;نص;f;;half;;;
1040;zurückkehren;to return;Wann wirst du zurückkehren?;When will you return?;verb;يرجع;;;return;;;
1041;lächerlich;ridiculous;Das ist doch lächerlich!;That’s ridiculous!;adjective;سخيف / يضحّك;;;ridiculous;;;
1042;Gehirn;the brain (organ itself);Das Gehirn ist echt komplex.;The brain is really complex.;noun;مخ;n;;The brain;;;
1044;Küche;kitchen;Die Küche ist echt neu.;The kitchen is really new.;noun;مطبخ;f;;kitchen;;;
1045;neun;nine;Er hat neun Katzen.;He has nine cats.;number;تسعة;;;nine;;;
1046;Zweifel;the doubt (itself);Ich habe keinen Zweifel daran.;I have no doubt about it.;noun;شك / شكوك;m;;doubt;;;
1047;stammt;originates from;Das Wort stammt aus dem Lateinischen.;The word originates from Latin.;verb;أصلُه / جاي من;;;originates from;;;
1048;sowas;something like that;Sowas habe ich noch nie gesehen.;I’ve never seen something like that.;pronoun;حاجة زي دي / زي كده;;;something like that;;;
1049;stich;stab / sting;Der Stich tut weh.;The sting hurts.;noun;لدغة / غرزة;m;;sting;;;
1050;herzlichen;heartfelt / sincere;Herzlichen Dank für alles!;Sincere thanks for everything!;adjective;من القلب / بكل قلب;;;Sincere;;;
1051;begriff;term / concept;Das ist echt ein schwieriger Begriff.;That is really a difficult term.;noun;مفهوم / مصطلح;m;;term;;;
1052;anklage;accusation / charge;Die Anklage ist echt ernst.;The charge is really serious.;noun;اتهام;f;;charge;;;
1053;begleiten;to accompany;Kannst du mich begleiten?;Can you accompany me?;verb;يرافق;;;accompany;;;
1054;Schwierigkeiten;difficulties;Wir hatten große Schwierigkeiten.;We had big difficulties.;noun;صعوبات / مشاكل;f;;difficulties;;;
1055;untersuchen;to investigate / examine;Der Arzt wird dich untersuchen.;The doctor will examine you.;verb;يفحص / يحقق;;;examine;;;
1056;reinkommen;to come in;Darf ich reinkommen?;May I come in?;verb;يدخل / يخش;;;come in;;;
1057;richten;to direct / to aim;Richte deine Aufmerksamkeit hierhin.;Direct your attention here.;verb;يوجّه / يحكم (قانون);;Richte;Direct;;;
1058;erschreckt;frightened (for a short time);Das Kind war echt erschreckt.;The child was really frightened.;adjective;اتخضّ / اتفزع;;;frightened;;;
1059;Freiheit;freedom;Freiheit ist wichtig.;Freedom is important.;noun;حرية;f;;Freedom;;;
1060;Interesse;interest;Ich habe großes Interesse daran.;I have great interest in that.;noun;اهتمام;n;;interest;;;
1061;Unsinn;nonsense/ absurd;Das ist echt völliger Unsinn!;That is really complete nonsense!;noun;كلام فاضي / هبل;m;;nonsense;;;
1062;reiten;to ride;Sie reitet gern Pferde.;She likes to ride horses.;verb;يركب حصان;;reitet;ride;;;
1063;sieg;victory;Der Sieg war echt verdient.;The victory was really deserved.;noun;فوز / نصر;m;;victory;;;
1064;Prinz;prince;Der Prinz betritt den Saal.;The prince enters the hall.;noun;أمير;m;;prince;;;
1065;existiert;exists;So etwas existiert nicht.;Such a thing doesn’t exist.;verb;موجود;;;exist;;;
1066;verschiedene;various / different;Es gibt verschiedene Möglichkeiten.;There are various possibilities.;adjective;مختلفة;;;various;;;
1067;pro;per / for;Fünf Euro pro Person.;Five euros per person.;prep;لكل / مقابل;;;per;;;
1068;See;lake;Der See ist echt tief.;The lake is really deep.;noun;بحيرة;m;;lake;;;
1069;Auftrag;assignment / order;Ich habe einen wichtigen Auftrag.;I have an important assignment.;noun;مهمة / تكليف / طلبية;m;;assignment;;;
1070;Respekt;respect;Er verdient Respekt.;He deserves respect.;noun;احترام;m;;respect;;;
1071;zufrieden;satisfied;Ich bin sehr zufrieden.;I am very satisfied.;adjective;راضي / مبسوط;;;satisfied;;;
1072;rauskommen;to get out;Wie soll ich hier rauskommen?;How should I get out of here?;verb;يطلع / يخرج;;;get out;;;
1073;Oberst;colonel;Der Oberst gab den Befehl.;The colonel gave the order.;noun;عقيد;m;;colonel;;;
1074;allerdings;however / though;Das ist möglich, allerdings schwierig.;That is possible, but difficult.;adverb;بس / لكن / فعلاً (حسب السياق);;;but;;;
1075;erfüllt;fulfilled / met;Der Wunsch wurde gerade erfüllt.;The wish was fulfilled just now.;adjective;متحقّق / نفّذ / حقّق;;;fulfilled;;;
1076;Operation;operation / surgery;Die Operation war echt erfolgreich.;The surgery was really successful.;noun;عملية (جراحية) / عملية (عسكرية);f;;surgery;;;
1077;Vorschlag;suggestion;Das ist echt ein guter Vorschlag.;That is really a good suggestion.;noun;اقتراح;m;;suggestion;;;
1078;riesige;huge;Das ist eine riesige Chance.;That is a huge opportunity.;adjective;ضخمة / كبيرة قوي;;;huge;;;
1079;Richter;judge;Der Richter hat entschieden.;The judge has decided.;noun;قاضي;m;;judge;;;
1080;Abendessen;dinner;Das Abendessen ist echt bereit.;Dinner is really ready.;noun;العشا;n;;Dinner;;;
1081;London;London;Ich fliege morgen nach London.;I’m flying to London tomorrow.;noun;لندن;n;;London;;;
1082;enttäuscht;disappointed;Ich bin sehr enttäuscht.;I’m very disappointed.;adjective;مُحبط / متضايق / خاب أمله;;;disappointed;;;
1083;wechseln;to change / switch;Wir müssen den Platz wechseln.;We need to change places.;verb;يغيّر / يبدّل;;;change;;;
1084;fernsehen;to watch TV;Ich will heute fernsehen.;I want to watch TV today.;verb;يتفرّج على التلفزيون;;;watch TV;;;
1085;Deal;deal;Wir haben einen Deal.;We have a deal.;noun;صفقة / اتفاق;m;;deal;;;
1086;statt;instead of;Wir gehen statt dessen essen.;We’re going out to eat instead.;prep;بدل;;;instead;;;
1087;Taxi;taxi;Das Taxi kommt gleich.;The taxi is coming soon.;noun;تاكسي;n;;taxi;;;
1088;Cop;cop (slang);Der Cop hat ihn angehalten.;The cop stopped him.;noun;ظابط / شرطي;m;;cop;;;
1089;entführt;kidnapped;Das Kind wurde gerade entführt.;The child was kidnapped just now.;verb;مخطوف;;;kidnapped;;;
1090;worüber;about what;Worüber redest du?;What are you talking about?;adverb;عن إيه / على إيه;;;What;;;
1091;davor;before that;Ich war schon davor dort.;I was there before that.;adverb;قبل كده / قبل ده;;;before that;;;
1092;wochenende;weekend;Am Wochenende fahre ich weg.;I’m leaving on the weekend.;noun;ويك إند / آخر الأسبوع;n;;weekend;;;
1093;englisch;English;Ich spreche englisch.;I speak English.;adjective;إنجليزي;;;English;;;
1094;entwickelt;developed;Das Programm wurde entwickelt.;The program was developed.;adjective;متطوّر / اتطوّر / طوّر;;;developed;;;
1095;nachts;at night;Ich esse nachts nie.;I never eat at night.;adverb;بالليل;;;at night;;;
1096;Meter;meter;Das Haus ist echt 20 Meter hoch.;The house is really 20 meters tall.;noun;متر;m;;meters;;;
1098;fett;fat / greasy;Das Essen ist zu fett.;The food is too greasy.;adjective;دهون / دُهني / تخين;;;greasy;;;
1099;Farbe;colour;Welche Farbe magst du?;What colour do you like?;noun;لون;f;;colour;;;
1100;waschen;to wash;Ich muss meine Kleidung waschen.;I need to wash my clothes.;verb;يغسل;;;wash;;;
1101;Schwert;sword;Er zieht sein Schwert.;He draws his sword.;noun;سيف;n;;sword;;;
1102;berührt;touched;Das hat mich sehr berührt.;That touched me deeply.;verb;لمس / اتأثّر;;;touched;;;
1103;schweigen;to be silent;Bitte schweig einen Moment.;Please be silent for a moment.;verb;يسكت;;schweig;be silent;;;
1104;Zähne;teeth;Ich putze meine Zähne.;I brush my teeth.;noun;سنان;m;;teeth;;;
1105;reparieren;to repair;Kannst du mein Handy reparieren?;Can you repair my phone?;verb;يصلّح;;;repair;;;
1106;fein;fine / delicate;Das ist ein feines Kleid.;That is a fine dress.;adjective;ناعم / كويس / تمام;;;fine;;;
1107;kollegen;colleagues;Meine Kollegen sind nett.;My colleagues are nice.;noun;زمايل;m;;colleagues;;;
1108;maul;"mouth (animal) / rude ""shut up""";Halt dein Maul!;Shut your mouth! (rude);noun;بُق (بشكل وقح) / بقّ;n;;mouth;;;
1109;scharf;sharp / spicy;Das Messer ist scharf.;The knife is sharp.;adjective;حامي / حاد / جامد (على حد);;;sharp;;;
1110;amerikanische;American (thing);Ich liebe amerikanische Filme.;I love American movies.;adjective;أمريكيّة;;;American;;;
1111;Gang;corridor / gang;Wir treffen uns im Gang.;We meet in the corridor.;noun;عصابة;m;;corridor;;;
1112;komplett;complete/completely;Das Projekt ist komplett fertig.;The project is completely finished.;adjective;كامل / خالص;;;completely;;;
1113;Fleisch;meat;Ich esse kein Fleisch.;I don’t eat meat.;noun;لحمة;n;;meat;;;
1115;Energie;energy;Ich habe heute keine Energie.;I have no energy today.;noun;طاقة;f;;energy;;;
1116;Kilometer;kilometre;Es sind fünf Kilometer bis zur Stadt.;It’s five kilometres to the city.;noun;كيلومتر;m;;kilometres;;;
1117;sorry;sorry (loanword);Sorry, das war keine Absicht.;Sorry, it wasn’t on purpose.;interjection;آسف / معلش;;;Sorry;;;
1118;entlang;along;Wir gehen den Fluss entlang.;We walk along the river.;prep;على طول / بمحاذاة;;;along;;;
1119;ecke;corner;Ich warte an der Ecke.;I’m waiting at the corner.;noun;ناصية / ركن;f;;corner;;;
1120;einverstanden;agreed;Ich bin damit einverstanden.;I agree with that.;adjective;موافق;;;agree;;;
1121;zufällig;by chance / random;Wir haben uns zufällig getroffen.;We met by accident.;adverb;بالصدفة;;;by accident;;;
1122;gesamte;entire / whole;Ich nehme lieber die gesamte Option.;I'd rather take the entire option.;adjective;كلّه / بالكامل;;;entire;;;
1123;vergehen;to pass (time);Die Zeit vergeht schnell.;Time passes quickly.;verb;يعدّي / يمضي;;vergeht;passes;;;
1124;Erfahrung;experience;Ich habe viel Erfahrung darin.;I have a lot of experience in that.;noun;خبرة / تجربة;f;;experience;;;
1125;irgendjemand;somebody / anyone;Irgendjemand hat geklopft.;Somebody knocked.;pronoun;أي حد / حدّ ما;;;Somebody;;;
1126;Gentlemen;gentlemen;Guten Abend, Gentlemen.;Good evening, gentlemen.;noun;يا حضرات / يا سادة;m;;gentlemen;;;
1127;zustand;condition;Der Zustand des Autos ist echt schlecht.;The condition of the car is really bad.;noun;حالة;m;;condition;;;
1128;Neuigkeiten;news;Hast du Neuigkeiten für mich?;Do you have news for me?;noun;أخبار / جديد;f;;news;;;
1129;beschissen;shitty (slang);Das Wetter ist total beschissen.;The weather is totally shitty.;adjective;وحش قوي / خرا (شتيمة);;;shitty;;;
1130;hexe;witch;Die Hexe lebt im Wald.;The witch lives in the forest.;noun;ساحرة;f;;witch;;;
1132;Sergeant;sergeant;Der Sergeant gibt den Befehl.;The sergeant gives the order.;noun;رقيب;m;;sergeant;;;
1133;Club;club;Wir treffen uns im Club.;We will meet at the club.;noun;نادي / كلوب;m;;club;;;
1134;umgehen;to handle / avoid;Ich kann gut mit Stress umgehen.;I can handle stress well.;verb;يتعامل مع / يلفّ / يتفادى;;;handle;;;
1135;anhalten;to stop (moving);Bitte anhalten!;Please stop!;verb;يوقّف / يقف;;;stop;;;
1136;betrifft;concerns / affects;Das betrifft uns alle.;That concerns all of us.;verb;يخصّ / يتعلق بـ;;;concerns;;;
1137;aha;aha;Aha, jetzt verstehe ich.;Aha, now I understand.;interjection;آها / أها;;;Aha;;;
1138;ruiniert;ruined;Du hast alles ruiniert.;You ruined everything.;adjective;بوّظ / دمّر;;;ruined;;;
1139;schließlich;finally / eventually;Schließlich sind wir angekommen.;We finally arrived.;adverb;في الآخر / في النهاية;;;finally;;;
1140;Gelegenheit;opportunity;Das ist echt deine Gelegenheit.;This is really your opportunity.;noun;فرصة / مناسبة;f;;opportunity;;;
1141;Risiko;risk;Das ist echt ein großes Risiko.;That is really a big risk.;noun;مخاطرة;n;;risk;;;
1142;schlau;clever;Du bist wirklich schlau.;You’re really clever.;adjective;ذكي / شاطر;;;clever;;;
1144;merkwürdig;suspicious / strange;Das ist eine merkwürdige Geschichte.;That is a strange story.;adjective;غريب;;;strange;;;
1145;vernichten;to destroy;Wir müssen die Beweise vernichten.;We must destroy the evidence.;verb;يفني / يدمّر;;;destroy;;;
1146;Flug;flight;Mein Flug geht um 7 Uhr.;My flight leaves at 7.;noun;رحلة طيران / طيران;m;;flight;;;
1147;verarschen;to mess with / trick;Willst du mich verarschen?;Are you messing with me?;verb;يستعبط / يضحك عليه / يستهبل (شتيمة);;;messing with;;;
1148;überlassen;to leave to / hand over;Ich überlasse dir die Entscheidung.;I leave the decision to you.;verb;يسيبه له / يسلّمه;;überlasse;leave;;;
1149;Fluss;river;Der Fluss ist echt breit.;The river is really wide.;noun;نهر;m;;river;;;
1150;übersetzt;translated;Der Text wurde gerade ins Deutsche übersetzt.;The text was translated into German just now.;verb;مترجم / يترجم;;;translated;;;
1151;riskieren;to risk;Ich will mein Leben nicht riskieren.;I don’t want to risk my life.;verb;يخاطر;;;risk;;;
1153;Engel;angel;Sie sieht aus wie ein Engel.;She looks like an angel.;noun;ملاك;m;;angel;;;
1154;wahnsinnig;insane / extremely;Das ist wahnsinnig gefährlich.;That is insanely dangerous.;adjective;مجنون / جامد قوي (عامية);;;insanely;;;
1155;beigebracht;taught;Mein Vater hat mir das Fahren beigebracht.;My father taught me how to drive.;verb;علّمه / علّمته;;;taught;;;
1156;Schätzchen;darling / sweetheart;Komm her, Schätzchen.;Come here, sweetheart.;noun;يا حبيبي/حبيبتي / يا قمر (دلّع);n;;sweetheart;;;
1157;Fräulein;miss / young lady;Guten Tag, Fräulein.;Good day, miss.;noun;آنسة;n;;miss;;;
1158;besprechen;to discuss / talk over something;Lass uns das später besprechen.;Let’s discuss this later.;verb;يناقش;;;discuss;;;
1159;blind;blind;Er ist echt seit Geburt blind.;He really has been blind since birth.;adjective;أعمى;;;blind;;;
1160;nachmittag;afternoon;Am Nachmittag habe ich Zeit.;I have time in the afternoon.;noun;بعد الضهر;m;;afternoon;;;
1161;Dach;roof;Das Dach ist echt undicht.;The roof is really leaking.;noun;سقف;n;;roof;;;
1162;form;form / shape;Die Form ist echt ungewöhnlich.;The shape is really unusual.;noun;شكل;f;;shape;;;
1163;liefern;to deliver;Wir liefern Ihre Bestellung morgen.;We deliver your order tomorrow.;verb;يوصل / يسلّم;;;deliver;;;
1164;Haufen;pile / bunch;Da liegt ein Haufen Papier.;There’s a pile of paper.;noun;كومة / كتير;m;;pile;;;
1165;Mut;courage;Er hat viel Mut gezeigt.;He showed a lot of courage.;noun;شجاعة;m;;courage;;;
1166;unterstützen;to support;Ich werde dich unterstützen.;I will support you.;verb;يساعد / يدعم;;;support;;;
1167;Lehrer;teacher;Der Lehrer erklärt es gut.;The teacher explains it well.;noun;مدرّس;m;;teacher;;;
1168;Szene;scene;Die Szene im Film war echt spannend.;The scene in the movie was really exciting.;noun;مشهد;f;;scene;;;
1169;daher;therefore;Ich war krank, daher blieb ich zuhause.;I was sick, therefore I stayed home.;adverb;عشان كده / لذلك;;;therefore;;;
1170;offenbar;Obviously / evidently;Offenbar wusste er nichts davon.;Apparently he knew nothing about it.;adverb;واضح إن / يبدو;;;Apparently;;;
1171;französisch;French;Ich lerne französisch.;I’m learning French.;adjective;فرنساوي;;;French;;;
1172;nee;no (informal);Nee, das glaube ich nicht.;No, I don’t think so.;interjection;لأ;;;No;;;
1173;zulassen;to allow / permit;Ich kann das nicht zulassen.;I can’t allow that.;verb;يسمح;;;allow;;;
1174;vorwärts;forwards;Geh weiter vorwärts!;Keep moving forward!;adverb;لقدّام;;;forward;;;
1175;Oma;grandma;Meine Oma backt den besten Kuchen.;My grandma bakes the best cake.;noun;تيتا;f;;grandma;;;
1177;beantworten;to answer;Kannst du meine Frage beantworten?;Can you answer my question?;verb;يردّ / يجاوب;;;answer;;;
1178;Trick;trick;Das ist echt nur ein Trick.;That's really just a trick.;noun;حركة / خدعة;m;;trick;;;
1179;studiert;studied;Er hat Medizin studiert.;He studied medicine.;verb;درس / بيَدرس (جامعة);;;studied;;;
1180;berühmt;famous;Er ist echt ein berühmt­er Sänger.;He is really a famous singer.;adjective;مشهور;;;famous;;;
1181;Kurs;course;Ich besuche einen Deutschkurs.;I’m taking a German course.;noun;كورس / دورة;m;;course;;;
1182;hinaus;out / beyond;Geh bitte hinaus!;Please go out!;adverb;لبرا / برّه;;;out;;;
1183;albern;silly;Das ist eine alberne Idee.;That is a silly idea.;adjective;طفولي / سخيف;;;silly;;;
1186;freundlich;friendly;Er war sehr freundlich.;He was very friendly.;adjective;لطيف / محترم;;;friendly;;;
1187;Sommer;summer;Der Sommer ist echt heiß.;The summer is really hot.;noun;الصيف;m;;summer;;;
1188;Brust;chest / breast;Meine Brust tut weh.;My chest hurts.;noun;صدر;f;;chest;;;
1189;reihe;row / series;Wir sitzen in der ersten Reihe.;We’re sitting in the first row.;noun;صف;f;;row;;;
1190;Ausdruck;expression;Dieser Ausdruck ist schwer.;This expression is difficult.;noun;تعبير / كلمة;m;;expression;;;
1191;ertragen;to endure / bear;Ich kann das nicht mehr ertragen.;I can’t bear this anymore.;verb;يستحمل;;;bear;;;
1192;angeht;concerns / is about;Was dein Problem angeht…;As for your problem…;verb;يخصّ / يتعلق بـ;;;As for;;;
1193;einsam;lonely;Ich fühle mich manchmal einsam.;I feel lonely sometimes.;adjective;لوحده / وحيد;;;lonely;;;
1194;worum;what about;Worum geht es hier?;What is this about?;adverb;عن إيه بالظبط؟;;;What;;;
1195;kehren;to turn / sweep;Er kehrt den Boden.;He sweeps the floor.;verb;يرجع / يكنس (حسب السياق);;kehrt;sweeps;;;
1196;Mistkerl;bastard / jerk;Du Mistkerl!;You bastard!;noun;ابن وسخة / عرص (شتيمة قوية);m;;bastard;;;
1197;Einheit;unit;Die Einheit ist echt bereit.;The unit is really ready.;noun;وحدة;f;;unit;;;
1198;pfeift;whistles;Der Wind pfeift laut.;The wind is whistling loudly.;verb;بيصفّر;;;whistling;;;
1199;mächtig;powerful;Er ist echt ein mächtiger Mann.;He is really a powerful man.;adjective;قوي / نافذ;;;powerful;;;
1200;Meilen;miles;Es sind noch viele Meilen bis zum Ziel.;There are still many miles to the destination.;noun;أميال;f;;miles;;;
1201;abgeschlossen;finished / completed;Ich habe das Projekt abgeschlossen.;I have completed the project.;adjective;مقفول / خلّص / متخرّج;;;completed;;;
1202;Robert;Robert (name);Robert ist schon angekommen.;Robert has already arrived.;noun;روبرت;;;Robert;;;
1203;Zeitpunkt;point in time;Das ist nicht der richtige Zeitpunkt.;This is not the right moment.;noun;وقت / لحظة;m;;moment;;;
1204;braut;bride;Die Braut sieht wunderschön aus.;The bride looks beautiful.;noun;عروسة;f;;bride;;;
1205;langweilig;boring;Mir ist gerade langweilig.;I'm bored right now.;adjective;ممل;;;bored;;;
1206;verwandelt;transformed;Das Wasser wurde in Eis verwandelt.;The water was transformed into ice.;verb;حوّل / اتحوّل;;;transformed;;;
1207;stürzen;to fall / crash;Pass auf, du könntest stürzen.;Be careful, you might fall.;verb;يقع / ينهار;;;fall;;;
1208;weich;soft;Das Kissen ist sehr weich.;The pillow is very soft.;adjective;ناعم / طري;;;soft;;;
1209;schwul;gay;Er hat gesagt, dass er schwul ist.;He said that he is gay.;adjective;مثلي (شتيمة في العامية أحياناً);;;gay;;;
1210;hure;whore;Sie nannte ihn eine Hure.;She called him a whore.;noun;عاهرة (شتيمة);f;;whore;;;
1211;Lord;lord;Der Lord betrat den Saal.;The lord entered the hall.;noun;لورد / نبيل;m;;lord;;;
1212;schalten;to switch / turn on/off;Schalt bitte das Licht ein.;Please turn on the light.;verb;يشغّل / يبدّل;;Schalt;turn on;;;
1213;gestoßen;bumped / pushed;Ich bin gegen die Tür gestoßen.;I bumped into the door.;verb;خبط / زقّ;;;bumped;;;
1214;Lösung;solution;Wir brauchen eine Lösung für das Problem.;We need a solution to the problem.;noun;حل;f;;solution;;;
1215;verhindern;to prevent;Wir müssen das verhindern.;We have to prevent that.;verb;يمنع;;;prevent;;;
1216;Keller;basement;Der Keller ist echt dunkel.;The basement is really dark.;noun;بدروم / قبو;m;;basement;;;
1217;verantwortung;responsibility;Das ist echt deine Verantwortung.;That is really your responsibility.;noun;مسؤولية;f;;responsibility;;;
1218;Daten;data;Die Daten wurden gerade gespeichert.;The data was saved just now.;noun;بيانات;n;;data;;;
1219;Hinweis;hint / clue;Wir haben einen wichtigen Hinweis gefunden.;We found an important clue.;noun;دليل / ملاحظة;m;;clue;;;
1220;Walter;Walter (name);Walter ist heute nicht da.;Walter is not here today.;noun;والتر;;;Walter;;;
1221;Mami;mommy;Meine Mami holt mich ab.;My mom is picking me up.;noun;ماما;f;;mom;;;
1222;Thema;topic;Das ist nicht das Thema.;That’s not the topic.;noun;موضوع;n;;topic;;;
1223;sammeln;to collect;Er sammelt alte Münzen.;He collects old coins.;verb;يجمع;;sammelt;collects;;;
1224;Unterricht;class / lesson;Der Unterricht beginnt um acht.;The class starts at eight.;noun;حصة / درس;m;;class;;;
1225;Lager;camp / storage;Die Kisten stehen im Lager.;The boxes are in the storage room.;noun;مخزن / معسكر;n;;storage;;;
1226;Wahnsinn;madness / insane;Das ist echt doch reiner Wahnsinn!;That's really pure madness!;noun;جنون;m;;madness;;;
1227;hundert;hundred;Hundert Leute waren da.;One hundred people were there.;number;مية;;;hundred;;;
1228;lehren;to teach;Sie lehrt Deutsch an der Uni.;She teaches German at the university.;verb;يعلّم;;lehrt;teaches;;;
1229;Restaurant;restaurant;Wir treffen uns im Restaurant.;We’re meeting at the restaurant.;noun;مطعم;n;;restaurant;;;
1230;gewöhnt;used to / accustomed;Ich bin das kalte Wetter nicht gewöhnt.;I’m not used to the cold weather.;adjective;متعوّد;;;used to;;;
1231;Pflicht;duty / obligation;Es ist meine Pflicht, dir zu helfen.;It’s my duty to help you.;noun;واجب;f;;duty;;;
1232;Mond;moon;Der Mond scheint heute hell.;The moon is shining brightly tonight.;noun;قمر;m;;moon;;;
1233;informiert;informed;Ich wurde darüber informiert.;I was informed about it.;adjective;مُبلَّغ / عارف;;;informed;;;
1234;überfallen;to rob / attack;Er wurde gerade auf der Straße überfallen.;He was mugged on the street just now.;verb;يهجم / يسطو;;;mugged;;;
1235;Date;date;Wir haben heute Abend ein Date.;We have a date tonight.;noun;ميعاد / ديت;n;;date;;;
1236;vollkommen;completely / perfectly;Das ist vollkommen in Ordnung.;That’s completely fine.;adverb;تماماً / كامل;;;completely;;;
1237;Robin;Robin (name);Robin hat angerufen.;Robin called.;noun;روبن;;;Robin;;;
1238;wehtun;to hurt;Mein Arm tut weh.;My arm hurts.;verb;يوجع;;weh;hurts;;;
1239;pause;break;Wir machen eine kurze Pause.;We’re taking a short break.;noun;استراحة;f;;break;;;
1240;prima;great / awesome;Das klingt prima!;That sounds great!;adjective;تمام / زي الفل;;;great;;;
1241;senden;to send (formal/technical);Ich sende dir eine Nachricht.;I’m sending you a message.;verb;يبعت;;sende;sending;;;
1242;rauf;up / upwards;Komm rauf!;Come up!;adverb;فوق;;;up;;;
1243;Strand;beach;Der Strand ist echt wunderschön.;The beach is really beautiful.;noun;شاطئ;m;;beach;;;
1244;begegnet;encountered / met;Ich bin ihm gestern begegnet.;I ran into him yesterday.;verb;قابل / اتقابل مع;;;ran into;;;
1245;klären;to clarify;Wir müssen das klären.;We have to clarify that.;verb;يوضّح / يحلّ;;;clarify;;;
1246;Bobby;Bobby (name);Bobby wartet draußen.;Bobby is waiting outside.;noun;شرطي (عامية);;;Bobby;;;
1247;Nachbarn;neighbors;Unsere Nachbarn sind nett.;Our neighbors are nice.;noun;الجيران;m;;neighbors;;;
1248;dorthin;to there / over there;Wir gehen dorthin.;We’re going over there.;adverb;لهناك;;;over there;;;
1249;Zufall;coincidence;Das ist echt kein Zufall.;That's really not a coincidence.;noun;صدفة;m;;coincidence;;;
1250;Großvater;grandfather;Mein Großvater ist 80 Jahre alt.;My grandfather is 80 years old.;noun;جد;m;;grandfather;;;
1251;anfassen;to touch;Fass das bitte nicht an!;Please don’t touch that!;verb;يلمس;;Fass;touch;;;
1252;sparen;to save (money);Ich muss mehr Geld sparen.;I need to save more money.;verb;يوفّر;;;save;;;
1253;rührt;moves / touches emotionally;Das Lied rührt mich.;The song moves me.;verb;يهزّ / يحرّك / يلمس مشاعر;;;moves;;;
1254;vermute;I suspect / I assume;Ich vermute, dass er lügt.;I suspect that he’s lying.;verb;أظن / أتوقّع;;;I suspect;;;
1255;Hintern;butt;Beweg deinen Hintern!;Move your butt!;noun;مؤخرة / طيز (عامية);m;;butt;;;
1256;begangen;committed;Er hat kein Verbrechen begangen.;He didn’t commit a crime.;verb;ارتكب;;;commit;;;
1257;jene;those;Ich meine jene dort drüben.;I mean those over there.;pronoun;دول / تلك;;;those;;;
1258;wecken;to wake someone;Kannst du mich um 7 wecken?;Can you wake me at 7?;verb;يصحّي;;;wake;;;
1259;Koffer;suitcase;Mein Koffer ist zu schwer.;My suitcase is too heavy.;noun;شنطة سفر;m;;suitcase;;;
1260;brav;well-behaved;Das Kind war heute brav.;The child behaved well today.;adjective;مؤدّب / شاطر;;;behaved;;;
1261;Tatsache;fact;Das ist echt eine Tatsache.;That is really a fact.;noun;حقيقة;f;;fact;;;
1262;Zigarette;cigarette;Er raucht eine Zigarette.;He’s smoking a cigarette.;noun;سيجارة;f;;cigarette;;;
1263;betrachten;to look at / consider;Lass uns das genauer betrachten.;Let’s look at that more closely.;verb;يبصّ / يتأمل;;;look at;;;
1264;verlobt;engaged;Sie sind echt seit einem Jahr verlobt.;They’ve been engaged for a year.;adjective;مخطوب/مخطوبة;;;engaged;;;
1265;Gewalt;violence;Gewalt ist keine Lösung.;Violence is not a solution.;noun;عنف;f;;Violence;;;
1266;verwirrt;confused;Ich bin total verwirrt.;I’m totally confused.;adjective;ملخبط / متلخبط;;;confused;;;
1267;Anzug;suit;Er trägt einen schwarzen Anzug.;He’s wearing a black suit.;noun;بدلة;m;;suit;;;
1268;kompliziert;complicated;Das ist eine komplizierte Situation.;That’s a complicated situation.;adjective;معقّد;;;complicated;;;
1269;Urlaub;vacation;Wir planen unseren Urlaub.;We’re planning our vacation.;noun;إجازة;m;;vacation;;;
1270;verteidigen;to defend;Er musste sich selbst verteidigen.;He had to defend himself.;verb;يدافع;;;defend;;;
1271;Amerikaner;American (person);Er ist echt Amerikaner.;He is really American.;noun;أمريكاني;m;;American;;;
1272;aufmachen;to open;Mach bitte das Fenster auf.;Please open the window.;verb;يفتح;;Mach;open;;;
1273;selten;rarely;Ich esse selten Fleisch.;I rarely eat meat.;adverb;نادر;;;rarely;;;
1274;festhalten;to hold on / to hold tight;Halt dich gut fest!;Hold on tight!;verb;يمسك جامد / يثبت;;Halt;Hold on;;;
1275;dankbar;thankful;Ich bin dir sehr dankbar.;I am very thankful to you.;adjective;ممتن / شاكر;;;thankful;;;
1276;Vampir;vampire;Er sieht aus wie ein Vampir.;He looks like a vampire.;noun;مصّاص دماء;m;;vampire;;;
1277;mittel;medium / average;Die Portion ist echt mittel groß.;The portion is really medium-sized.;adjective;متوسط;;;medium;;;
1278;vorhin;a moment ago;Ich habe ihn vorhin gesehen.;I saw him a moment ago.;adverb;من شوية;;;a moment ago;;;
1279;nackt;naked;Das Baby ist nackt.;The baby is naked.;adjective;عريان;;;naked;;;
1280;steuern;to control / steer;Du kannst das Auto nicht steuern.;You can’t control the car.;verb;يسوق / يوجّه;;;control;;;
1281;lebendig;alive;Zum Glück ist er noch lebendig.;Luckily, he is still alive.;adjective;حيّ;;;alive;;;
1282;Knast;jail (slang);Er sitzt im Knast.;He’s in jail.;noun;سجن (عامية);m;;jail;;;
1283;wenden;to turn around;Du musst hier wenden.;You have to turn here.;verb;يلف / يقلب;;;turn;;;
1284;Bastard;bastard;Nenn mich nicht Bastard!;Don’t call me bastard!;noun;ابن حرام (شتيمة);m;;bastard;;;
1285;reizend;lovely / charming;Deine Mutter ist sehr reizend.;Your mother is very lovely.;adjective;لطيف جداً / جذّاب;;;lovely;;;
1286;daraus;from it / out of it;Ich mache das Beste daraus.;I’ll make the best out of it.;adverb;من ده / نتيجة ده;;;out of it;;;
1287;Übersetzung;translation;Die Übersetzung ist echt korrekt.;The translation is really correct.;noun;ترجمة;f;;translation;;;
1288;reagiert;reacted;Er hat gar nicht reagiert.;He didn’t react at all.;verb;يردّ فعل / يتفاعل;;;react;;;
1289;äußerst;extremely;Das ist äußerst gefährlich.;That is extremely dangerous.;adverb;جدّاً / للغاية;;;extremely;;;
1290;Krankheit;illness;Er hat wirklich eine schwere Krankheit.;He really has a serious illness.;noun;مرض;f;;illness;;;
1291;private;private;Das ist eine private Angelegenheit.;That’s a private matter.;adjective;خاص;;;private;;;
1292;Streich;prank;Es war nur ein Streich.;It was just a prank.;noun;مقلب;m;;prank;;;
1293;Frankreich;France;Ich war noch nie in Frankreich.;I’ve never been to France.;noun;فرنسا;n;;France;;;
1294;presse;press / media;Die Presse berichtet darüber.;The press is reporting on it.;noun;صحافة;f;;press;;;
1295;schild;sign / shield;Das Schild ist echt kaputt.;The sign is really broken.;noun;لافتة / لوحة;n;;sign;;;
1296;stinkt;stinks;Es stinkt hier.;It stinks here.;verb;ريحته وحشة;;;stinks;;;
1297;offiziell;official;Das ist die offizielle Version.;That’s the official version.;adjective;رسمي;;;official;;;
1298;Dieb;thief;Der Dieb wurde gerade gefasst.;The thief was caught just now.;noun;حرامي;m;;thief;;;
1299;erfunden;invented ;Er hat die Geschichte erfunden.;He made the story up.;verb;مخترَع / مألوف؟ (الأدق: مُختلَق);;;made up;;;
1300;Absicht;intention;Es war nicht meine Absicht.;It wasn’t my intention.;noun;نية / قصد;f;;intention;;;
1301;Rechnung;bill / invoice;Die Rechnung ist echt hoch.;The bill is really high.;noun;فاتورة / حساب;f;;bill;;;
1302;Wolf;wolf;Ein Wolf heult im Wald.;A wolf is howling in the forest.;noun;ذئب;m;;wolf;;;
1303;einstellen;to hire / adjust / stop;Die Firma stellt neue Leute ein.;The company is hiring new people.;verb;يوقّف / يوظّف (حسب السياق);;stellt;hiring;;;
1304;taucht;appears;Er taucht immer plötzlich auf.;He always appears suddenly.;verb;يظهر / يطلع;;;appears;;;
1305;ausgeben;to spend (money);Ich habe zu viel Geld ausgegeben.;I spent too much money.;verb;يصرف / يدفع;;ausgegeben;spent;;;
1306;Wichser;jerk / asshole (very vulgar);Dieser Wichser hat mich belogen.;That jerk lied to me.;noun;خول / زبالة (شتيمة قوية);m;;jerk;;;
1307;Labor;laboratory;Die Proben sind echt im Labor.;The samples are really in the lab.;noun;معمل;n;;lab;;;
1308;Mitglied;member;Er ist echt ein Mitglied des Teams.;He is really a member of the team.;noun;عضو;n;;member;;;
1309;geil;horny / awesome (slang);Das Konzert war richtig geil.;The concert was really awesome.;adjective;جامد / حلو قوي (عامية) / مُثار (حسب السياق);;;awesome;;;
1310;eng;tight / narrow;Die Hose ist mir zu eng.;The pants are too tight for me.;adjective;ضيّق;;;tight;;;
1311;besiegen;to defeat;Wir müssen den Feind besiegen.;We have to defeat the enemy.;verb;يهزم;;;defeat;;;
1312;weitermachen;to continue;Lass uns weitermachen.;Let’s continue.;verb;يكمّل;;;continue;;;
1313;seitdem;since then;Seitdem habe ich ihn nicht gesehen.;I haven’t seen him since then.;adverb;من ساعتها;;;since then;;;
1314;Termin;appointment;Ich habe morgen einen Termin.;I have an appointment tomorrow.;noun;ميعاد;m;;appointment;;;
1315;Wesen;creature / being;Ein seltsames Wesen erschien.;A strange creature appeared.;noun;كائن / طبيعة الشخص;n;;creature;;;
1316;normalerweise;normally;Normalerweise stehe ich früh auf.;Normally, I get up early.;adverb;عادةً;;;Normally;;;
1317;verurteilt;convicted;Er wurde gerade zu fünf Jahren verurteilt.;He was sentenced to five years just now.;adjective;محكوم عليه / أدانه;;;sentenced;;;
1318;schämen;to be ashamed;Du musst dich nicht schämen.;You don’t have to be ashamed.;verb;يكسف / يستحي;;;be ashamed;;;
1319;inneren;inner / internal;Ich habe ein seltsames Gefühl im Inneren.;I have a strange feeling inside.;adjective;الداخل / جوّا;;;inside;;;
1320;Umständen;circumstances;Unter diesen Umständen gehe ich nicht.;Under these circumstances, I’m not going.;noun;ظروف;m;;circumstances;;;
1321;Fähigkeiten;abilities;Sie hat außergewöhnliche Fähigkeiten.;She has extraordinary abilities.;noun;مهارات;f;;abilities;;;
1322;Sturm;storm;Ein starker Sturm zieht auf.;A strong storm is coming.;noun;عاصفة;m;;storm;;;
1323;schieben;to push;Schieb den Tisch nach links.;Push the table to the left.;verb;يزقّ / يدفع;;Schieb;Push;;;
1324;Natur;nature;Die Natur hier ist echt wunderschön.;The nature here is really beautiful.;noun;طبيعة;f;;nature;;;
1325;billig;cheap;Das T-Shirt war sehr billig.;The T-shirt was very cheap.;adjective;رخيص;;;cheap;;;
1326;mindestens;at least;Du brauchst mindestens acht Stunden Schlaf.;You need at least eight hours of sleep.;adverb;على الأقل;;;at least;;;
1327;Programm;program;Das Programm funktioniert nicht.;The program doesn’t work.;noun;برنامج;n;;program;;;
1328;Gewehr;rifle / gun;Er hielt ein Gewehr in der Hand.;He held a rifle in his hand.;noun;بندقية;n;;rifle;;;
1329;Lee;Lee (name);Lee kommt später dazu.;Lee will join later.;noun;لي;;;Lee;;;
1330;Direktor;director / principal;Der Direktor ist echt streng.;The director is really strict.;noun;مدير;m;;director;;;
1331;zugeben;to admit;Ich muss zugeben, dass du recht hast.;I have to admit that you’re right.;verb;يعترف;;;admit;;;
1332;Pistole;pistol;Er zog eine Pistole.;He pulled a gun.;noun;مسدس;f;;gun;;;
1333;versagt;failed;Er hat völlig versagt.;He completely failed.;verb;فشل / ما اشتغلش;;;failed;;;
1334;Stuhl;chair;Der Stuhl ist echt kaputt.;The chair is really broken.;noun;كرسي;m;;chair;;;
1335;mies;lousy;Mir geht’s heute mies.;I feel lousy today.;adjective;وحش / رديء;;;lousy;;;
1336;Kapitän;captain (leader);Der Kapitän begrüßt alle Passagiere.;The captain welcomes all passengers.;noun;كابتن;m;;captain;;;
1337;Video;video;Ich habe ein lustiges Video gesehen.;I saw a funny video.;noun;فيديو;n;;video;;;
1338;drüber;over it / about it;Denk nicht weiter drüber nach.;Don’t think about it too much.;adverb;عليه / فوقه;;;about it;;;
1339;Jahrhundert;century;Das ist echt das Ereignis des Jahrhunderts.;This is really the event of the century.;noun;قرن;n;;century;;;
1340;hässlich;ugly;Das finde ich ziemlich hässlich.;I find that pretty ugly.;adjective;وحش;;;ugly;;;
1341;Einsatz;mission / operation;Der Einsatz beginnt um Mitternacht.;The mission starts at midnight.;noun;مهمة / تدخل / شغل;m;;mission;;;
1342;entlassen;to fire / to release;Er wurde gestern entlassen.;He was fired yesterday.;verb;يفصل (من الشغل) / يطلق سراح;;;fired;;;
1343;Erklärung;explanation;Ich brauche eine bessere Erklärung.;I need a better explanation.;noun;شرح / تصريح;f;;explanation;;;
1344;Bürgermeister;mayor;Der Bürgermeister hält eine Rede.;The mayor is giving a speech.;noun;رئيس بلدية;m;;mayor;;;
1345;Opa;grandpa;Mein Opa erzählt gute Geschichten.;My grandpa tells good stories.;noun;جدّو / جدو;m;;grandpa;;;
1346;leihen;to borrow / lend;Kann ich dein Auto leihen?;Can I borrow your car?;verb;يسلف / يستعير;;;borrow;;;
1347;bravo;well done / bravo;Bravo, gut gemacht!;Bravo, well done!;interjection;برافو / شاطر;;;well done;;;
1348;dusche;shower;Ich gehe kurz unter die Dusche.;I’m going to take a quick shower.;noun;دُش;f;;shower;;;
1349;Kiste;box;Die Kiste ist echt schwer.;The box is really heavy.;noun;صندوق;f;;box;;;
1350;gemein;mean / nasty;Das war eine gemeine Aktion.;That was a mean thing to do.;adjective;رخم / لئيم;;;mean;;;
1351;Schlange;snake / line;Da drüben ist eine Schlange.;There is a snake over there.;noun;تعبان / طابور (حسب السياق);f;;snake;;;
1352;Arthur;Arthur (name);Arthur kommt gleich zurück.;Arthur will be back soon.;noun;آرثر;;;Arthur;;;
1353;blasen;to blow;Der Wind bläst stark.;The wind is blowing strongly.;verb;ينفخ;;bläst;blowing;;;
1354;Chris;Chris (name);Chris hat angerufen.;Chris called.;noun;كريس;;;Chris;;;
1355;dicht;dense / close;Die Häuser stehen dicht beieinander.;The houses stand close together.;adjective;مقفول / سكران (عامية);;;close;;;
1356;stock;stick / floor;Ich wohne im dritten Stock.;I live on the third floor.;noun;عصاية / عصا;m;;floor;;;
1357;Radio;radio;Das Radio ist echt zu laut.;The radio is really too loud.;noun;راديو;n;;radio;;;
1358;ausziehen;to move out / undress;Ich muss bald ausziehen.;I have to move out soon.;verb;يقلع (هدوم) / يطلع (يسكن برّه);;;move out;;;
1359;peinlich;embarrassing;Das war mir sehr peinlich.;That was very embarrassing.;adjective;مُحرِج;;;embarrassing;;;
1360;probe;rehearsal / test;Die Probe beginnt um sechs.;The rehearsal starts at six.;noun;تجربة / بروفة;f;;rehearsal;;;
1361;verbergen;to hide;Er konnte seine Gefühle nicht verbergen.;He couldn't hide his feelings.;verb;يخبي;;;hide;;;
1362;durcheinander;confused / messy;Ich bin völlig durcheinander.;I’m completely confused.;adjective;ملخبط / لخبطه;;;confused;;;
1363;Westen;the west;Der Westen ist echt ruhig.;The west is really calm.;noun;سترة / الغرب;m;;The west;;;
1364;abgesehen;apart from;Abgesehen davon ist alles gut.;Apart from that, everything is fine.;adverb;غير كده / بغضّ النظر;;;Apart from;;;
1365;verursacht;caused;Das hat große Probleme verursacht.;That caused big problems.;verb;سبّب;;;caused;;;
1366;Bauer;farmer;Der Bauer arbeitet auf dem Feld.;The farmer works in the field.;noun;فلاح / مزارع;m;;farmer;;;
1367;einfallen;to come to mind;Mir fällt nichts ein.;Nothing comes to my mind.;verb;يخطر على باله;;fällt;comes;;;
1368;Geräusch;noise / sound (neutral);Ich hörte ein seltsames Geräusch.;I heard a strange noise.;noun;صوت;n;;noise;;;
1369;Offizier;officer;Der Offizier gab den Befehl.;The officer gave the order.;noun;ضابط;m;;officer;;;
1370;Rachel;Rachel (name);Rachel wartet draußen.;Rachel is waiting outside.;noun;راشيل;;;Rachel;;;
1371;unterbrechen;to interrupt;Bitte unterbrich mich nicht.;Please don’t interrupt me.;verb;يقاطع;;unterbrich;interrupt;;;
1372;eingesperrt;locked up;Er wurde gerade im Zimmer eingesperrt.;He was locked in the room just now.;adjective;مقفول عليه / محبوس;;;locked;;;
1373;hinein;into / in;Geh hinein!;Go inside!;adverb;جوا;;;inside;;;
1374;genügt;enough / is enough;Das genügt für heute.;That’s enough for today.;verb;يكفي;;;enough;;;
1375;außerhalb;outside of;Wir wohnen außerhalb der Stadt.;We live outside the city.;adverb;برا / خارج;;;outside;;;
1376;Rache;revenge;Sie schwor Rache.;She swore revenge.;noun;انتقام;f;;revenge;;;
1377;einzelnen;individual / single;Das betrifft nur den einzelnen Fall.;That only concerns the individual case.;adjective;منفصل / واحد واحد;;;individual;;;
1378;Gnade;mercy;Er bat um Gnade.;He begged for mercy.;noun;رحمة;f;;mercy;;;
1379;ausgezeichnet;excellent / very good;Das Essen war ausgezeichnet.;The food was excellent.;adjective;ممتاز;;;excellent;;;
1380;beruf;profession;Mein Beruf ist Lehrer.;My profession is teacher.;noun;مهنة;m;;profession;;;
1381;bewahren;to preserve / keep;Bewahre Ruhe.;Keep calm.;verb;يحافظ / يحتفظ;;Bewahre;Keep;;;
1382;Juden;Jews;Viele Juden leben hier.;Many Jews live here.;noun;يهود;m;;Jews;;;
1383;anscheinend;apparently;Er ist echt anscheinend krank.;Apparently, he is really sick.;adverb;يبدو إن / الظاهر;;;Apparently;;;
1384;Ton;sound / tone;Der Ton ist echt laut.;The sound is really loud.;noun;صوت / نغمة;m;;sound;;;
1385;loswerden;to get rid of;Ich will das loswerden.;I want to get rid of this.;verb;يتخلّص من;;;get rid of;;;
1386;zweimal;twice;Ich habe ihn zweimal gesehen.;I saw him twice.;adverb;مرتين;;;twice;;;
1387;College;college;Er studiert am College.;He studies at the college.;noun;كلية;n;;college;;;
1388;Ratte;rat;Eine Ratte ist echt im Keller.;A rat is really in the basement.;noun;فار;f;;rat;;;
1389;rausfinden;to find out;Wir müssen die Wahrheit rausfinden.;We must find out the truth.;verb;يكتشف / يعرف;;;find out;;;
1390;schluck;gulp / swallow;Er nahm einen großen Schluck.;He took a big gulp.;noun;رشفة / بلعة;m;;gulp;;;
1391;miete;rent;Die Miete ist echt hoch.;The rent is really high.;noun;إيجار;f;;rent;;;
1392;Toilette;toilet;Wo ist die Toilette?;Where is the toilet?;noun;حمّام / تواليت;f;;toilet;;;
1393;Zelle;cell;Die Gefangenen sitzen in Zellen.;The prisoners sit in cells.;noun;زنزانة / خلية;f;;cells;;;
1394;quelle;source;Die Quelle ist echt im Wald.;The spring is really in the forest.;noun;مصدر;f;;spring;;;
1395;verschwenden;to waste;Verschwende kein Wasser.;Don’t waste water.;verb;يضيّع;;Verschwende;waste;;;
1396;norden;north;Der Norden ist echt kalt.;The north is really cold.;noun;الشمال;m;;north;;;
1397;locker;relaxed / loose;Bleib locker!;Stay relaxed!;adjective;عادي / على مهلك / سهل;;;relaxed;;;
1398;beschlossen;decided;Ich habe beschlossen zu gehen.;I decided to leave.;verb;قرر;;;decided;;;
1399;Code;code;Ich kenne den Code nicht.;I don’t know the code.;noun;كود / شفرة;m;;code;;;
1400;übergeben;to hand over / vomit;Er musste den Schlüssel übergeben.;He had to hand over the key.;verb;يسلّم;;;hand over;;;
1401;treu;loyal;Er ist echt ein treuer Freund.;He is really a loyal friend.;adjective;وفيّ;;;loyal;;;
1402;weshalb;why / for what reason;Weshalb fragst du?;Why are you asking?;adverb;ليه / بسبب إيه;;;Why;;;
1403;kohle;money (slang), coal;Ich habe heute keine Kohle.;I have no money today.;noun;فلوس (عامية);f;;money;;;
1404;Sonntag;Sunday;Am Sonntag habe ich frei.;I am free on Sunday.;noun;الأحد;m;;Sunday;;;
1405;identifizieren;to identify;Wir müssen ihn identifizieren.;We have to identify him.;verb;يحدّد الهوية / يتعرّف على;;;identify;;;
1406;bestraft;punished;Er wurde gerade hart bestraft.;He was punished harshly just now.;verb;اتعاقب;;;punished;;;
1407;Kuchen;cake;Ich liebe Schokoladenkuchen.;I love chocolate cake.;noun;كيك / جاتوه;m;;cake;;;
1408;Weib;woman (very rude/old-fashioned);Er nannte sie ein Weib.;He called her a woman (rude).;noun;ست / مرة (كلمة مش لطيفة شوية);n;;woman;;;
1409;auftritt;performance / appearance;Sein Auftritt war beeindruckend.;His performance was impressive.;noun;ظهور / عرض;m;;performance;;;
1410;streng;strict;Mein Lehrer ist sehr streng.;My teacher is very strict.;adjective;صارم / شديد;;;strict;;;
1411;ausmachen;to turn off / decide;Kannst du das Licht ausmachen?;Can you turn off the light?;verb;يطفي / يحدد / يفرّق (حسب السياق);;;turn off;;;
1412;Vorstellung;introduction / idea;Ich habe keine Vorstellung davon.;I have no idea about that.;noun;فكرة / عرض;f;;idea;;;
1413;unbekannt;unknown;Der Täter ist echt unbekannt.;The culprit is really unknown.;adjective;مجهول;;;unknown;;;
1414;Julia;Julia (name);Julia ist meine Freundin.;Julia is my girlfriend.;noun;جوليا;;;Julia;;;
1415;Kate;Kate (name);Kate wartet draußen.;Kate is waiting outside.;noun;كايت;;;Kate;;;
1416;vergleich;comparison;Ein Vergleich ist echt schwierig.;A comparison is really difficult.;noun;مقارنة;m;;comparison;;;
1417;Untersuchung;examination /investigation;Die Untersuchung läuft noch.;The investigation is still ongoing.;noun;تحقيق / فحص;f;;investigation;;;
1418;aufgebaut;built / structured;Das Haus wurde neu aufgebaut.;The house was rebuilt.;verb;مبني / اتبنى;;;rebuilt;;;
1419;begraben;to bury (a person);Er wurde gerade auf dem Friedhof begraben.;He was buried in the cemetery just now.;verb;يدفن;;;buried;;;
1420;prüfen;to check / test;Prüfe bitte die Daten.;Please check the data.;verb;يفحص / يراجع;;Prüfe;check;;;
1421;Kuh;cow;Die Kuh steht auf der Wiese.;The cow is standing in the field.;noun;بقرة;f;;cow;;;
1422;Knie;knee;Mein Knie tut weh.;My knee hurts.;noun;ركبة;n;;knee;;;
1423;gewöhnlich;usually / ordinary;Gewöhnlich stehe ich früh auf.;Usually I get up early.;adjective;عادي / معتاد;;;Usually;;;
1424;womit;with what;Womit soll ich anfangen?;What should I start with?;pronoun;بإيه / باستخدام إيه;;;What;;;
1425;vernünftig;reasonable / sensible;Sei bitte vernünftig.;Please be reasonable.;adjective;عاقل / منطقي;;;reasonable;;;
1426;Schande;shame / disgrace;Was für eine Schande!;What a shame!;noun;عار / فضيحة;f;;shame;;;
1427;Milch;milk;Ich trinke keine Milch.;I don’t drink milk.;noun;لبن;f;;milk;;;
1428;empfinden;to feel / to perceive reflection (emotional);Ich empfinde das genauso.;I feel the same way.;verb;يحسّ / يشعر;;empfinde;feel;;;
1429;anschauen;to watch / look at (casual);Lass uns den Film anschauen.;Let’s watch the movie.;verb;يبصّ / يتفرّج;;;watch;;;
1430;nirgendwo;nowhere;Ich finde ihn nirgendwo.;I can’t find him anywhere.;adverb;ولا حتة / في ولا مكان;;;anywhere;;;
1431;zusehen;to watch;Kannst du mir beim Kochen zusehen?;Can you watch me while I cook?;verb;يتفرّج / يراقب;;;watch;;;
1432;trotz;despite;Trotz des Regens gehen wir raus.;Despite the rain, we’re going out.;prep;رغم;;;Despite;;;
1433;reifen;to mature / ripen;Der Käse muss noch reifen.;The cheese still needs to mature.;verb;ينضج / عجلة (حسب السياق);;;mature;;;
1434;kunst;art;Kunst ist sehr vielfältig.;Art is very diverse.;noun;فن;f;;Art;;;
1435;Schutz;protection;Wir brauchen Schutz vor dem Sturm.;We need protection from the storm.;noun;حماية;m;;protection;;;
1436;woran;what… (on what);Woran denkst du?;What are you thinking about?;pronoun;في إيه / بسبب إيه / على إيه;;;What;;;
1437;Truppen;troops;Die Truppen kamen an.;The troops arrived.;noun;قوات;f;;troops;;;
1438;telefonieren;to talk on the phone;Ich telefoniere gerade.;I’m on the phone right now.;verb;يتصل;;telefoniere;phone;;;
1439;dadurch;because of that / thereby;Dadurch wurde alles schlimmer.;Because of that, everything got worse.;adverb;بكده / وده يسبّب;;;Because of that;;;
1440;matt;exhausted / dull;Ich fühle mich matt.;I feel exhausted.;adjective;مطفّي / مهدود;;;exhausted;;;
1441;Dreck;dirt;Überall ist Dreck.;There is dirt everywhere.;noun;وساخة / قرف;m;;dirt;;;
1442;füllen;to fill;Kannst du das Glas füllen?;Can you fill the glass?;verb;يملا;;;fill;;;
1443;nachher;afterwards / later;Ich rufe dich nachher an.;I’ll call you later.;adverb;بعد كده;;;later;;;
1444;durchgemacht;gone through / endured;Was hast du alles durchgemacht?;What have you been through?;verb;عدّى بتجربة / اتبهدل;;;through;;;
1445;Details;details;Die Details kenne ich nicht.;I don’t know the details.;noun;تفاصيل;n;;details;;;
1446;doppelt;double;Das ist doppelt so groß.;That is twice as large.;adjective;ضعف / مزدوج;;;twice;;;
1447;Karriere;career;Sie macht Karriere im Ausland.;She is building a career abroad.;noun;كارير / مسار مهني;f;;career;;;
1448;Großmutter;grandmother;Meine Großmutter lebt in Berlin.;My grandmother lives in Berlin.;noun;جدّة;f;;grandmother;;;
1450;dreckig;filthy /dirty;Deine Schuhe sind dreckig.;Your shoes are dirty.;adjective;وسخ;;;dirty;;;
1451;umsonst;for free / in vain;Die Arbeit war nicht umsonst.;The work wasn’t in vain.;adverb;ببلاش / على الفاضي;;;in vain;;;
1452;öffentlich;public;Das ist ein öffentliches Gebäude.;That is a public building.;adjective;عام;;;public;;;
1453;durchsuchen;to search;Die Polizei durchsucht das Haus.;The police are searching the house.;verb;يفتّش;;durchsucht;searching;;;
1454;knall;bang / pop;Ich hörte einen lauten Knall.;I heard a loud bang.;noun;دوشة / انفجار;m;;bang;;;
1455;benötigen;to require / need;Wir benötigen mehr Zeit.;We need more time.;verb;يحتاج;;;need;;;
1456;scheiden;to divorce / divide;Sie wollen sich scheiden lassen.;They want to get divorced.;verb;يطلق (زواج);;;divorced;;;
1457;Schatten;shadow;Ein Schatten bewegt sich dort.;A shadow is moving over there.;noun;ضل / ظل;m;;shadow;;;
1458;russisch;Russian;Sie spricht russisch.;She speaks Russian.;adjective;روسي;;;Russian;;;
1459;beleidigt;offended;Er war echt beleidigt.;He was really offended.;adjective;مُهان / زعلان;;;offended;;;
1460;Crew;crew;Die Crew arbeitet hart.;The crew is working hard.;noun;طاقم;f;;crew;;;
1461;heulen;to cry / howl;Hör auf zu heulen.;Stop crying.;verb;يعيّط / يولول;;;crying;;;
1462;trainieren;to train / practice;Ich trainiere jeden Tag.;I train every day.;verb;يتمرّن;;trainiere;train;;;
1463;ungewöhnlich;unusual;Das ist ein ungewöhnlicher Ort.;That is an unusual place.;adjective;غير معتاد / غريب;;;unusual;;;
1464;erfolgreich;successful;Das Projekt war sehr erfolgreich.;The project was very successful.;adjective;ناجح;;;successful;;;
1465;Feld;field;Die Kinder spielen auf dem Feld.;The children are playing in the field.;noun;حقل / مجال;n;;field;;;
1466;Medikamente;medication;Diese Medikamente helfen gut.;These medications work well.;noun;أدوية;n;;medications;;;
1467;eifersüchtig;jealous;Er ist echt eifersüchtig auf seinen Bruder.;He is really jealous of his brother.;adjective;غيور;;;jealous;;;
1468;spitze;great / point;Du hast spitze Arbeit geleistet!;You did great work!;adjective;جامد / حاد / قمة;;;great;;;
1469;Knochen;bone;Ich habe mir den Knochen gebrochen.;I broke a bone.;noun;عظم;m;;bone;;;
1470;Pfund;pound;Das kostet fünf Pfund.;That costs five pounds.;noun;رطل / باوند;n;;pounds;;;
1471;satt;full (not hungry);Ich bin satt, danke.;I’m full, thanks.;adjective;شبعان;;;full;;;
1472;mühe;effort / trouble;Das macht viel Mühe.;That takes a lot of effort.;noun;مجهود / تعب;f;;effort;;;
1473;selbstverständlich;of course (formal/it goes without saying);Selbstverständlich helfe ich dir.;Of course I’ll help you.;adverb;طبعاً;;;Of course;;;
1474;abgelehnt;rejected;Mein Antrag wurde abgelehnt.;My application was rejected.;verb;مرفوض;;;rejected;;;
1475;Schüler;student / pupil;Die Schüler schreiben einen Test.;The students are writing a test.;noun;طالب / تلميذ;m;;students;;;
1476;Trottel;fool /idiot (joke/mild);Du benimmst dich wie ein Trottel.;You’re acting like an idiot.;noun;أهبل / غبي;m;;idiot;;;
1477;schmutzig;dirty (not clean);Meine Schuhe sind schmutzig.;My shoes are dirty.;adjective;متوسّخ;;;dirty;;;
1478;Flughafen;airport;Ich fahre zum Flughafen.;I’m going to the airport.;noun;مطار;m;;airport;;;
1479;Aufmerksamkeit;attention;Danke für eure Aufmerksamkeit.;Thank you for your attention.;noun;انتباه;f;;attention;;;
1480;erheben;to raise / lift;Er erhob seine Hand.;He raised his hand.;verb;يرفع / يقدّم (شكوى);;erhob;raised;;;
1481;weggehen;to leave / go away;Ich muss jetzt weggehen.;I have to leave now.;verb;يمشي / يسيب المكان;;;leave;;;
1482;abgeben;to hand in / give away;Bitte das Formular abgeben.;Please hand in the form.;verb;يسلّم / يقدّم;;;hand in;;;
1483;Blödsinn;nonsense (silly);Das ist echt doch Blödsinn!;That's really nonsense!;noun;هبل / كلام فاضي;m;;nonsense;;;
1484;Urteil;verdict;Das Urteil wurde gerade gesprochen.;The verdict has been announced just now.;noun;حكم (قانون);n;;verdict;;;
1485;präsentiert;presented;Er hat sein Projekt präsentiert.;He presented his project.;verb;قدّم / عرض;;;presented;;;
1486;Theater;theater;Wir gehen heute ins Theater.;We’re going to the theater today.;noun;مسرح;n;;theater;;;
1487;Riesen;giants;Die Riesen lebten im Wald.;The giants lived in the forest.;noun;عمالقة / ضخم جداً;m;;giants;;;
1488;bewusst;conscious / aware;Ich bin mir dessen bewusst.;I am aware of that.;adjective;واعي;;;aware;;;
1489;einsetzen;to use / deploy;Wir müssen neue Methoden einsetzen.;We must use new methods.;verb;يستخدم / يعيّن;;;use;;;
1490;lohnt;is worth it;Es lohnt sich nicht.;It’s not worth it.;verb;يستاهل;;;worth;;;
1491;Hof;courtyard / farm;Wir treffen uns im Hof.;We’re meeting in the courtyard.;noun;فناء / بلاط (حسب السياق);m;;courtyard;;;
1492;Lisa;Lisa (name);Lisa ist meine Schwester.;Lisa is my sister.;noun;ليزا;;;Lisa;;;
1493;löschen;to delete / extinguish;Bitte die Datei löschen.;Please delete the file.;verb;يمسح / يطفي;;;delete;;;
1494;strafe;punishment / penalty;Die Strafe war echt hart.;The punishment was really harsh.;noun;عقوبة;f;;punishment;;;
1495;Ergebnis;result;Das Ergebnis war echt überraschend.;The result was really surprising.;noun;نتيجة;n;;result;;;
1496;abends;in the evening;Ich arbeite nur abends.;I only work in the evenings.;adverb;بالليل / مساءً;;;in the evenings;;;
1497;anhören;to listen;Lass mich dir anhören.;Let me listen to you.;verb;يسمع / يسمع لحد;;;listen;;;
1498;angelogen;lied to;Er hat mich angelogen.;He lied to me.;verb;كذب عليه;;;lied to;;;
1499;versichere;I assure;Ich versichere dir, es stimmt.;I assure you it’s true.;verb;أؤكد لك;;;I assure;;;
1500;innerhalb;within / inside;Wir müssen das innerhalb einer Woche erledigen.;We must finish this within a week.;adverb;خلال / جوّا;;;within;;;
1501;Selbstmord;suicide;Er dachte an Selbstmord.;He thought about suicide.;noun;انتحار;m;;suicide;;;
1502;ebenso;likewise / also;Ich denke ebenso.;I think so too.;adverb;برضه / كذلك;;;too;;;
1503;vorhaben;to plan / intend;Was hast du heute vor?;What are you planning today?;verb;ناوي / مخطّط;;vor;planning;;;
1504;Station;station;Wir warten an der nächsten Station.;We are waiting at the next station.;noun;محطة / قسم (مستشفى);f;;station;;;
1505;freitag;Friday;Am Freitag habe ich frei.;I’m free on Friday.;noun;الجمعة;m;;Friday;;;
1506;knapp;barely / tight;Wir haben nur knapp gewonnen.;We barely won.;adjective;بالكاد / قليل;;;barely;;;
1507;Schlacht;battle;Die Schlacht dauerte Stunden.;The battle lasted hours.;noun;معركة;f;;battle;;;
1508;woanders;somewhere else;Lass uns woanders hingehen.;Let’s go somewhere else.;adverb;في حتة تانية;;;somewhere else;;;
1509;dennoch;nevertheless;Dennoch will ich es versuchen.;Nevertheless, I want to try.;adverb;مع ذلك;;;Nevertheless;;;
1510;fordern;to demand;Sie fordern Gerechtigkeit.;They demand justice.;verb;يطالب;;;demand;;;
1511;fröhliche;happy / cheerful;Ich nehme lieber die fröhliche Option.;I'd rather take the happy option.;adjective;فرحان / مبتهج;;;happy;;;
1512;romantisch;romantic;Das war wirklich romantisch.;That was really romantic.;adjective;رومانسي;;;romantic;;;
1513;Mäuse;mice;Die Mäuse laufen in der Küche.;The mice are running in the kitchen.;noun;فيران;f;;mice;;;
1514;bereuen;to regret;Ich bereue meine Entscheidung nicht.;I don’t regret my decision.;verb;يندم;;bereue;regret;;;
1515;angenehm;pleasant;Das Wetter ist heute angenehm.;The weather is pleasant today.;adjective;لطيف / مريح;;;pleasant;;;
1516;Sünde;sin;Das ist echt eine große Sünde.;That is really a big sin.;noun;ذنب;f;;sin;;;
1517;Schulter;shoulder;Meine Schulter tut weh.;My shoulder hurts.;noun;كتف;f;;shoulder;;;
1518;Angelegenheit;matter / issue;Das ist echt eine private Angelegenheit.;That's really a private matter.;noun;موضوع / مسألة;f;;matter;;;
1519;abnehmen;to lose weight / remove;Ich will fünf Kilo abnehmen.;I want to lose five kilos.;verb;يخس / ينقص;;;lose;;;
1520;deutlich;clear / obvious;Das ist deutlich geworden.;That has become clear.;adjective;واضح;;;clear;;;
1521;hell;bright / light;Hier ist es ziemlich hell.;It's pretty bright here.;adjective;فاتح / منوّر;;;bright;;;
1522;Sack;bag / sack;Der Sack ist echt schwer.;The sack is really heavy.;noun;كيس / (شتيمة) ابن ...;m;;sack;;;
1523;ignorieren;to ignore;Ignorier das einfach.;Just ignore it.;verb;يتجاهل;;Ignorier;ignore;;;
1524;geringste;slightest / least;Ich habe nicht die geringste Ahnung.;I don’t have the slightest idea.;adjective;أقل حاجة;;;slightest;;;
1525;droht;threatens;Er droht ihm mit Konsequenzen.;He threatens him with consequences.;verb;بيهدد / فيه خطر;;;threatens;;;
1526;übertrieben;exaggerated;Das ist total übertrieben.;That is completely exaggerated.;adjective;مبالغ فيه;;;exaggerated;;;
1527;tauschen;to exchange / swap;Wollen wir Plätze tauschen?;Do we want to swap seats?;verb;يبدّل;;;swap;;;
1528;weglaufen;to run away;Das Kind ist echt weggelaufen.;The child really ran away.;verb;يهرب;;weggelaufen;ran away;;;
1529;voraus;ahead / in advance;Geh du schon voraus.;You go ahead.;adverb;مسبقاً / قدّام;;;ahead;;;
1530;Washington;Washington;Ich war noch nie in Washington.;I’ve never been to Washington.;noun;واشنطن;n;;Washington;;;
1531;weiterhin;still / furthermore;Er arbeitet weiterhin hart.;He continues to work hard.;adverb;لسه / مستمر;;;continues;;;
1532;Affen;monkeys;Die Affen springen herum.;The monkeys are jumping around.;noun;قرود;m;;monkeys;;;
1533;sperren;to block / lock;Die Straße wurde gerade gesperrt.;The street was blocked just now.;verb;يقفل / يحظر;;gesperrt;blocked;;;
1534;Schauspieler;actor;Er ist echt ein berühmter Schauspieler.;He is really a famous actor.;noun;ممثل;m;;actor;;;
1535;alkohol;alcohol;Alkohol ist nicht erlaubt.;Alcohol is not allowed.;noun;كحول;m;;Alcohol;;;
1536;Projekt;project;Das Projekt ist echt fast fertig.;The project is really almost finished.;noun;مشروع;n;;project;;;
1537;durchführen;to carry out / perform;Wir müssen den Plan durchführen.;We must carry out the plan.;verb;ينفّذ;;;carry out;;;
1538;schmeißen;to throw (angrly/away);Schmeiß den Ball zu mir!;Throw the ball to me!;verb;يرمي;;Schmeiß;Throw;;;
1539;Cousin;cousin (male);Mein Cousin lebt in USA.;My cousin lives in the USA.;noun;ابن عم / ابن خال;m;;cousin;;;
1540;Fahrer;driver;Der Fahrer wartet draußen.;The driver is waiting outside.;noun;سواق;m;;driver;;;
1541;Größe;size;Die Größe passt perfekt.;The size fits perfectly.;noun;مقاس / حجم;f;;size;;;
1542;Botschaft;embassy / message;Die Botschaft ist echt wichtig.;The message is really important.;noun;رسالة / سفارة;f;;message;;;
1543;beschreiben;to describe;Kannst du ihn beschreiben?;Can you describe him?;verb;يوصف;;;describe;;;
1544;Simon;Simon (name);Simon kommt später.;Simon will come later.;noun;سيمون;;;Simon;;;
1545;täuschen;to deceive / mislead;Lass dich nicht täuschen.;Don’t let yourself be deceived.;verb;يخدع;;;deceived;;;
1546;Hemd;shirt;Sein Hemd ist blau.;His shirt is blue.;noun;قميص;n;;shirt;;;
1547;Prozess;process / trial;Der Prozess beginnt morgen.;The trial starts tomorrow.;noun;محاكمة / عملية;m;;trial;;;
1548;Oliver;Oliver (name);Oliver ist mein Freund.;Oliver is my friend.;noun;أوليفر;;;Oliver;;;
1549;narr;fool;Du alter Narr!;You old fool!;noun;مهرّج / مجنون;m;;fool;;;
1550;übliche;usual / common;Das ist die übliche Vorgehensweise.;That’s the usual procedure.;adjective;المعتاد;;;usual;;;
1551;Theorie;theory;Die Theorie klingt logisch.;The theory sounds logical.;noun;نظرية;f;;theory;;;
1552;Marie;Marie (name);Marie kommt gleich zurück.;Marie will be back soon.;noun;ماري;;;Marie;;;
1553;anzeige;report / advertisement;Ich habe eine Anzeige geschaltet.;I placed an advertisement.;noun;بلاغ / إعلان;f;;advertisement;;;
1554;erfreut;pleased / delighted;Ich bin sehr erfreut darüber.;I am very pleased about that.;adjective;مبسوط / سعيد;;;pleased;;;
1555;Strom;electricity / current;Der Strom ist echt ausgefallen.;The power really went out.;noun;كهربا / تيار;m;;power;;;
1556;amüsieren;to amuse / have fun;Wir amüsieren uns gut.;We’re having a good time.;verb;يتسلّى / يضحك;;;having a good time;;;
1557;medizinische;medical;Ich nehme lieber die medizinische Option.;I'd rather take the medical option.;adjective;طبي;;;medical;;;
1558;Verlust;loss;Der Verlust war echt groß.;The loss was really big.;noun;خسارة;m;;loss;;;
1559;desto;the … (comparative emphasis);Je früher, desto besser.;The earlier, the better.;conjunction;كل ما;;;The;;;
1560;ausgesucht;selected / chosen;Ich habe dieses Geschenk ausgesucht.;I chose this gift.;verb;مختار;;;chose;;;
1561;gratuliere;I congratulate;Ich gratuliere dir zum Erfolg.;I congratulate you on your success.;verb;مبروك;;;I congratulate;;;
1562;Universum;universe;Das Universum ist echt riesig.;The universe is really huge.;noun;الكون;n;;universe;;;
1563;festgenommen;detained;Er wurde gestern festgenommen.;He was arrested yesterday.;verb;اتقبض عليه;;;arrested;;;
1564;wieviel;how much;Wieviel kostet das?;How much does that cost?;pronoun;كام؟;;;How much;;;
1565;verpiss;piss off (very rude);Verpiss dich!;Piss off!;verb;غور (شتيمة);;;Piss off;;;
1566;Panik;panic;Keine Panik!;Don’t panic!;noun;هلع;f;;panic;;;
1567;Talent;talent;Sie hat wirklich ein großes Talent.;She really has great talent.;noun;موهبة;n;;talent;;;
1568;Montag;Monday;Am Montag habe ich frei.;I am free on Monday.;noun;الاثنين;m;;Monday;;;
1569;widerstand;resistance;Der Widerstand war echt stark.;The resistance was really strong.;noun;مقاومة;m;;resistance;;;
1570;zwölf;twelve;Das sind zwölf Stück.;That’s twelve pieces.;number;اتناشر;;;twelve;;;
1571;kreuz;cross;Er machte ein Kreuz auf das Papier.;He made a cross on the paper.;noun;صليب / تقاطع;n;;cross;;;
1572;definitiv;definitely;Das ist definitiv wahr.;That is definitely true.;adverb;أكيد;;;definitely;;;
1573;freiwillig;voluntary / willingly;Er hat freiwillig geholfen.;He helped voluntarily.;adjective;طوعاً;;;voluntarily;;;
1574;hä;huh? / what?;Hä? Was meinst du?;Huh? What do you mean?;interjection;ها؟ / إيه؟;;;What;;;
1575;Killer;killer;Der Killer wurde gerade endlich gefasst.;The killer was finally caught just now.;noun;قاتل;m;;killer;;;
1576;spiegel;mirror;Schau in den Spiegel.;Look in the mirror.;noun;مراية;m;;mirror;;;
1577;unheimlich;creepy;Das ist mir unheimlich.;That feels creepy to me.;adjective;مرعب / غريب;;;creepy;;;
1578;Schönheit;beauty;Ihre Schönheit ist beeindruckend.;Her beauty is impressive.;noun;جمال;f;;beauty;;;
1579;Dämon;demon;Der Dämon erschien im Traum.;The demon appeared in the dream.;noun;شيطان / عفريت;m;;demon;;;
1580;Notfall;emergency;Im Notfall ruf sofort an.;In an emergency, call immediately.;noun;حالة طوارئ;m;;emergency;;;
1581;verabschieden;to say goodbye;Wir müssen uns jetzt verabschieden.;We have to say goodbye now.;verb;يودّع;;;say goodbye;;;
1582;anständig;decent;Sei bitte anständig!;Please be decent!;adjective;محترم;;;decent;;;
1583;Treppe;stairs;Die Treppe ist echt ziemlich steil.;The stairs are really quite steep.;noun;سُلّم;f;;stairs;;;
1584;neulich;the other day / a while ago;Ich habe ihn neulich gesehen.;I saw him recently.;adverb;مؤخراً / من قريب;;;recently;;;
1585;fließt;flows;Das Wasser fließt schnell.;The water flows quickly.;verb;بيجري / بيسيل;;;flows;;;
1586;kreis;circle;Wir stehen im Kreis.;We are standing in a circle.;noun;دايرة;m;;circle;;;
1587;respektieren;to respect;Man sollte andere respektieren.;One should respect others.;verb;يحترم;;;respect;;;
1588;Prozent;percent;Zwanzig Prozent sind reduziert.;Twenty percent are discounted.;noun;في المية;n;;percent;;;
1589;Kino;cinema;Wir gehen heute ins Kino.;We're going to the cinema today.;noun;سينما;n;;cinema;;;
1590;möglicherweise;possibly;Er kommt möglicherweise später.;He might come later.;adverb;ممكن / احتمال;;;might;;;
1591;bedenken;to consider / to think about;Man sollte alle Risiken bedenken.;One should consider all risks.;verb;يفكّر / ياخد باله;;;consider;;;
1592;hungrig;hungry;Ich bin so hungrig.;I am so hungry.;adjective;جعان;;;hungry;;;
1593;beinahe;almost (formal/written);Ich wäre beinahe gefallen.;I almost fell.;adverb;تقريباً;;;almost;;;
1594;Verräter;traitor;Er nennt ihn einen Verräter.;He calls him a traitor.;noun;خاين;m;;traitor;;;
1595;Lügner;liar;Du bist ein schlechter Lügner.;You are a bad liar.;noun;كذّاب;m;;liar;;;
1596;praktisch;practical;Das ist eine sehr praktische Lösung.;That is a very practical solution.;adjective;عملي;;;practical;;;
1597;verderben;to ruin / spoil;Du verdirbst mir den Tag.;You’re ruining my day.;verb;يبوّظ / يفسد;;verdirbst;ruining;;;
1598;mauer;wall;Die Mauer ist echt hoch.;The wall is really tall.;noun;حيطة / سور;f;;wall;;;
1599;schnauze;snout / “shut up” (slang);Halt die Schnauze!;Shut up!;noun;بق (بوقاحة);f;;Shut up;;;
1600;erschaffen;to create;Gott hat die Welt erschaffen.;God created the world.;verb;يخلق;;;created;;;
1601;segne;bless;Ich segne euch alle.;I bless you all.;verb;يبارك;;;bless;;;
1602;mutig;brave;Das war eine mutige Entscheidung.;That was a brave decision.;adjective;شجاع;;;brave;;;
1603;gestatten;to permit / allow;Gestatten Sie?;Do you permit?/Excuse me?;verb;يسمح;;;permit;;;
1604;Medizin;medicine;Ich studiere Medizin.;I study medicine.;noun;دواء / طب;f;;medicine;;;
1605;ebenfalls;also / as well;Ich komme ebenfalls mit.;I’m coming as well.;adverb;برضه;;;as well;;;
1606;Gegenteil;opposite;Das Gegenteil ist echt der Fall.;The opposite is really true.;noun;العكس;n;;opposite;;;
1607;Story;story;Die Story ist echt spannend.;The story is really exciting.;noun;قصة;f;;story;;;
1608;Russen;Russians;Die Russen kommen morgen an.;The Russians arrive tomorrow.;noun;الروس;m;;Russians;;;
1609;gefesselt;tied up / captivated;Er war echt gefesselt am Stuhl.;He was really tied to the chair.;verb;مربوط / مقيّد;;;tied;;;
1610;Feigling;coward;Du bist kein Feigling.;You are not a coward.;noun;جبان;m;;coward;;;
1611;gegenseitig;mutual;Wir haben gegenseitigen Respekt.;We have mutual respect.;adjective;بعض / متبادل;;;mutual;;;
1612;Winter;winter;Der Winter ist echt kalt.;The winter is really cold.;noun;الشتا;m;;winter;;;
1613;Freundschaft;friendship;Unsere Freundschaft ist stark.;Our friendship is strong.;noun;صداقة;f;;friendship;;;
1614;eingehen;to enter / commit to;Ich gehe keine Risiken ein.;I don’t take any risks.;verb;يدخل في / يقبل;;gehe;take;;;
1615;Ross;steed / horse (old-fashioned);Er reitet auf einem weißen Ross.;He rides a white steed.;noun;حصان;n;;steed;;;
1616;Hoheit;Highness (title);Eure Hoheit, bitte warten Sie.;Your Highness, please wait.;noun;سموّك;f;;Highness;;;
1617;Bauch;belly / stomach;Mein Bauch tut weh.;My stomach hurts.;noun;بطن;m;;stomach;;;
1618;Unterstützung;support;Danke für deine Unterstützung.;Thanks for your support.;noun;دعم / مساعدة;f;;support;;;
1619;summe;sum / amount;Die Summe ist echt zu hoch.;The amount is really too high.;noun;مبلغ;f;;amount;;;
1620;Brot;bread;Ich esse gern frisches Brot.;I like eating fresh bread.;noun;عيش / خبز;n;;bread;;;
1621;Angel;fishing rod / rod;Er wirft die Angel aus.;He casts the fishing rod.;noun;ملاك / صنّارة (حسب السياق);f;;fishing rod;;;
1622;Kaiser;emperor;Der Kaiser regierte viele Jahre.;The emperor ruled for many years.;noun;إمبراطور;m;;emperor;;;
1623;Zugang;entry (access);Der Zugang ist echt nur für Mitarbeiter.;Access is really for employees only.;noun;دخول / وصول;m;;Access;;;
1624;taub;deaf / numb;Mein Fuß ist taub.;My foot is numb.;adjective;أصم;;;numb;;;
1625;garantiert;guaranteed;Das ist garantiert sicher.;That is guaranteed safe.;adjective;مضمون;;;guaranteed;;;
1626;tschüs;bye (informal);Tschüs, bis morgen!;Bye, see you tomorrow!;interjection;سلام;;;Bye;;;
1627;Erlaubnis;permission;Du brauchst meine Erlaubnis.;You need my permission.;noun;إذن / تصريح;f;;permission;;;
1628;aktiviert;activated;Das System wurde aktiviert.;The system was activated.;verb;فعّل;;;activated;;;
1629;Penny;penny (money), name;Hast du einen Penny?;Do you have a penny?;noun;بِني;;;penny;;;
1630;rausholen;to take out / pull out;Kannst du die Box rausholen?;Can you take out the box?;verb;يطلّع / يجيب;;;take out;;;
1631;tapfer;brave / courageous;Das war eine tapfere Tat.;That was a brave action.;adjective;شجاع / بطل;;;brave;;;
1632;Deutschland;Germany;Deutschland ist sehr vielfältig.;Germany is very diverse.;noun;ألمانيا;n;;Germany;;;
1633;Zunge;tongue;Ich habe mir die Zunge verbrannt.;I burned my tongue.;noun;لسان;f;;tongue;;;
1634;Alarm;alarm;Der Alarm wurde gerade ausgelöst.;The alarm was triggered just now.;noun;إنذار;m;;alarm;;;
1635;Gerüchte;rumors;Es gibt viele Gerüchte darüber.;There are many rumors about it.;noun;إشاعات;n;;rumors;;;
1636;werk;work / workshop;Das Werk produziert Autos.;The factory produces cars.;noun;شغل / مصنع;n;;factory;;;
1637;explodiert;exploded;Die Bombe ist echt explodiert.;The bomb really exploded.;verb;انفجر;;;exploded;;;
1638;samstag;Saturday;Am Samstag habe ich frei.;I’m free on Saturday.;noun;السبت;m;;Saturday;;;
1639;verzweifelt;desperate;Sie ist völlig verzweifelt.;She is completely desperate.;adjective;يائس;;;desperate;;;
1640;extra;extra / additionally;Dafür musst du extra bezahlen.;You have to pay extra for that.;adverb;زيادة / مخصوص;;;extra;;;
1641;aufgefallen;stood out / caught someone’s attention;Ist dir etwas aufgefallen?;Did you notice something?;verb;لفت نظري;;;notice;;;
1642;kriminelle;criminal (person);Die Polizei sucht den Kriminellen.;The police are searching for the criminal.;noun;مجرمين / إجرامي;m;;criminal;;;
1643;versetzt;transferred;Er wurde gerade nach Berlin versetzt.;He was transferred to Berlin just now.;verb;نقله / بدّله / صدمه (حسب السياق);;;transferred;;;
1644;rechnen;to calculate;Kannst du schnell rechnen?;Can you calculate quickly?;verb;يحسب;;;calculate;;;
1645;bedaure;I regret;Ich bedaure den Fehler sehr.;I deeply regret the mistake.;verb;آسف / بعتذر;;;regret;;;
1646;befürchte;I fear;Ich befürchte, es ist zu spät.;I fear it is too late.;verb;خايف / أتوقع حاجة وحشة;;;I fear;;;
1647;chinesisch;Chinese;Wir essen heute chinesisch.;We’re eating Chinese today.;adjective;صيني;;;Chinese;;;
1648;Gift;poison;Das Gift wirkt echt schnell.;The poison works really fast.;noun;سم;n;;poison;;;
1649;zuletzt;lately / last;Zuletzt habe ich ihn gestern gesehen.;I last saw him yesterday.;adverb;في الآخر / آخر حاجة;;;last;;;
1650;bewaffnet;armed;Der Mann war echt bewaffnet.;The man was really armed.;adjective;مسلّح;;;armed;;;
1651;prost;cheers;Prost! Auf einen schönen Abend!;Cheers! To a nice evening!;interjection;صحتين / في صحتك;;;Cheers;;;
1652;Luke;hatch / trapdoor;Die Luke ist echt geschlossen.;The hatch is really closed.;noun;لوك / فتحة;;;hatch;;;
1653;begrüßen;to welcome;Wir begrüßen die neuen Studenten.;We welcome the new students.;verb;يرحّب;;;welcome;;;
1654;erhöhen;to increase;Wir müssen die Preise erhöhen.;We have to increase the prices.;verb;يزوّد;;;increase;;;
1655;jederzeit;anytime;Du kannst mich jederzeit anrufen.;You can call me anytime.;adverb;في أي وقت;;;anytime;;;
1656;tipp;tip / hint;Danke für den Tipp!;Thanks for the tip!;noun;نصيحة / تلميح;m;;tip;;;
1657;ertrunken;drowned;Er ist echt im See ertrunken.;He really drowned in the lake.;verb;غرقان / مات غرق;;;drowned;;;
1658;Jacke;jacket;Zieh deine Jacke an, es ist kalt.;Put on your jacket, it's cold.;noun;جاكيت;f;;jacket;;;
1659;vorn;in front;Er sitzt ganz vorn.;He sits all the way in front.;adverb;قدّام;;;in front;;;
1660;Tatort;crime scene;Der Tatort wurde gerade abgesperrt.;The crime scene was sealed off just now.;noun;مسرح الجريمة;m;;crime scene;;;
1661;Wetter;weather;Das Wetter ist heute schön.;The weather is nice today.;noun;الجو;n;;weather;;;
1662;Gerechtigkeit;justice;Wir kämpfen für Gerechtigkeit.;We fight for justice.;noun;عدالة;f;;justice;;;
1663;gekündigt;terminated / quit;Er hat seinen Job gekündigt.;He quit his job.;verb;استقال / اتفصل;;;quit;;;
1664;Deckung;cover;Geh in Deckung!;Take cover!;noun;غطاء / حماية;f;;cover;;;
1665;schief;crooked / wrong;Irgendwas läuft schief.;Something is going wrong.;adjective;مِعوّج / غلط;;;wrong;;;
1666;Geduld;patience;Hab etwas Geduld.;Have some patience.;noun;صبر;f;;patience;;;
1667;illegal;illegal;Das ist völlig illegal.;That is completely illegal.;adjective;غير قانوني;;;illegal;;;
1668;Ausweis;ID / identification;Zeigen Sie bitte Ihren Ausweis.;Please show your ID.;noun;بطاقة / إثبات شخصية;m;;ID;;;
1669;betreten;step into;Niemand darf den Raum betreten.;No one may enter the room.;verb;يدخل / يطأ;;;enter;;;
1670;käse;cheese;Ich esse gern Käse.;I like eating cheese.;noun;جبنة;m;;cheese;;;
1671;vermögen;wealth / fortune;Er hat wirklich ein großes Vermögen.;He really has a large fortune.;noun;ثروة / يقدر (فعل);n;;fortune;;;
1672;starren;to stare;Hör auf, mich so anzustarren!;Stop staring at me like that!;verb;يبصّ بتركيز / يحدّق;;;staring;;;
1673;aussteigen;to get out / exit;Ich muss an der nächsten Station aussteigen.;I have to get off at the next station.;verb;ينزل (من عربية) / يسيب (يستقيل);;;get;;;
1674;gras;grass;Das Gras ist echt nass.;The grass is really wet.;noun;عشب;n;;grass;;;
1675;Leitung;line / management;Die Leitung ist echt besetzt.;The line is really busy.;noun;إدارة / خط / توصيل;f;;line;;;
1676;versaut;messed up / ruined;Das hast du total versaut.;You totally messed that up.;verb;بوّظ / خرب;;;messed;;;
1677;Artikel;article;Ich habe einen interessanten Artikel gelesen.;I read an interesting article.;noun;مقال / قطعة / منتج;m;;article;;;
1678;fortschritte;progress;Du machst gute Fortschritte.;You are making good progress.;noun;تقدّم;m;;progress;;;
1679;Herrgott;Lord / God (excl.);Mein Herrgott, was ist passiert?;My God, what happened?;noun;يا رب / يا إلهي;m;;God;;;
1680;eindruck;impression;Sie hat wirklich einen guten Eindruck gemacht.;She really made a good impression.;noun;انطباع;m;;impression;;;
1681;Explosion;explosion;Die Explosion war echt laut.;The explosion was really loud.;noun;انفجار;f;;explosion;;;
1682;negativ;negative;Sein Test war negativ.;His test was negative.;adjective;سلبي;;;negative;;;
1683;Schrank;closet / cupboard;Der Schrank steht im Schlafzimmer.;The closet is in the bedroom.;noun;دولاب;m;;closet;;;
1684;umdrehen;to turn around / flip over;Dreh dich mal um!;Turn around!;verb;يلفّ / يقلب;;Dreh;Turn around;;;
1685;ausführen;to execute / carry out;Wir müssen den Plan ausführen.;We must carry out the plan.;verb;ينفّذ;;;carry out;;;
1686;eingeschlafen;fallen asleep;Ich bin gestern früh eingeschlafen.;I fell asleep early yesterday.;verb;نام / غفل;;;asleep;;;
1687;Anweisungen;instructions;Lies die Anweisungen genau durch.;Read the instructions carefully.;noun;تعليمات;f;;instructions;;;
1688;flüstert;whispers;Er flüstert mir etwas ins Ohr.;He whispers something in my ear.;verb;بيهمس;;;whispers;;;
1689;platte;plate / disc;Die Platte ist echt zerbrochen.;The plate is really broken.;noun;لوح / اسطوانة / “فاضية” (عامية حسب السياق);f;;plate;;;
1690;spazieren;to go for a walk;Wir gehen am Abend spazieren.;We go for a walk in the evening.;verb;يتمشّى;;;go for a walk;;;
1691;Virus;virus;Dieses Virus ist sehr ansteckend.;This virus is very contagious.;noun;فيروس;m;;virus;;;
1692;Genie;genius;Er ist echt ein echtes Genie.;He is really a real genius.;noun;عبقري;n;;genius;;;
1693;Maske;mask;Trag deine Maske, bitte.;Please wear your mask.;noun;ماسك / قناع;f;;mask;;;
1694;sexy;sexy;Das Outfit sieht sexy aus.;The outfit looks sexy.;adjective;سيكسي / جذّاب;;;sexy;;;
1695;verteilt;distributed;Die Flyer wurden gerade verteilt.;The flyers were distributed just now.;verb;يوزّع;;;distributed;;;
1696;stress;stress;Ich habe heute viel Stress.;I have a lot of stress today.;noun;ضغط / سترس;m;;stress;;;
1697;Fan;fan;Ich bin ein großer Fan von ihr.;I am a big fan of hers.;noun;فان / مُعجب;m;;fan;;;
1698;Magie;magic (as a concept or system);Magie existiert nur in Geschichten.;Magic exists only in stories.;noun;سحر;f;;Magic;;;
1699;seufzt;sighs;Er seufzt tief.;He sighs deeply.;verb;بيتنهّد;;;sighs;;;
1700;jedoch;however;Ich wollte kommen, jedoch war ich krank.;I wanted to come, however I was sick.;conjunction;لكن;;;however;;;
1701;locken;to curl / attract;Das Parfüm soll Kunden locken.;The perfume is supposed to attract customers.;verb;يغري / يجذب;;;attract;;;
1702;vorbeikommen;to come by;Komm später bei mir vorbei.;Come by my place later.;verb;يعدّي / يمرّ;;vorbei;Come by;;;
1703;überwachen;to monitor / supervise;Wir müssen das System überwachen.;We must monitor the system.;verb;يراقب;;;monitor;;;
1704;wertvoll;valuable;Das ist ein sehr wertvoller Ring.;That is a very valuable ring.;adjective;قيّم;;;valuable;;;
1705;Beerdigung;funeral;Die Beerdigung findet morgen statt.;The funeral takes place tomorrow.;noun;جنازة / دفنة;f;;funeral;;;
1706;Berlin;Berlin;Ich wohne jetzt in Berlin.;I live in Berlin now.;noun;برلين;n;;Berlin;;;
1707;wegnehmen;to take away;Kannst du mir das wegnehmen?;Can you take that away from me?;verb;ياخد / يشيل;;;take;;;
1708;inzwischen;meanwhile / in the meantime;Inzwischen habe ich alles erledigt.;Meanwhile I finished everything.;adverb;دلوقتي / في الوقت ده;;;Meanwhile;;;
1709;ausschalten;to turn off (a device or machine);Bitte das Licht ausschalten.;Please turn off the light.;verb;يطفي;;;turn off;;;
1710;politische;political;Das ist eine politische Entscheidung.;That is a political decision.;adjective;سياسية;;;political;;;
1711;erstaunlich;amazing / astonishing;Das Ergebnis ist erstaunlich gut.;The result is amazingly good.;adjective;مُدهش;;;amazingly;;;
1712;unglücklich;unhappy / unfortunate;Er sieht unglücklich aus.;He looks unhappy.;adjective;تعيس / مش مبسوط;;;unhappy;;;
1713;Chaos;chaos;Im Zimmer herrscht Chaos.;There is chaos in the room.;noun;فوضى;n;;chaos;;;
1714;Bär;bear;Ein Bär lebt im Wald.;A bear lives in the forest.;noun;دُب;m;;bear;;;
1715;schleichen;to sneak / creep;Die Katze schleicht leise.;The cat sneaks quietly.;verb;يمشي على أطراف صوابعه / يتسلّل;;schleicht;sneaks;;;
1716;Abteilung;department / section;Ich arbeite in der IT-Abteilung.;I work in the IT department.;noun;قسم;f;;department;;;
1717;zustimmen;to agree;Ich stimme dir zu.;I agree with you.;verb;يوافق;;stimme;agree;;;
1718;kette;chain / necklace;Sie trägt eine goldene Kette.;She’s wearing a golden necklace.;noun;سلسلة;f;;necklace;;;
1719;Krieger;warrior;Der Krieger war echt mutig.;The warrior was really brave.;noun;محارب;m;;warrior;;;
1720;amen;amen;Alle sagten „Amen“.;Everyone said “amen.”;interjection;آمين;;;amen;;;
1721;bedingungen;conditions;Die Bedingungen sind echt schwierig.;The conditions are really difficult.;noun;شروط;f;;conditions;;;
1722;Inspektor;inspector;Der Inspektor untersucht den Fall.;The inspector is investigating the case.;noun;مفتّش;m;;inspector;;;
1723;nieder;down / lower;Er ging zu Boden nieder.;He went down to the ground.;adverb;لتحت / منخفض;;;down;;;
1724;sexuelle;sexual;Das war eine sexuelle Belästigung.;That was sexual harassment.;adjective;جنسيّة;;;sexual;;;
1725;spezielle;specific /special ;Ich habe eine spezielle Anfrage.;I have a special request.;adjective;خاصة;;;special;;;
1726;Mantel;coat;Zieh deinen Mantel an, es ist kalt.;Put on your coat, it's cold.;noun;بالطو / معطف;m;;coat;;;
1727;hergestellt;manufactured / produced;Das Produkt wurde in Deutschland hergestellt.;The product was made in Germany.;verb;مصنوع;;;made;;;
1728;Schlafzimmer;bedroom;Das Schlafzimmer ist echt oben.;The bedroom is really upstairs.;noun;أوضة النوم;n;;bedroom;;;
1729;faszinierend;fascinating;Die Geschichte ist echt faszinierend.;The story is really fascinating.;adjective;مُثير / مُدهش;;;fascinating;;;
1730;ersetzen;to replace;Wir müssen die Tür ersetzen.;We need to replace the door.;verb;يستبدل;;;replace;;;
1731;Zweck;purpose;Was ist der Zweck dieser Übung?;What is the purpose of this exercise?;noun;هدف / غرض;m;;purpose;;;
1732;erbe;inheritance / heir;Er ist echt der rechtmäßige Erbe.;He is really the rightful heir.;noun;ميراث;n;;heir;;;
1733;Kommando;command;Er hat das gerade Kommando übernommen.;He has taken command just now.;noun;أمر / قيادة;n;;command;;;
1734;extrem;extreme;Das war eine extreme Situation.;That was an extreme situation.;adjective;شديد جداً;;;extreme;;;
1735;dramatische;dramatic;Ich nehme lieber die dramatische Option.;I'd rather take the dramatic option.;adjective;دراميّة;;dramatisch;dramatic;;;
1736;immerhin;at least / after all;Immerhin hast du es versucht.;At least you tried.;adverb;على الأقل;;;At least;;;
1737;unrecht;wrong / unjust;Du tust mir unrecht.;You are wronging me.;noun;ظلم / غلط;n;;wronging;;;
1738;weitergehen;to continue / go on;Wir müssen weitergehen.;We have to continue.;verb;يكمل / يواصل;;;continue;;;
1739;Pilot;pilot;Der Pilot startet das Flugzeug.;The pilot starts the airplane.;noun;طيّار;m;;pilot;;;
1740;verfahren;procedure / to proceed;Wie sollen wir verfahren?;How should we proceed?;verb/noun;إجراء / طريقة;;;proceed;;;
1741;eile;urgency / rush;Warum die Eile?;Why the rush?;noun;استعجال;f;;rush;;;
1742;organisiert;organized;Alles ist gut organisiert.;Everything is well organized.;verb;منظّم;;;organized;;;
1743;eröffnen;to open / to launch;Wir eröffnen das neue Geschäft morgen.;We open the new store tomorrow.;verb;يفتتح / يفتح;;;open;;;
1744;mischen;to mix;Du musst die Farben mischen.;You must mix the colors.;verb;يخلّط;;;mix;;;
1745;herrscht;prevails;Hier herrscht Ruhe.;Silence prevails here.;verb;سائد / بيحكم;;;prevails;;;
1746;bedroht;threatened;Er fühlte sich bedroht.;He felt threatened.;verb;مهدَّد;;;threatened;;;
1747;abgeschnitten;cut off / isolated;Das Dorf ist vom Schnee abgeschnitten.;The village is cut off by the snow.;verb;مقطوع;;;cut off;;;
1748;Bedeutung;meaning / significance;Das hat große Bedeutung.;That has great significance.;noun;معنى / أهمية;f;;significance;;;
1749;Anführer;leader;Der Anführer geht voran.;The leader goes ahead.;noun;قائد;m;;leader;;;
1750;zurückbringen;to bring back;Kannst du das Buch zurückbringen?;Can you bring back the book?;verb;يرجّع;;;bring back;;;
1751;Täter;perpetrator;Der Täter wurde gerade gefasst.;The perpetrator was caught just now.;noun;جاني;m;;perpetrator;;;
1752;loslassen;to let go;Du musst deine Angst loslassen.;You have to let go of your fear.;verb;يسيّب / يطلق;;;let go;;;
1753;putzen;to clean (scrub, wipe, tidy);Ich muss die Küche putzen.;I have to clean the kitchen.;verb;ينضّف;;;clean;;;
1754;eindeutig;clear / unmistakable;Das ist eindeutig falsch.;That is clearly wrong.;adjective;واضح جداً;;;clearly;;;
1755;gelb;yellow;Das Auto ist gelb.;The car is yellow.;adjective;أصفر;;;yellow;;;
1756;neugierig;curious;Ich bin neugierig, was passiert.;I’m curious what happens.;adjective;فضولي;;;curious;;;
1757;dutzend;dozen;Ich kaufte ein Dutzend Eier.;I bought a dozen eggs.;noun;دستة;n;;dozen;;;
1758;Geschmack;taste;Der Geschmack ist echt fantastisch.;The taste is really fantastic.;noun;طعم / ذوق;m;;taste;;;
1759;hinterher;afterwards / behind;Ich laufe dir gleich hinterher.;I’ll run after you in a moment.;adverb;ورا / بعدين;;;after;;;
1760;uniform;uniform;Die Schüler tragen eine Uniform.;The students wear a uniform.;noun;يونيفورم / زي رسمي;f;;uniform;;;
1761;Bühne;stage;Er steht auf der Bühne.;He is standing on the stage.;noun;مسرح;f;;stage;;;
1762;Bart;beard;Er hat wirklich einen langen Bart.;He really has a long beard.;noun;دقن;m;;beard;;;
1763;Mittagessen;lunch;Was gibt es zum Mittagessen?;What’s for lunch?;noun;غدا;n;;lunch;;;
1764;Huhn;chicken;Ich esse gern Huhn.;I like eating chicken.;noun;فراخ / دجاج;n;;chicken;;;
1765;reingelegt;tricked / fooled;Du hast mich reingelegt!;You fooled me!;verb;ضحك عليه / نصبه;;;fooled;;;
1766;empfehlen;to recommend;Ich kann dieses Buch empfehlen.;I can recommend this book.;verb;ينصح;;;recommend;;;
1767;herrlich;wonderful / lovely;Das Wetter ist herrlich.;The weather is wonderful.;adjective;رائع / جميل قوي;;;wonderful;;;
1768;Tränen;tears;Sie hatte Tränen in den Augen.;She had tears in her eyes.;noun;دموع;f;;tears;;;
1769;strecke;stretch / distance;Die Strecke ist echt lang.;The route is really long.;noun;مسافة / طريق;f;;route;;;
1770;nachsehen;to check / look up;Ich muss das kurz nachsehen.;I need to check that quickly.;verb;يبصّ / يراجع / يشوف;;;check;;;
1771;figur;figure / body shape;Sie hat wirklich eine sportliche Figur.;She really has an athletic figure.;noun;شكل / جسم;f;;figure;;;
1772;tödlich;deadly;Das Gift ist tödlich.;The poison is deadly.;adjective;قاتل;;;deadly;;;
1773;Champagner;champagne;Wir trinken Champagner.;We’re drinking champagne.;noun;شامبانيا;m;;champagne;;;
1774;bewundere;I admire;Ich bewundere deinen Mut.;I admire your courage.;verb;بِعجب بـ;;;I admire;;;
1775;Vorteil;advantage;Das ist echt ein großer Vorteil.;That is really a big advantage.;noun;ميزة;m;;advantage;;;
1776;grausam;cruel;Das war eine grausame Tat.;That was a cruel act.;adjective;قاسي / وحشي;;;cruel;;;
1777;Kleidung;clothing;Deine Kleidung sieht gut aus.;Your clothing looks good.;noun;هدوم;f;;clothing;;;
1778;Müll;garbage / trash;Der Müll muss raus.;The trash needs to go out.;noun;زبالة;m;;trash;;;
1779;Pillen;pills;Sie nimmt ihre Pillen jeden Morgen.;She takes her pills every morning.;noun;حبوب;f;;pills;;;
1780;ahnen;to suspect / foresee;Ich konnte das nicht ahnen.;I couldn’t have known that.;verb;يشك / يحسّ;;;known;;;
1781;soviel;so much;Ich habe soviel zu tun.;I have so much to do.;vocab;كل ده / كتير كده;;;so much;;;
1782;Süden;south;Wir fahren in den Süden.;We are driving to the south.;vocab;الجنوب;;;south;;;
1783;entstehen;to arise/develop;Wie ist das Problem entstanden?;How did the problem arise?;verb;يتكوّن / ينشأ;;entstanden;arise;;;
1784;Krebs;cancer;Sein Vater hat Krebs.;His father has cancer.;vocab;سرطان;;;cancer;;;
1785;Menschheit;humanity;Die Zukunft der Menschheit liegt in unseren Händen.;The future of humanity is in our hands.;vocab;البشرية;;;humanity;;;
1786;positiv;positive;Versuch, positiv zu bleiben.;Try to stay positive.;vocab;إيجابي;;;positive;;;
1787;anschließen;to connect/join;Kannst du das Kabel anschließen?;Can you connect the cable?;verb;يوصل / يركّب;;;connect;;;
1788;verkehr;traffic;Der Verkehr ist heute schlimm.;The traffic is bad today.;vocab;مرور / زحمة;;;traffic;;;
1789;aussprechen;to pronounce;Kannst du meinen Namen richtig aussprechen?;Can you pronounce my name correctly?;verb;ينطق / يقول;;;pronounce;;;
1790;begeistert;excited;Ich bin wirklich begeistert!;I am really excited!;vocab;متحمّس;;;excited;;;
1791;Geiseln;hostages;Die Polizei hat die Geiseln befreit.;The police freed the hostages.;vocab;رهائن;;;hostages;;;
1792;Stoff;material;Das ist echt ein weicher Stoff.;This is really a soft material.;vocab;قماش / مادة;;;material;;;
1793;Geburt;birth;Die Geburt war echt schwierig.;The birth was really difficult.;vocab;ولادة;;;birth;;;
1794;funk;radio / signal;Der Funk funktioniert nicht.;The radio signal isn’t working.;vocab;لاسلكي;;;signal;;;
1795;sicht;view/sight;Die Sicht ist heute schlecht.;The visibility is bad today.;vocab;رؤية / منظر;;;visibility;;;
1796;Hammer;hammer;Gib mir bitte den Hammer.;Please give me the hammer.;vocab;شاكوش / مطرقة;;;hammer;;;
1797;Knopf;button;Drück den roten Knopf nicht!;Don’t press the red button!;vocab;زرار;;;button;;;
1798;spanisch;Spanish;Ich lerne spanisch.;I am learning Spanish.;vocab;إسباني;;;Spanish;;;
1799;grauen;dread;Mir graut es vor morgen.;I dread tomorrow.;verb;يرعب / فزع;;graut;dread;;;
1800;kotzen;to vomit;Mir ist schlecht, ich muss kotzen.;I feel sick, I need to vomit.;verb;يرجّع / يستفرغ (عامية);;;vomit;;;
1801;sanft;gentle;Er streichelte den Hund ganz sanft.;He petted the dog very gently.;vocab;هادئ / لطيف;;;gently;;;
1802;Hütte;hut/cabin;Wir übernachten in einer Hütte.;We are staying in a cabin.;vocab;كوخ;;;cabin;;;
1803;mitmachen;to join/participate;Willst du mitmachen?;Do you want to join?;verb;يشارك;;;join;;;
1804;Unterhaltung;entertainment/conversation;Die Unterhaltung war echt spannend.;The conversation was really interesting.;vocab;ترفيه;;;conversation;;;
1805;ausreden;to finish speaking;Lass mich bitte ausreden!;Please let me finish speaking!;verb;يعتذر بحجج / يقنعه يبطل;;;finish speaking;;;
1806;anlegen;to put on / invest;Ich muss schnell meine Jacke anlegen.;I need to put on my jacket quickly.;verb;يلبس / يركّب;;;put on;;;
1807;täglich;daily;Ich trinke täglich Kaffee.;I drink coffee daily.;adjective;يومياً;;;daily;;;
1808;dämlich;stupid/silly;Das war eine dämliche Idee.;That was a stupid idea.;adjective;غبي;;;stupid;;;
1809;Bürger;citizen;Jeder Bürger hat Rechte.;Every citizen has rights.;noun;مواطن;m;;citizen;;;
1810;Ereignisse;events;Die Ereignisse gestern waren überraschend.;The events yesterday were surprising.;noun;أحداث;n;;events;;;
1811;angeblich;supposedly;Er ist echt angeblich krank.;He is really supposedly sick.;adverb;المفروض / على حدّ ما;;;supposedly;;;
1812;Europa;Europe;Europa ist sehr vielfältig.;Europe is very diverse.;noun;أوروبا;n;;Europe;;;
1813;flehe;I beg;Ich flehe dich an, bleib hier!;I beg you, stay here!;verb;بتوسّل;;;I beg;;;
1814;einnehmen;to take (medicine)/occupy;Ich muss die Tabletten zweimal täglich einnehmen.;I must take the pills twice a day.;verb;ياخد (دواء) / يسيطر على;;;take;;;
1815;bedienen;to serve/operate;Kannst du die Maschine bedienen?;Can you operate the machine?;verb;يخدم / يشغّل;;;operate;;;
1816;auseinander;apart;Wir haben uns auseinander gelebt.;We’ve grown apart.;adverb;منفصل / متفكك;;;apart;;;
1817;verlaufen;to run/turn out/get lost;Die Party ist echt gut verlaufen.;The party really went well.;verb;يمشي / يحصل / يتوه (حسب السياق);;;went;;;
1818;heutigen;today's;Bei unserem heutigen Treffen…;At our meeting today…;adjective;بتاع النهارده;;;today;;;
1819;rasen;to race/speed;Er rast viel zu schnell.;He's driving way too fast.;verb;يجري بسرعة / يتهوّر;;rast;fast;;;
1820;Spion;spy;Er ist echt ein Spion.;He is really a spy.;noun;جاسوس;m;;spy;;;
1821;Betrieb;operation/company;Der Betrieb ist echt geschlossen.;The business is really closed.;noun;شركة / تشغيل;m;;business;;;
1822;wonach;after what/what…after;Wonach suchst du?;What are you looking for?;adverb;على إيه / بدوّر على إيه;;;What;;;
1823;Beeilung;hurry up;Beeilung! Wir sind spät dran!;Hurry! We’re running late!;noun;استعجال;f;;Hurry;;;
1824;Verhör;interrogation;Das Verhör dauerte drei Stunden.;The interrogation lasted three hours.;noun;تحقيق / استجواب;n;;interrogation;;;
1825;Anteil;share/portion;Er hat wirklich einen großen Anteil daran.;He really has a big share in it.;noun;نصيب / نسبة;m;;share;;;
1826;Fernseher;TV;Ich habe einen neuen Fernseher gekauft.;I bought a new TV.;noun;تلفزيون;m;;TV;;;
1827;Trauer;grief;Sie ist echt voller Trauer.;She is really full of grief.;noun;حزن / حداد;f;;grief;;;
1828;Terroristen;terrorists;Die Terroristen wurden gerade gefasst.;The terrorists were caught just now.;noun;إرهابيين;m;;terrorists;;;
1829;Bereich;area/field;In welchem Bereich arbeitest du?;In which field do you work?;noun;مجال / منطقة;m;;field;;;
1830;wiederkommen;to come back again;Ich komme morgen wieder.;I will come back tomorrow.;verb;يرجع تاني;;komme;come;;;
1831;Roman;novel;Ich lese gerade einen spannenden Roman.;I'm reading an exciting novel.;noun;رواية;m;;novel;;;
1832;zerbrochen;broken/shattered;Das Glas ist zerbrochen.;The glass is broken.;adjective;مكسور;;;broken;;;
1833;Nutte;prostitute (very vulgar);Er beschimpfte sie als Nutte.;He insulted her as a prostitute.;noun;شرموطة (شتيمة قوية);f;;prostitute;;;
1834;Scheck;check (bank);Hast du den Scheck eingelöst?;Did you cash the check?;noun;شيك;m;;check;;;
1835;Ermittlungen;investigation (criminal / police);Die Ermittlungen dauern an.;The investigations continue.;noun;تحقيقات;f;;investigations;;;
1836;Linie;line;Zieh eine gerade Linie.;Draw a straight line.;noun;خط;f;;line;;;
1837;Dunkelheit;darkness;Er verschwand in der Dunkelheit.;He disappeared into the darkness.;noun;ضلمة;f;;darkness;;;
1838;Charlotte;Charlotte (name);Charlotte kommt später.;Charlotte is coming later.;noun;شارلوت;;;Charlotte;;;
1839;Lippen;lips;Ihre Lippen sind ganz trocken.;Her lips are very dry.;noun;شفايف;f;;lips;;;
1840;Publikum;audience;Das Publikum klatschte laut.;The audience clapped loudly.;noun;جمهور;n;;audience;;;
1841;ergreifen;to seize/grab;Sie ergriff seine Hand.;She grabbed his hand.;verb;يمسك / يتخذ;;ergriff;grabbed;;;
1842;moderne;modern;Das ist sehr moderne Musik.;That is very modern music.;adjective;حديث;;;modern;;;
1843;Fingerabdrücke;fingerprints;Keine Fingerabdrücke wurden gefunden.;No fingerprints were found.;noun;بصمات;m;;fingerprints;;;
1844;dahinter;behind it;Was steckt dahinter?;What is behind it?;adverb;ورا ده;;;behind it;;;
1845;Folter;torture;Folter ist illegal.;Torture is illegal.;noun;تعذيب;f;;Torture;;;
1846;gleichzeitig;simultaneously;Sie sprachen gleichzeitig.;They spoke at the same time.;adverb;في نفس الوقت;;;same time;;;
1847;vereint;united / together (adjective after verb);Wir sind vereint stärker.;We are stronger united.;adjective;متحد;;;united;;;
1848;nass;wet;Meine Kleidung ist ganz nass.;My clothes are completely wet.;adjective;مبلول;;;wet;;;
1849;schock;shock;Der Unfall war echt ein Schock.;The accident was really a shock.;noun;صدمة;m;;shock;;;
1850;Block;block (city block);Wir wohnen im selben Block.;We live on the same block.;noun;بلوك / بلوك سكني;m;;block;;;
1851;abhalten;to prevent/hold back;Lass dich nicht abhalten!;Don’t let yourself be stopped!;verb;يمنع / يعقد (اجتماع);;;stopped;;;
1852;Sklaven;slaves;Die Sklaven wurden gerade befreit.;The slaves were freed just now.;noun;عبيد;m;;slaves;;;
1853;Verbrecher;criminal;Der Verbrecher wurde gerade gefasst.;The criminal was caught just now.;noun;مجرم;m;;criminal;;;
1854;abgefahren;awesome/crazy;Der Film war echt echt abgefahren.;The movie was really really crazy.;adjective;مجنون/جامد (عامية) / غادر (قطار);;;crazy;;;
1855;Tasse;cup;Ich trinke eine Tasse Kaffee.;I'm drinking a cup of coffee.;noun;كوباية;f;;cup;;;
1856;clever;clever/smart;Das war eine clevere Idee.;That was a clever idea.;adjective;ذكي / شاطر;;;clever;;;
1857;eilig;in a hurry;Ich habe es eilig.;I'm in a hurry.;adjective;مستعجل;;;in a hurry;;;
1858;Führer;leader/guide;Er war echt der Führer der Gruppe.;He was really the leader of the group.;noun;قائد / مرشد;m;;leader;;;
1859;typisch;typical;Das ist typisch für ihn.;That is typical of him.;adjective;طبيعي / معتاد;;;typical;;;
1860;Kids;kids;Die Kids spielen draußen.;The kids are playing outside.;noun;عيال / أطفال;n;;kids;;;
1861;knarre;gun (slang);Er hat wirklich eine Knarre dabei.;He really has a gun with him.;noun;فرد / مسدس (عامية);f;;gun;;;
1862;Heimat;home/homeland;Deutschland ist meine Heimat.;Germany is my homeland.;noun;وطن / بلد;f;;homeland;;;
1863;fakten;facts;Die Fakten sind echt eindeutig.;The facts are really clear.;noun;حقايق;n;;facts;;;
1864;Drachen;dragon/kite;Der Drache fliegt hoch.;The kite is flying high.;noun;تنين;m;Drache;kite;;;
1865;Chicago;Chicago;Ich war einmal in Chicago.;I was once in Chicago.;noun;شيكاغو;n;;Chicago;;;
1866;belogen;to deceive someone by lying;Er hat mich belogen.;He lied to me.;verb;كذب عليه;;;lied;;;
1867;Einladung;invitation;Danke für die Einladung!;Thanks for the invitation!;noun;عزومة / دعوة;f;;invitation;;;
1868;vierte;fourth;Das ist die vierte Aufgabe.;This is the fourth task.;adjective;الرابع/ة;;;fourth;;;
1869;Laura;Laura;Laura kommt später.;Laura is coming later.;noun;لورا;;;Laura;;;
1870;bescheuert;stupid/crazy;Das ist total bescheuert.;That is totally stupid.;adjective;غبي / أهبل (قوية شوية);;;stupid;;;
1871;Pech;bad luck;Ich hatte Pech heute.;I had bad luck today.;noun;نحس;n;;bad luck;;;
1872;Künstler;artist;Der Künstler arbeitet an einem neuen Bild.;The artist is working on a new painting.;noun;فنان;m;;artist;;;
1873;Korrektur;correction;Ich habe eine Korrektur gemacht.;I made a correction.;noun;تصحيح;f;;correction;;;
1874;Jungfrau;virgin;Sie ist echt eine Jungfrau.;She is really a virgin.;noun;عذراء;f;;virgin;;;
1875;China;China;China ist ein großes Land.;China is a big country.;noun;الصين;n;;China;;;
1876;Stil;style;Dein Stil gefällt mir.;I like your style.;noun;ستايل / أسلوب;m;;style;;;
1877;vergiftet;poisoned;Das Essen war vergiftet.;The food was poisoned.;verb;مسموم;;;poisoned;;;
1878;reingehen;to go in;Lass uns rein gehen.;Let's go inside.;verb;يدخل;;rein;go;;;
1879;Kopie;copy;Ich brauche eine Kopie davon.;I need a copy of that.;noun;نسخة;f;;copy;;;
1880;Basis;basis/foundation;Vertrauen ist die Basis jeder Beziehung.;Trust is the basis of every relationship.;noun;أساس;f;;basis;;;
1881;mittag;noon/midday;Wir sehen uns am Mittag.;We’ll see each other at noon.;noun;الضهر;m;;noon;;;
1882;Senator;senator;Der Senator hält eine Rede.;The senator is giving a speech.;noun;سيناتور;m;;senator;;;
1883;jo;yep/yeah (casual);Jo, das passt.;Yep, that works.;interjection;آه / أيوه;;;Yep;;;
1884;beschuldigt;accused;Er wurde gerade des Diebstahls beschuldigt.;He was accused of theft just now.;verb;اتهم;;;accused;;;
1885;fähig;capable;Sie ist echt fähig, das zu schaffen.;She is really capable of doing it.;adjective;قادر;;;capable;;;
1886;vergewaltigt;raped;Sie wurde gerade vergewaltigt.;She was raped just now.;verb;مغتصَب/ة (جريمة);;;raped;;;
1887;hiermit;hereby;Hiermit kündige ich meinen Vertrag.;I hereby cancel my contract.;adverb;بموجب هذا / بهذا;;;hereby;;;
1888;piepen;to beep;Der Wecker piept jeden Morgen.;The alarm beeps every morning.;verb;بيبّ / يزنّ;;piept;beeps;;;
1889;umziehen;to move / change clothes;Ich muss heute umziehen.;I have to move today.;verb;ينقل سكن / يغيّر هدومه;;;move;;;
1890;einkaufen;to shop;Ich gehe einkaufen.;I'm going shopping.;verb;يشتري حاجات;;;shopping;;;
1891;pflanzen;to plant;Wir pflanzen heute Blumen.;We're planting flowers today.;verb;يزرع / نباتات;;;planting;;;
1892;Patrick;Patrick;Patrick kommt später.;Patrick is coming later.;noun;باتريك;;;Patrick;;;
1893;befragen;to question/interview;Die Polizei befragt Zeugen.;The police question witnesses.;verb;يستجوب / يسأل;;befragt;question;;;
1894;verschlossen;locked/shut;Die Tür ist echt verschlossen.;The door is really locked.;adjective;مقفول / كتوم;;;locked;;;
1895;Abenteuer;adventure;Das war echt ein großes Abenteuer.;That was really a big adventure.;noun;مغامرة;n;;adventure;;;
1896;bekämpfen;to fight/combat;Wir müssen das Feuer bekämpfen.;We must fight the fire.;verb;يحارب;;;fight;;;
1897;Markt;market;Ich gehe zum Markt.;I'm going to the market.;noun;سوق;m;;market;;;
1898;Pizza;pizza;Ich möchte eine Pizza essen.;I want to eat a pizza.;noun;بيتزا;f;;pizza;;;
1899;hervorragend;excellent / outstanding;Das Essen war hervorragend.;The food was excellent.;adjective;ممتاز;;;excellent;;;
1900;Bursche;lad/guy;Er ist echt ein netter Bursche.;He's a nice guy.;noun;شاب / ولد;m;;guy;;;
1901;Text;text;Ich lese deinen Text später.;I'll read your text later.;noun;نص;m;;text;;;
1902;ausgelöst;triggered;Der Alarm wurde gerade ausgelöst.;The alarm was triggered just now.;verb;اتسبّب في / فعّل;;;triggered;;;
1903;zurückgelassen;left behind;Er hat seinen Koffer zurückgelassen.;He left his suitcase behind.;verb;ساب وراه;;;behind;;;
1904;Cent;cent;Das kostet nur einen Cent.;That costs only one cent.;noun;سنت;m;;cent;;;
1905;ausruhen;to rest;Ich muss mich kurz ausruhen.;I need to rest a bit.;verb;يرتاح;;;rest;;;
1906;korrekt;correct;Die Antwort ist echt korrekt.;The answer is really correct.;adjective;صح;;;correct;;;
1907;Brille;glasses;Ich brauche eine neue Brille.;I need new glasses.;noun;نضّارة;f;;glasses;;;
1908;Kim;Kim;Kim ist meine Freundin.;Kim is my friend.;noun;كيم;;;Kim;;;
1909;blonde;blonde;Ich nehme lieber die blonde Option.;I'd rather take the blonde option.;adjective;شقراء;;;blonde;;;
1910;trocken;dry;Meine Kleidung ist wieder trocken.;My clothes are dry again.;adjective;ناشف;;;dry;;;
1911;bestens;perfectly;Es läuft bestens.;Everything is going perfectly.;adverb;تمام / زي الفل;;;perfectly;;;
1912;Mitternacht;midnight;Ich war bis Mitternacht wach.;I was awake until midnight.;noun;نص الليل;f;;midnight;;;
1913;spritze;injection/needle;Der Arzt gibt mir eine Spritze.;The doctor gives me an injection.;noun;حقنة;f;;injection;;;
1914;elf;eleven;Ich war elf Jahre alt.;I was eleven years old.;number;حداشر;;;eleven;;;
1915;widerlich;revolting / repulsive;Das Essen war widerlich.;The food was disgusting.;adjective;مقرف;;;disgusting;;;
1916;Holmes;Holmes;Holmes ist ein berühmter Detektiv.;Holmes is a famous detective.;noun;هولمز;;;Holmes;;;
1917;rechtzeitig;on time;Wir müssen rechtzeitig ankommen.;We must arrive on time.;adverb;في الوقت المناسب;;;on time;;;
1918;momentan;currently;Ich habe momentan keine Zeit.;I currently have no time.;adverb;حالياً;;;currently;;;
1919;vorgehen;to proceed;Wir müssen vorsichtig vorgehen.;We need to proceed carefully.;verb;يتصرف / يتعامل;;;proceed;;;
1920;Leo;Leo;Leo hat angerufen.;Leo called.;noun;ليو;;;Leo;;;
1921;gnädige;gracious (formal);Ich nehme lieber die gnädige Option.;I'd rather take the gracious option.;adjective;حضرتك / يا ست الكل (قديم/رسمي);;;gracious;;;
1922;nützlich;useful;Das war sehr nützlich.;That was very useful.;adjective;مفيد;;;useful;;;
1923;Klienten;clients;Ich treffe heute meine Klienten.;I am meeting my clients today.;noun;عملاء;m;;clients;;;
1924;holz;wood;Der Tisch ist echt aus Holz.;The table is really made of wood.;noun;خشب;n;;wood;;;
1925;beteiligt;involved;Er war echt an dem Projekt beteiligt.;He was really involved in the project.;adjective;متورّط / مشارك;;;involved;;;
1926;fleck;stain/spot;Dein Shirt hat einen Fleck.;Your shirt has a stain.;noun;بقعة;m;;stain;;;
1927;Dummkopf;fool/idiot;Sei kein Dummkopf!;Don’t be an idiot!;noun;غبي;m;;idiot;;;
1928;genial;brilliant;Das ist eine geniale Idee.;That's a brilliant idea.;adjective;عبقري / جامد قوي;;;brilliant;;;
1929;verschaffen;to obtain/provide;Ich kann dir Zugang verschaffen.;I can get you access.;verb;يوفّر / يجيب;;;get;;;
1930;Klinik;clinic;Meine Mutter arbeitet in einer Klinik.;My mother works in a clinic.;noun;عيادة / مستشفى;f;;clinic;;;
1931;hacken;to chop / hack;Er muss das Holz hacken.;He has to chop the wood.;verb;يهكر / يقطّع;;;chop;;;
1932;Raumschiff;spaceship;Das Raumschiff startet in einer Stunde.;The spaceship launches in one hour.;noun;سفينة فضاء;n;;spaceship;;;
1933;Tunnel;tunnel;Wir fahren durch einen Tunnel.;We are driving through a tunnel.;noun;نفق;m;;tunnel;;;
1934;Störung;disturbance / malfunction;Es gibt eine technische Störung.;There is a technical malfunction.;noun;عطل / تشويش;f;;malfunction;;;
1935;Elena;Elena;Elena kommt später vorbei.;Elena will come by later.;noun;إيلينا;;;Elena;;;
1936;Experiment;experiment;Das Experiment war echt erfolgreich.;The experiment was really successful.;noun;تجربة;n;;experiment;;;
1937;flotte;fleet;Die flotte ist gerade unterwegs nach Süden.;The fleet is on its way south right now.;noun;سريعة / شطّورة;f;;fleet;;;
1938;heutzutage;nowadays;Heutzutage benutzt jeder ein Smartphone.;Nowadays everyone uses a smartphone.;adverb;دلوقتي / الأيام دي;;;Nowadays;;;
1939;krach;noise / crash;Was war das für ein Krach?;What was that noise?;noun;خناقة / دوشة;m;;noise;;;
1940;Wut;anger;Er war echt voller Wut.;He was really full of anger.;noun;غضب;f;;anger;;;
1941;pinkeln;to pee;Ich muss dringend pinkeln.;I urgently need to pee.;verb;يِتبول (عامية);;;pee;;;
1942;verlegen;embarrassed;Sie wurde gerade ganz verlegen.;She became very embarrassed just now.;adjective;مكسوف / مرتبك;;;embarrassed;;;
1943;regnet;rains / is raining;Es regnet schon den ganzen Tag.;It has been raining all day.;verb;بتمطر;;;been raining;;;
1944;sinken;to sink;Das Schiff beginnt zu sinken.;The ship is starting to sink.;verb;يغطس / ينزل;;;sink;;;
1945;Schnee;snow;Der Schnee liegt echt hoch.;The snow is really deep.;noun;تلج;m;;snow;;;
1946;verhandeln;to negotiate;Wir müssen den Preis verhandeln.;We need to negotiate the price.;verb;يتفاوض;;;negotiate;;;
1947;beherrschen;to master / control;Er beherrscht vier Sprachen.;He masters four languages.;verb;يتحكّم / يتقن;;beherrscht;masters;;;
1948;Scheißkerl;bastard / asshole;Du benimmst dich wie ein Scheißkerl.;You're acting like an asshole.;noun;ابن وسخة / خرا (شتيمة);m;;asshole;;;
1949;Krone;crown;Der König trägt eine goldene Krone.;The king wears a golden crown.;noun;تاج;f;;crown;;;
1950;breit;wide;Die Straße ist echt breit.;The street is really wide.;adjective;عريض;;;wide;;;
1951;entspricht;corresponds to;Das entspricht nicht der Wahrheit.;That doesn’t correspond to the truth.;verb;يناسب / يطابق;;;correspond to;;;
1952;wüste;desert;Die Wüste ist echt trocken und heiß.;The desert is really dry and hot.;noun;صحراء;f;;desert;;;
1953;Ewigkeit;eternity;Das dauerte eine Ewigkeit.;That took an eternity.;noun;أبدية / وقت طويل قوي;f;;eternity;;;
1954;umlegen;to kill (slang) / lay down;Er wollte ihn umlegen.;He wanted to kill him.;verb;يقتل / يوقع;;;kill;;;
1955;ordentlich;proper/neat;Dein Zimmer sieht ordentlich aus.;Your room looks neat.;adjective;مرتب / كويس;;;neat;;;
1956;Graf;count (noble title);Der Graf lebt in einem Schloss.;The count lives in a castle.;noun;كونت / جراف;m;;count;;;
1957;Puppe;doll;Das Mädchen spielt mit einer Puppe.;The girl is playing with a doll.;noun;عروسة (لعبة);f;;doll;;;
1958;vorwürfe;accusations;Er macht ihr gerade schwere Vorwürfe.;He is making serious accusations against her right now.;noun;اتهامات;m;;accusations;;;
1959;beunruhigt;disturbed / unsettled;Ich bin beunruhigt über die Nachrichten.;I’m worried about the news.;adjective;قلقان;;;worried;;;
1960;abgemacht;Deal! / its settled;Abgemacht, wir treffen uns morgen.;Agreed, we meet tomorrow.;adjective;اتفقنا;;;Agreed;;;
1961;elend;miserable;Ich fühle mich elend.;I feel miserable.;adjective;تعيس / مسكين;;;miserable;;;
1962;verärgert;annoyed;Sie ist echt über ihn verärgert.;She is really annoyed with him.;adjective;متضايق / معصّب;;;annoyed;;;
1963;Ausnahme;exception;Das ist echt eine Ausnahme.;That is really an exception.;noun;استثناء;f;;exception;;;
1964;aufgehoben;canceled / lifted;Die Regeln wurden gerade aufgehoben.;The rules were lifted just now.;verb;ملغي / محفوظ;;;lifted;;;
1965;braun;brown;Der Hund ist echt braun.;The dog is really brown.;adjective;بني;;;brown;;;
1966;sicherlich;certainly;Das ist sicherlich richtig.;That is certainly correct.;adverb;أكيد;;;certainly;;;
1967;Hurensohn;son of a bitch (very vulgar);Nenn mich nicht Hurensohn!;Don’t call me a son of a bitch!;noun;ابن شرموطة (شتيمة قوية);m;;son of a bitch;;;
1968;Sendung;show/broadcast;Die Sendung beginnt um acht.;The show starts at eight.;noun;برنامج / إرسال;f;;show;;;
1969;Ritter;knight;Der Ritter trägt eine Rüstung.;The knight is wearing armor.;noun;فارس;m;;knight;;;
1970;rächen;to avenge;Er will sich rächen.;He wants to take revenge.;verb;ينتقم;;;revenge;;;
1971;Leiter;leader/ladder (context);Der Leiter der Gruppe spricht.;The leader of the group is speaking.;noun;سُلّم;m;;leader;;;
1972;bequem;comfortable;Dieser Stuhl ist sehr bequem.;This chair is very comfortable.;adjective;مريح;;;comfortable;;;
1973;weibliche;female;Ich nehme lieber die weibliche Option.;I'd rather take the female option.;adjective;أنثى / نسائية;;;female;;;
1974;wehren;to defend oneself;Du musst dich wehren.;You have to defend yourself.;verb;يدافع عن نفسه;;;defend yourself;;;
1975;Stefan;Stefan;Stefan kommt später.;Stefan is coming later.;noun;ستيفان;;;Stefan;;;
1976;Schädel;skull;Der Schädel war echt beschädigt.;The skull was really damaged.;noun;جمجمة;m;;skull;;;
1977;Politik;politics;Politik interessiert mich wenig.;Politics interest me very little.;noun;سياسة;f;;Politics;;;
1978;rad;wheel / bike;Mein Rad ist kaputt.;My bike is broken.;noun;عجلة / درّاجة;n;;bike;;;
1979;langweilen;to bore;Der Film langweilt mich.;The movie bores me.;verb;يملّ;;langweilt;bores;;;
1980;Reaktion;reaction;Seine Reaktion war überraschend.;His reaction was surprising.;noun;رد فعل;f;;reaction;;;
1981;Indianer;Native American;Er war echt als Indianer verkleidet.;He was really dressed as a Native American.;noun;هنود حُمر;m;;Native American;;;
1982;Studium;studies/university program;Sie fängt im Oktober mit dem Studium an.;She starts her studies in October.;noun;دراسة جامعية;n;;studies;;;
1983;weigert;refuses;Er weigert sich immer noch zu helfen.;He still refuses to help.;verb;بيرفض;;weigert;refuses;;;
1984;Prügel;beating;Er bekam Prügel von seinem Vater.;He got a beating from his father.;noun;ضرب;m;;beating;;;
1985;internet;internet;Das Internet ist heute langsam.;The internet is slow today.;noun;إنترنت;n;;internet;;;
1986;vermeiden;to avoid;Du musst Fehler vermeiden.;You must avoid mistakes.;verb;يتجنب;;;avoid;;;
1987;intelligent;intelligent;Sie ist echt intelligent.;She is really intelligent.;adjective;ذكي;;;intelligent;;;
1988;halle;hall;Wir treffen uns in der großen Halle.;We meet in the big hall.;noun;صالة;f;;hall;;;
1989;Klo;toilet (slang);Ich muss aufs Klo.;I need to go to the toilet.;noun;حمّام (عامية);n;;toilet;;;
1990;irgend;some/any (indefinite);Hast du irgend eine Idee?;Do you have any idea?;vocab;أيّ / كده;;;any;;;
1991;verdacht;suspicion;Er steht unter Verdacht.;He is under suspicion.;noun;شك / اشتباه;m;;suspicion;;;
1992;Unglück;misfortune/accident;Zum Glück ging das Unglück glimpflich aus.;Fortunately, the accident ended lightly.;noun;مصيبة / حادث;n;;accident;;;
1993;notwendig;essential /necessary (formal);Das ist absolut notwendig.;That is absolutely necessary.;adjective;ضروري;;;necessary;;;
1994;ablenken;to distract;Lass dich nicht ablenken.;Don’t let yourself get distracted.;verb;يشتّت;;;distracted;;;
1995;Stimmung;atmosphere / mood;Die Stimmung war echt super.;The mood was really great.;noun;مود / جو;f;;mood;;;
1996;Sara;Sara;Sara kommt morgen.;Sara is coming tomorrow.;noun;سارة;;;Sara;;;
1997;Höhle;cave;Wir haben eine Höhle entdeckt.;We discovered a cave.;noun;كهف;f;;cave;;;
1998;Mai;May;Im Mai wird es warm.;It gets warm in May.;noun;مايو;m;;May;;;
1999;Tyler;Tyler;Tyler ist mein Freund.;Tyler is my friend.;noun;تايلر;;;Tyler;;;
2000;bewacht;guarded;Das Gebäude wird bewacht.;The building is being guarded.;verb;محروس;;;guarded;;;
2001;Konto;account;Ich habe ein neues Konto eröffnet.;I opened a new account.;noun;حساب (بنك);n;;account;;;
2002;zentrale;central / headquarters;Ich nehme lieber die zentrale Option.;I'd rather take the central option.;adjective;مركزيّة;;;central;;;
2003;quälen;to torture/torment;Hör auf, mich zu quälen!;Stop tormenting me!;verb;يعذّب;;;tormenting;;;
2004;Truck;truck;Der Truck ist echt riesig.;The truck is really huge.;noun;شاحنة / تراك;m;;truck;;;
2005;bedanken;to thank;Ich möchte mich bedanken.;I would like to thank you.;verb;يشكر;;;thank;;;
2006;Methode;method;Das ist eine wirklich gute Methode.;That's a really good method.;noun;طريقة;f;;method;;;
2007;April;April;Im April beginnt der Frühling.;Spring begins in April.;noun;أبريل;m;;April;;;
2008;Fabrik;factory;Mein Vater arbeitet in einer Fabrik.;My father works in a factory.;noun;مصنع;f;;factory;;;
2009;vereinigten;united;Ich komme aus den Vereinigten Staaten.;I come from the United States.;adjective;المتحدة;;;United;;;
2010;Rakete;rocket;Die Rakete startet gleich.;The rocket is about to launch.;noun;صاروخ;f;;rocket;;;
2011;Mexiko;Mexico;Er reist nach Mexiko.;He is traveling to Mexico.;noun;المكسيك;n;;Mexico;;;
2012;faul;lazy;Ich bin heute faul.;I'm lazy today.;adjective;كسلان;;;lazy;;;
2013;Caroline;Caroline;Caroline kommt später.;Caroline is coming later.;noun;كارولين;;;Caroline;;;
2014;Eva;Eva;Eva hat angerufen.;Eva called.;noun;إيفا;;;Eva;;;
2015;zeichnen;to draw;Ich zeichne gern.;I like to draw.;verb;يرسم;;zeichne;draw;;;
2016;seil;rope;Das Seil ist echt zu kurz.;The rope is really too short.;noun;حبل;n;;rope;;;
2017;Antrag;application/request;Ich habe einen Antrag gestellt.;I submitted an application.;noun;طلب;m;;application;;;
2018;Gegner;opponent/enemy;Er ist echt mein stärkster Gegner.;He is really my strongest opponent.;noun;خصم;m;;opponent;;;
2019;füttern;to feed;Ich muss die Katze füttern.;I have to feed the cat.;verb;يأكّل;;;feed;;;
2020;klage;lawsuit/complaint;Sie hat wirklich eine Klage eingereicht.;She really filed a lawsuit.;noun;شكوى / دعوى;f;;lawsuit;;;
2021;Jäger;hunter;Der Jäger verfolgt das Reh.;The hunter is tracking the deer.;noun;صيّاد;m;;hunter;;;
2022;Gouverneur;governor;Der Gouverneur hält eine Rede.;The governor is giving a speech.;noun;حاكم;m;;governor;;;
2023;Marshall;marshal;Der Marshall kommt in die Stadt.;The marshal is coming to town.;noun;مارشال;m;;marshal;;;
2024;Identität;identity;Seine Identität ist unbekannt.;His identity is unknown.;noun;هوية;f;;identity;;;
2025;Magen;stomach;Mein Magen tut weh.;My stomach hurts.;noun;معدة;m;;stomach;;;
2026;osten;east;Im Osten geht die Sonne auf.;The sun rises in the east.;noun;الشرق;m;;east;;;
2027;gehorchen;to obey;Du musst den Regeln gehorchen.;You must obey the rules.;verb;يطيع;;;obey;;;
2028;zurückgeben;to give back;Kannst du mir das Buch zurückgeben?;Can you give me the book back?;verb;يرجع / يردّ;;;give;;;
2029;Scheidung;divorce;Die Scheidung war echt schwierig.;The divorce was really difficult.;noun;طلاق;f;;divorce;;;
2030;spenden;to donate;Ich möchte Blut spenden.;I want to donate blood.;verb;يتبرّع;;;donate;;;
2031;begeben;to proceed / go;Wir sollten uns zum Ausgang begeben.;We should proceed to the exit.;verb;يذهب / يتوجّه (رسمي);;;proceed;;;
2032;Vorfall;incident;Der Vorfall wurde gerade untersucht.;The incident was investigated just now.;noun;حادثة;m;;incident;;;
2033;raub;robbery;Der Raub war echt gut geplant.;The robbery was really well planned.;noun;سرقة بالعنف;m;;robbery;;;
2034;diamanten;diamonds;Die Diamanten wurden gerade gestohlen.;The diamonds were stolen just now.;noun;ألماس;m;;diamonds;;;
2035;Zuschauer;spectators/audience;Die Zuschauer jubeln.;The spectators are cheering.;noun;متفرجين;m;;spectators;;;
2036;Krankenwagen;ambulance;Der Krankenwagen ist gerade unterwegs.;The ambulance is on the way right now.;noun;إسعاف;m;;ambulance;;;
2037;Satz;sentence/set;Der Satz ist echt schwer.;The sentence is really difficult.;noun;جملة;m;;sentence;;;
2038;arrangiert;arranged;Das Treffen wurde arrangiert.;The meeting was arranged.;verb;مرتّب / مدبّر;;;arranged;;;
2039;heftig;intense/violent;Das war echt heftig.;That was really intense.;adjective;شديد / جامد;;;intense;;;
2040;zauber;magic;Ein bisschen Zauber schadet nie.;A little magic never hurts.;noun;سحر;m;;magic;;;
2041;zurecht;properly/in the right way;Du kommst schon zurecht.;You’ll manage just fine.;adverb;صح / مضبوط;;;manage;;;
2042;Realität;reality (factual / formal);Das ist echt die harte Realität.;This is really the harsh reality.;noun;واقع;f;;reality;;;
2043;Verletzungen;injuries;Er hat schwere Verletzungen.;He has serious injuries.;noun;إصابات;f;;injuries;;;
2044;Kreatur;creature;Die Kreatur kroch aus der Höhle.;The creature crawled out of the cave.;noun;مخلوق;f;;creature;;;
2045;abgelaufen;expired;Die Milch ist echt abgelaufen.;The milk is really expired.;verb;انتهت صلاحيته / خلص;;;expired;;;
2046;Ursache;cause;Die Ursache ist echt unbekannt.;The cause is really unknown.;noun;سبب;f;;cause;;;
2047;Behandlung;treatment;Die Behandlung dauert eine Woche.;The treatment lasts one week.;noun;علاج;f;;treatment;;;
2048;ausgesetzt;exposed / abandoned;Das Baby wurde ausgesetzt.;The baby was abandoned.;adjective;معرّض / اتساب;;;abandoned;;;
2049;Besitzer;owner;Er ist echt der Besitzer des Hauses.;He is really the owner of the house.;noun;مالك;m;;owner;;;
2050;Wissenschaftler;scientist;Der Wissenschaftler forscht an Krebs.;The scientist researches cancer.;noun;عالم;m;;scientist;;;
2051;Affäre;affair;Er hatte eine Affäre.;He had an affair.;noun;علاقة / فضيحة;f;;affair;;;
2052;Sophie;Sophie;Sophie kommt später.;Sophie is coming later.;noun;صوفي;;;Sophie;;;
2053;diskutieren;to depate /discuss;Lass uns darüber diskutieren.;Let's discuss it.;verb;يناقش;;;discuss;;;
2054;Verstärkung;reinforcement;Wir brauchen Verstärkung!;We need reinforcements!;noun;تعزيزات;f;;reinforcements;;;
2055;italienisch;Italian;Ich liebe italienisch essen.;I love eating Italian food.;vocab;إيطالي;;;Italian;;;
2056;anstrengend;exhausting;Das Training heute war sehr anstrengend.;Today’s workout was very exhausting.;vocab;متعب;;;exhausting;;;
2057;Jagd;hunt;Die Jagd begann früh am Morgen.;The hunt started early in the morning.;vocab;صيد / مطاردة;;;hunt;;;
2058;bezweifle;doubt that;Ich bezweifle, dass er kommt.;I doubt that he will come.;verb;بشك / مش مقتنع;;;doubt that;;;
2059;Revier;territory;Der Hund verteidigt sein Revier.;The dog defends its territory.;vocab;منطقة نفوذ;;;territory;;;
2060;Mitarbeiter;employee;Die Mitarbeiter sind echt alle freundlich.;The employees are really all friendly.;vocab;موظف;;;employees;;;
2061;Sarg;coffin;Der Sarg wurde gerade langsam getragen.;The coffin was carried slowly just now.;vocab;تابوت;;;coffin;;;
2062;Einfluss;influence;Er hat großen Einfluss auf mich.;He has a big influence on me.;vocab;تأثير;;;influence;;;
2063;Dosis;dose;Die Dosis war echt zu hoch.;The dose was really too high.;vocab;جرعة;;;dose;;;
2064;unterlagen;papers / documents / materials;Hast du die Unterlagen dabei?;Do you have the documents with you?;vocab;مستندات;;;documents;;;
2065;friedlich;peaceful;Das Dorf ist echt friedlich.;The village is really peaceful.;vocab;مسالم;;;peaceful;;;
2066;Kommissar;commissioner;Der Kommissar untersucht den Fall.;The commissioner is investigating the case.;vocab;مفتّش / كوميسير;;;commissioner;;;
2067;eintreten;to enter;Bitte eintreten!;Please come in!;verb;يدخل / يحصل;;;come in;;;
2068;verzichten;to give up;Ich kann nicht auf Kaffee verzichten.;I can’t give up coffee.;verb;يستغنى;;;give up;;;
2069;Franzosen;French (people);Die Franzosen haben wirklich eine tolle Küche.;The French really have great cuisine.;vocab;الفرنسيين;;;French;;;
2070;unangenehm;unpleasant;Das war echt eine unangenehme Situation.;That was really an unpleasant situation.;vocab;مش مريح / سخيف;;;unpleasant;;;
2071;Zucker;sugar;Ich nehme keinen Zucker im Tee.;I don't take sugar in my tea.;vocab;سكر;;;sugar;;;
2072;abgesagt;canceled;Das Treffen wurde abgesagt.;The meeting was canceled.;vocab;اتلغى;;;canceled;;;
2073;verprügelt;beaten up;Er wurde gerade auf der Straße verprügelt.;He was beaten up on the street just now.;verb;اتضرب جامد;;;beaten up;;;
2074;Studenten;students;Die Studenten lernen für die Prüfung.;The students are studying for the exam.;vocab;طلاب جامعة;;;students;;;
2075;Hafen;harbor;Das Schiff liegt im Hafen.;The ship is in the harbor.;vocab;مينا;;;harbor;;;
2076;männlich;male;Das Tier ist echt männlich.;The animal is really male.;vocab;ذكَر / رجالي;;;male;;;
2077;aufgrund;due to;Aufgrund des Wetters bleiben wir zuhause.;Due to the weather, we stay home.;prep;بسبب;;;Due to;;;
2078;marine;navy / marine;Er arbeitet in der Marine.;He works in the navy.;vocab;بحرية;;;navy;;;
2079;Sand;sand;Der Sand ist heute sehr heiß.;The sand is very hot today.;vocab;رمل;;;sand;;;
2080;Milliarden;billions;Die Firma verdient jedes Jahr Milliarden.;The company earns billions every year.;vocab;مليارات;;;billions;;;
2081;spuck;spit;Spuck das sofort aus!;Spit that out right now!;verb;بصاق;;;Spit;;;
2082;Schreibtisch;desk;Mein Schreibtisch ist immer unordentlich.;My desk is always messy.;vocab;مكتب;;;desk;;;
2083;stattdessen;instead;Lass uns stattdessen zu Hause bleiben.;Let's stay home instead.;adverb;بدل كده;;;instead;;;
2084;Staatsanwalt;prosecutor;Der Staatsanwalt hat neue Beweise.;The prosecutor has new evidence.;vocab;وكيل نيابة;;;prosecutor;;;
2085;Klamotten;clothes;Deine Klamotten sehen cool aus.;Your clothes look cool.;vocab;هدوم (عامية);;;clothes;;;
2086;flammen;flames;Die Flammen wurden gerade schnell größer.;The flames grew quickly just now.;vocab;لهب;;;flames;;;
2087;operieren;operate (surgery);Der Arzt muss ihn morgen operieren.;The doctor has to operate on him tomorrow.;verb;يعمل عملية;;;operate;;;
2088;einziehen;move in;Wir ziehen nächste Woche ein.;We’ll move in next week.;verb;ينقل يسكن / يسحب;;ziehen;move in;;;
2089;Spieler;player;Der Spieler hat drei Tore geschossen.;The player scored three goals.;vocab;لاعب;;;player;;;
2090;dünn;thin;Das Buch ist ziemlich dünn.;The book is quite thin.;adjective;رفيع / نحيف;;;thin;;;
2091;Wissenschaft;science;Die Wissenschaft entwickelt sich ständig weiter.;Science is constantly evolving.;vocab;علم;;;Science;;;
2092;vermasselt;messed up;Ich habe die Prüfung total vermasselt.;I totally messed up the exam.;verb;بوّظ / لخبط;;;messed up;;;
2093;viertel;quarter;Ein Viertel der Klasse war echt krank.;A quarter of the class was really sick.;vocab;ربع / حيّ;;;quarter;;;
2094;attraktiv;attractive;Sie findet ihn echt attraktiv.;She finds him really attractive.;adjective;جذّاب;;;attractive;;;
2095;belästigen;bother / harass;Hör auf, mich zu belästigen.;Stop bothering me.;verb;يضايق / يتحرّش;;;bothering;;;
2096;sinnlos;pointless;Diese Diskussion ist völlig sinnlos.;This discussion is completely pointless.;adjective;ملوش معنى;;;pointless;;;
2097;vertreten;represent;Er wird die Firma im Meeting vertreten.;He will represent the company in the meeting.;verb;يمثّل;;;represent;;;
2098;Veränderung;change;Die Veränderung tut uns allen gut.;The change is good for all of us.;vocab;تغيير;;;change;;;
2099;Verabredung;appointment / date;Ich habe heute Abend eine Verabredung.;I have a date tonight.;vocab;ميعاد;;;date;;;
2100;Ticket;ticket;Hast du schon ein Ticket gekauft?;Did you already buy a ticket?;vocab;تذكرة;;;ticket;;;
2101;Diener;servant;Der Diener öffnete die Tür.;The servant opened the door.;vocab;خادم;;;servant;;;
2102;brutal;brutal;Der Film war echt ziemlich brutal.;The movie was really quite brutal.;adjective;وحشي;;;brutal;;;
2103;Bedrohung;threat;Die Bedrohung wurde gerade ernst genommen.;The threat was taken seriously just now.;vocab;تهديد;;;threat;;;
2104;Kanone;cannon/gun;Die alte Kanone steht im Museum.;The old cannon stands in the museum.;vocab;مدفع;;;cannon;;;
2105;einsteigen;to get in/board;Bitte schnell einsteigen!;Please get in quickly!;verb;يركب;;;get in;;;
2106;kontaktieren;to contact;Du kannst mich jederzeit kontaktieren.;You can contact me anytime.;verb;يتواصل;;;contact;;;
2107;Verfügung;disposal;Er steht dir jederzeit zur Verfügung.;He is always at your disposal.;vocab;تصرّف / تحت التصرف;;;disposal;;;
2108;stattfinden;to take place;Das Konzert findet morgen statt.;The concert takes place tomorrow.;verb;يحصل / يتم;;statt;takes place;;;
2109;hustet;coughs;Er hustet seit gestern stark.;He’s been coughing heavily since yesterday.;verb;بيكحّ;;;coughing;;;
2110;wayne;"(slang: ""don’t care"")";Ist mir völlig wayne.;I totally don’t care.;slang;واين;;;don’t care;;;
2111;erweisen;to prove/show;Er hat sich als loyal erwiesen.;He proved himself loyal.;verb;يثبت / يقدّم;;erwiesen;proved;;;
2112;segeln;to sail;Wir gehen im Sommer segeln.;We’re going sailing in summer.;verb;يبحر;;;sailing;;;
2113;Tour;tour;Die Band startet eine neue Tour.;The band is starting a new tour.;vocab;جولة;;;tour;;;
2114;außergewöhnlich;extraordinary;Das war ein außergewöhnlicher Moment.;That was an extraordinary moment.;adjective;استثنائي;;;extraordinary;;;
2115;brüllt;yells/roars;Er brüllt vor Wut.;He yells in anger.;verb;بيزعق;;;yells;;;
2116;Gesundheit;health;Deine Gesundheit ist echt wichtiger als alles.;Your health is really more important than anything.;vocab;صحة;;;health;;;
2117;Titten;tits (vulgar);Er starrte auf ihre Titten.;He stared at her tits.;vocab/vulgar;صدر / بزاز (عامية);;;tits;;;
2118;losgehen;to start/begin;Lasst uns losgehen!;Let’s get going!;verb;يبدأ / يروح;;;get going;;;
2119;sprengen;to blow up;Sie wollen die Brücke sprengen.;They want to blow up the bridge.;verb;يفجّر;;;blow up;;;
2120;Öffentlichkeit;the public (people);Das kam an die Öffentlichkeit.;That became public.;vocab;الرأي العام / الناس;;;public;;;
2121;Fantasie;imagination;Seine Fantasie ist echt grenzenlos.;His imagination is really limitless.;vocab;خيال;;;imagination;;;
2122;Wirklichkeit;reality;Die Wirklichkeit sieht anders aus.;Reality looks different.;vocab;واقع;;;Reality;;;
2123;emotional;emotional;Der Film war echt emotional.;The movie was really emotional.;adjective;عاطفي;;;emotional;;;
2124;beliebt;popular;Er ist in der Schule sehr beliebt.;He is very popular at school.;adjective;محبوب;;;popular;;;
2125;Verteidigung;defense;Die Verteidigung war echt gut vorbereitet.;The defense was really well prepared.;vocab;دفاع;;;defense;;;
2126;Blatt;sheet/leaf;Er schrieb alles auf ein Blatt Papier.;He wrote everything on a sheet of paper.;vocab;ورقة;;;sheet;;;
2127;lehnen;to lean;Du kannst dich an die Wand lehnen.;You can lean against the wall.;verb;يرفض / يسند (حسب السياق);;;lean;;;
2128;meistens;mostly;Ich bin meistens zu Hause.;I am mostly at home.;adverb;في الغالب;;;mostly;;;
2129;knacken;to crack;Das Eis beginnt zu knacken.;The ice is starting to crack.;verb;يكسر / يفكّ;;;crack;;;
2130;gelobt;praised;Er wurde gerade für seine Arbeit gelobt.;He was praised for his work just now.;verb;اتمدح / أشاد;;;praised;;;
2131;Prüfung;exam;Ich habe morgen eine wichtige Prüfung.;I have an important exam tomorrow.;vocab;امتحان;;;exam;;;
2132;Arbeiter;worker;Die Arbeiter machen gerade Pause.;The workers are taking a break.;vocab;عامل;;;workers;;;
2133;Pater;father (religious);Der Pater sprach mit der Gemeinde.;The priest spoke to the congregation.;vocab;أب (كاهن);;;priest;;;
2134;west;west;Der Wind kommt heute aus west.;The wind comes from the west today.;vocab;الغرب;;;west;;;
2135;Dienstag;Tuesday;Am Dienstag habe ich frei.;I have a day off on Tuesday.;vocab;الثلاثاء;;;Tuesday;;;
2136;Lektion;lesson;Die Lektion war echt schwer zu verstehen.;The lesson was really hard to understand.;vocab;درس;;;lesson;;;
2137;angesprochen;addressed;Das Thema wurde gestern angesprochen.;The topic was addressed yesterday.;verb;اتكلم معاه / اتذكر;;;addressed;;;
2138;großzügig;generous;Sie ist sehr großzügig mit ihren Freunden.;She is very generous with her friends.;adjective;كريم;;;generous;;;
2139;Höhe;height;Die Höhe des Turms ist echt beeindruckend.;The height of the tower is really impressive.;vocab;ارتفاع;;;height;;;
2140;Geruch;smell;Der Geruch von Kaffee ist echt wunderbar.;The smell of coffee is really wonderful.;vocab;ريحة;;;smell;;;
2141;Stift;pen;Hast du einen Stift für mich?;Do you have a pen for me?;vocab;قلم;;;pen;;;
2142;Donnerstag;Thursday;Donnerstag ist echt mein Lieblingstag.;Thursday is really my favorite day.;vocab;الخميس;;;Thursday;;;
2143;Roboter;robot;Der Roboter bewegt sich automatisch.;The robot moves automatically.;vocab;روبوت;;;robot;;;
2144;Suppe;soup;Die Suppe schmeckt fantastisch.;The soup tastes fantastic.;vocab;شوربة;;;soup;;;
2145;Hirn;brain (intellegence/rude);Benutze dein Hirn!;Use your brain!;vocab;مخ;;;brain;;;
2146;Gedächtnis;memory (mental capacity);Mein Gedächtnis ist heute schlecht.;My memory is bad today.;vocab;ذاكرة;;;memory;;;
2147;durchgehen;to go through;Lass uns den Plan nochmal durchgehen.;Let's go through the plan again.;verb;يمشي / يعدّي / يراجع;;;go through;;;
2148;nix;nothing (slang);Ich hab nix gesagt.;I didn’t say anything.;slang;ولا حاجة;;;anything;;;
2149;Titel;title;Der Titel des Buches ist echt interessant.;The title of the book is really interesting.;vocab;عنوان / لقب;;;title;;;
2150;Hauptmann;Captain as a military rank (army);Der Hauptmann gab den Befehl.;The captain gave the order.;vocab;نقيب / كابتن;;;captain;;;
2151;drum;that’s why / around;Ich habe drum gebeten.;I asked for it / that’s why I asked.;adverb;عشان / لذلك;;;that’s why;;;
2152;Kalifornien;California;Er möchte nach Kalifornien reisen.;He wants to travel to California.;vocab;كاليفورنيا;;;California;;;
2153;hupen;to honk;Der Fahrer hat zweimal gehupt.;The driver honked twice.;verb;يزمّر;;gehupt;honked;;;
2154;abziehen;to subtract / pull off;Du musst drei Punkte abziehen.;You have to subtract three points.;verb;يقلع / ينصب;;;subtract;;;
2155;beschweren;to complain;Er beschwert sich ständig.;He complains constantly.;verb;يشتكي;;beschwert;complains;;;
2156;verschieben;to postpone;Wir müssen das Meeting verschieben.;We have to postpone the meeting.;verb;يأجّل / يحرّك;;;postpone;;;
2157;versorgt;taken care of / provided;Das Team ist gut versorgt.;The team is well taken care of.;verb;مُعتنى به / مزوّد;;;taken care of;;;
2158;leib;body / belly;Sie trägt das Baby an ihrem Leib.;She carries the baby at her body.;vocab;جسم;;;body;;;
2159;schere;scissors;Wo ist die Schere?;Where are the scissors?;vocab;مقص;;;scissors;;;
2160;verabredet;arranged / have plans;Wir sind für morgen verabredet.;We have plans for tomorrow.;verb;متفق;;;have plans;;;
2161;not;distress / emergency;Er ist echt in großer Not.;He is really in great distress.;vocab;ضرورة / ضيق;;;distress;;;
2162;Training;training;Ich habe heute Abend Training.;I have training tonight.;vocab;تمرين;;;training;;;
2163;feststellen;to determine / find out;Wir müssen die Ursache feststellen.;We need to determine the cause.;verb;يلاحظ / يثبت;;;determine;;;
2164;Ausgang;exit;Wo ist der Ausgang?;Where is the exit?;vocab;خروج;;;exit;;;
2165;ehemaliger;former;Er ist ein ehemaliger Kollege.;He is a former colleague.;adjective;سابق;;;former;;;
2166;mitleid;sympathy / pity;Ich habe kein Mitleid mit ihm.;I have no sympathy for him.;vocab;شفقة;;;sympathy;;;
2167;verbreiten;to spread;Die Nachricht verbreitet sich schnell.;The news spreads quickly.;verb;ينشر;;verbreitet;spreads;;;
2168;pflege;care;Ich arbeite in der Pflege.;I work in care / caregiving.;vocab;رعاية;;;care;;;
2169;bogen;bow / curve;Der Weg macht einen kleinen Bogen.;The path makes a small curve.;vocab;قوس;;;curve;;;
2170;Christus;Christ;Er glaubt fest an Christus.;He strongly believes in Christ.;vocab;المسيح;;;Christ;;;
2171;verehrte;respected / honored;Ich nehme lieber die verehrte Option.;I'd rather take the respected option.;adjective;حضرات / الموقّرين;;;respected;;;
2172;gottverdammt;goddamn (vulgar);Mach die gottverdammte Tür auf!;Open the goddamn door!;adjective;يا دين أمي / يا لعنة الله (شتيمة);;;goddamn;;;
2173;Chip;chip (food or tech);Ich esse gern einen Chip.;I like eating a chip.;vocab;شريحة;;;chip;;;
2174;vorfahren;ancestors;Meine Vorfahren kamen aus Europa.;My ancestors came from Europe.;vocab;أجداد;;;ancestors;;;
2175;blitz;lightning;Der Blitz schlug in den Baum ein.;The lightning struck the tree.;vocab;برق;;;lightning;;;
2176;zittern;to tremble;Er begann vor Kälte zu zittern.;He started to tremble from the cold.;verb;يرتعش;;;tremble;;;
2177;mhm;mm-hmm;„Mhm“, das klingt gut.;“Mhm,” that sounds good.;interjection;ممم / أها;;;Mhm;;;
2178;Ausland;abroad;Er möchte im Ausland studieren.;He wants to study abroad.;vocab;الخارج;;;abroad;;;
2179;erneut;again / once more (formal);Er hat es erneut versucht.;He tried again.;adverb;تاني;;;again;;;
2180;Austausch;exchange;Wir sind im kulturellen Austausch.;We are in a cultural exchange.;vocab;تبادل;;;exchange;;;
2181;Stellung;position;Er verteidigt seine Stellung.;He defends his position.;vocab;منصب / موقف;;;position;;;
2182;heimlich;secretly;Sie trafen sich heimlich.;They met secretly.;adverb;بالسر;;;secretly;;;
2183;vertreiben;to expel / drive away;Der Lärm vertreibt die Tiere.;The noise drives the animals away.;verb;يطرد;;vertreibt;drives;;;
2184;Felsen;rock / cliff;Er kletterte auf den Felsen.;He climbed onto the rock.;vocab;صخور;;;rock;;;
2185;entschlossen;determined;Sie ist entschlossen, ihr Ziel zu erreichen.;She is determined to reach her goal.;adjective;مصمّم;;;determined;;;
2186;ersparen;to spare / save;Das musst du mir nicht ersparen.;You don’t need to spare me that.;verb;يوفّر;;;spare;;;
2187;Schwachsinn;nonsense (rude);Das ist echt doch kompletter Schwachsinn!;That is really complete nonsense!;vocab;هبل / غباء;;;nonsense;;;
2188;irgendwer;anyone;Irgendwer hat an der Tür geklopft.;Someone knocked at the door.;pronoun;أي حد;;;Someone;;;
2189;zurückziehen;to withdraw;Er will sich aus dem Projekt zurückziehen.;He wants to withdraw from the project.;verb;ينسحب;;;withdraw;;;
2190;hergebracht;traditional / old-fashioned;Das ist eine hergebrachte Methode.;That is a traditional method.;adjective;جاب هنا;;;traditional;;;
2191;hinsetzen;to sit down;Setz dich bitte hin.;Please sit down.;verb;يقعد;;Setz;sit down;;;
2192;zurückgehen;to go back;Wir müssen jetzt zurückgehen.;We need to go back now.;verb;يرجع;;;go back;;;
2193;stufe;step / level;Die nächste Stufe ist echt schwieriger.;The next level is really harder.;vocab;درجة;;;level;;;
2194;überfahren;to run over;Der Fahrer hat die Katze überfahren.;The driver ran over the cat.;verb;يدهس;;;ran over;;;
2195;ausgedacht;made up / thought up;Das hast du dir ausgedacht!;You made that up!;verb;مألف;;;made;;;
2196;umarmen;to hug;Ich möchte dich umarmen.;I want to hug you.;verb;يحِضن;;;hug;;;
2197;Miststück;bitch / bastard (insult);Du Miststück!;You bitch/bastard!;vocab/vulgar;وسخة (شتيمة);;;bastard;;;
2198;Revolution;revolution;Die Revolution veränderte das Land.;The revolution changed the country.;vocab;ثورة;;;revolution;;;
2199;Leidenschaft;passion;Musik ist echt meine größte Leidenschaft.;Music is really my biggest passion.;vocab;شغف;;;passion;;;
2200;Verhandlung;negotiation / trial;Die Verhandlung beginnt morgen.;The trial begins tomorrow.;vocab;تفاوض / جلسة;;;trial;;;
2201;Penner;bum / hobo (insult);Geh weg, du Penner!;Go away, you bum!;vocab/vulgar;شمّام / متشرّد (شتيمة);;;bum;;;
2202;Sport;sport;Ich treibe jeden Tag Sport.;I do sports every day.;vocab;رياضة;;;sports;;;
2203;Technik;technique;Die Technik wird immer besser.;Technology keeps improving.;vocab;تقنية;;;Technology;;;
2204;winzig;tiny;Die Katze ist echt noch winzig.;The cat is really still tiny.;adjective;صغير جداً;;;tiny;;;
2205;gefährdet;endangered / at risk;Die Tiere sind echt stark gefährdet.;The animals are really highly endangered.;adjective;مُعرّض للخطر;;;endangered;;;
2206;Albtraum;nightmare;Ich hatte letzte Nacht einen Albtraum.;I had a nightmare last night.;vocab;كابوس;;;nightmare;;;
2207;verstorbenen;deceased;Wir gedachten der verstorbenen Mitglieder.;We remembered the deceased members.;adjective;المتوفّى;;;deceased;;;
2208;Motiv;motive;Das Motiv des Täters ist echt unklar.;The motive of the perpetrator is really unclear.;vocab;دافع / موتيف;;;motive;;;
2209;läutet;rings (for church bell/clock);Das Telefon läutet.;The phone is ringing.;verb;يرنّ;;;ringing;;;
2210;strahlen;to shine / radiate;Die Sonne strahlt heute stark.;The sun shines strongly today.;verb;يلمع / يشع;;strahlt;shines;;;
2211;Kekse;cookies;Ich habe frische Kekse gebacken.;I baked fresh cookies.;vocab;بسكوت;;;cookies;;;
2212;umgekehrt;reversed / opposite;Eigentlich ist es genau umgekehrt.;Actually, it's the other way around.;adverb;العكس;;;other way around;;;
2213;hierbleiben;to stay here;Du musst hierbleiben.;You must stay here.;verb;يِفضل هنا;;;stay here;;;
2214;Warnung;warning;Dies ist echt deine letzte Warnung.;This is really your final warning.;vocab;تحذير;;;warning;;;
2215;königliche;royal;Ich nehme lieber die königliche Option.;I'd rather take the royal option.;adjective;ملكي;;;royal;;;
2216;Fieber;fever;Ich habe seit gestern Fieber.;I've had a fever since yesterday.;vocab;سخونية;;;fever;;;
2217;leuchten;to shine / glow;Die Sterne leuchten hell.;The stars shine brightly.;verb;ينور / يلمع;;;shine;;;
2218;Applaus;applause;Der Applaus war echt überwältigend.;The applause was really overwhelming.;vocab;تصفيق;;;applause;;;
2219;Zelt;tent;Wir schlafen heute im Zelt.;We’re sleeping in a tent today.;vocab;خيمة;;;tent;;;
2220;Fahrrad;bicycle;Ich fahre jeden Tag mit dem Fahrrad.;I ride my bicycle every day.;vocab;عجلة;;;bicycle;;;
2221;pünktlich;punctual / on time;Sei bitte pünktlich!;Please be on time!;adjective;في الميعاد;;;on time;;;
2222;Kilo;kilo;Ich brauche ein Kilo Äpfel.;I need one kilo of apples.;vocab;كيلو;;;kilo;;;
2223;vollständig;complete (in every detail);Der Bericht ist echt vollständig.;The report is really complete.;adjective;كامل;;;complete;;;
2224;Löwen;lions;Im Zoo leben zwei Löwen.;Two lions live in the zoo.;vocab;أسود;;;lions;;;
2225;schluchzt;sobs;Das Kind schluchzt leise.;The child is sobbing quietly.;verb;بينشج / بيعيّط جامد;;;sobbing;;;
2226;daneben;beside / wrong;Du liegst völlig daneben.;You are completely wrong.;adverb;جنب / غلط;;;wrong;;;
2227;technisch;technical;Das ist ein technisches Problem.;That is a technical problem.;adjective;تقنياً;;;technical;;;
2228;Chinesen;Chinese (people);Die Chinesen feiern heute ein Fest.;The Chinese are celebrating a festival today.;vocab;الصينيين;;;Chinese;;;
2229;ausgeschlossen;excluded / impossible;Das ist völlig ausgeschlossen!;That’s completely impossible!;adjective;مستبعد / ممنوع;;;impossible;;;
2230;junior;junior;Er ist echt der Juniorchef der Firma.;He is really the junior boss of the company.;vocab;جونيور / صغير;;;junior;;;
2231;Fahrzeug;vehicle;Das Fahrzeug ist echt beschädigt.;The vehicle is really damaged.;vocab;عربية / مركبة;;;vehicle;;;
2232;staub;dust;Überall liegt Staub.;There’s dust everywhere.;vocab;تراب;;;dust;;;
2233;Wellen;waves;Die Wellen sind heute sehr hoch.;The waves are very high today.;vocab;أمواج;;;waves;;;
2234;besetzt;occupied / busy;Das Badezimmer ist besetzt.;The bathroom is occupied.;adjective;محجوز / مشغول;;;occupied;;;
2235;japanisch;Japanese;Ich lerne japanisch.;I’m learning Japanese.;vocab;ياباني;;;Japanese;;;
2236;Bahnhof;train station;Wir treffen uns am Bahnhof.;We’ll meet at the train station.;vocab;محطة القطر;;;train station;;;
2237;nebenan;next door;Sie wohnt direkt nebenan.;She lives right next door.;adverb;جنب / عند الجيران;;;next door;;;
2238;überreden;to persuade;Ich versuche ihn zu überreden.;I’m trying to persuade him.;verb;يقنع;;;persuade;;;
2239;beeinflussen;to influence;Musik kann meine Stimmung beeinflussen.;Music can influence my mood.;verb;يأثر;;;influence;;;
2240;Minister;minister;Der Minister hielt eine Rede.;The minister gave a speech.;vocab;وزير;;;minister;;;
2241;verhungern;to starve;Ohne Essen würden wir verhungern.;Without food we would starve.;verb;يموت من الجوع;;;starve;;;
2242;stets;always / constantly;Er ist echt stets freundlich.;He is really always friendly.;adverb;دايماً;;;always;;;
2243;hinlegen;to lie down;Ich muss mich kurz hinlegen.;I need to lie down for a moment.;verb;ينام / يحط;;;lie down;;;
2244;tropfen;to drip;Das Wasser beginnt zu tropfen.;The water starts dripping.;verb;نقطة / ينقّط;;;dripping;;;
2245;erholen;to recover;Ich muss mich vom Stress erholen.;I need to recover from the stress.;verb;يرتاح / يتعافى;;;recover;;;
2246;Behörden;authorities;Die Behörden prüfen den Fall.;The authorities are reviewing the case.;vocab;الجهات / السلطات;;;authorities;;;
2247;meinetwegen;as far as I'm concerned;Meinetwegen kannst du gehen.;As far as I’m concerned, you can go.;adverb;براحتك / عشان خاطري;;;As far as I’m concerned;;;
2248;Farm;farm;Sie leben auf einer kleinen Farm.;They live on a small farm.;vocab;مزرعة;;;farm;;;
2249;plus;plus;Zwei plus zwei ist echt vier.;Two plus two is really four.;vocab;زائد;;;plus;;;
2250;klettern;to climb;Wir gehen morgen klettern.;We’re going climbing tomorrow.;verb;يتسلّق;;;climbing;;;
2251;rausgehen;to go outside (leave the place);Ich will kurz rausgehen.;I want to step outside for a moment.;verb;يخرج;;;outside;;;
2252;magische;magical;Das ist eine magische Nacht.;This is a magical night.;adjective;سحريّة;;;magical;;;
2253;abbrechen;to cancel / break off;Wir müssen das Projekt abbrechen.;We have to cancel the project.;verb;يوقّف / يكسّر;;;cancel;;;
2254;bezeichnen;to label / call;Wie würdest du das bezeichnen?;How would you call/label this?;verb;يسمّي / يصف;;;label;;;
2255;hinfahren;to drive/go there;Wann wollen wir hinfahren?;When do we want to go there?;verb;يروح هناك;;;go there;;;
2256;ersticken;to suffocate;Er könnte an dem Rauch ersticken.;He could suffocate from the smoke.;verb;يختنق;;;suffocate;;;
2257;übersehen;to overlook;Ich habe deinen Fehler übersehen.;I overlooked your mistake.;verb;ما يلاحظش / يتغاضى;;;overlooked;;;
2258;eingebrochen;broken into;Jemand ist in das Haus eingebrochen.;Someone broke into the house.;verb;اتكسر ودخل / سرقة بيت;;;broke into;;;
2259;Dokumente;documents;Wo hast du die Dokumente gelassen?;Where did you leave the documents?;vocab;مستندات;;;documents;;;
2260;korrigiert;corrected;Ich habe den Text korrigiert.;I corrected the text.;verb;صحّح;;;corrected;;;
2261;ausgewählt;selected;Sie wurde gerade zufällig ausgewählt.;She was selected randomly just now.;verb;مختار;;;selected;;;
2262;Militär;the military;Er ist echt seit fünf Jahren im Militär.;He really has been in the military for five years.;vocab;جيش;;;the military;;;
2263;abhängen;to depend / hang out;Es hängt von dir ab.;It depends on you.;verb;يتعلق / ي hang out;;hängt;depends;;;
2264;Manager;manager;Der Manager spricht mit dem Team.;The manager is talking to the team.;vocab;مدير;;;manager;;;
2265;Übung;exercise / practice;Diese Übung ist echt schwer.;This exercise is really difficult.;vocab;تمرين;;;exercise;;;
2266;zusammenarbeiten;to work together;Wir müssen besser zusammenarbeiten.;We need to work together better.;verb;يشتغلوا مع بعض;;;work together;;;
2267;übertragen;to transfer / broadcast;Das Spiel wird live übertragen.;The game is broadcast live.;verb;ينقل;;;broadcast;;;
2268;Technologie;technology;Die Technologie entwickelt sich schnell.;Technology is developing quickly.;vocab;تكنولوجيا;;;Technology;;;
2269;Rückkehr;return;Seine Rückkehr wird erwartet.;His return is expected.;vocab;رجوع;;;return;;;
2270;Kommandant;commander;Der Kommandant gab den Befehl.;The commander gave the order.;vocab;قائد;;;commander;;;
2271;aushalten;to endure;Ich kann diesen Lärm nicht aushalten.;I can’t endure this noise.;verb;يستحمل;;;endure;;;
2272;verbessern;to improve;Du musst deine Aussprache verbessern.;You need to improve your pronunciation.;verb;يحسّن;;;improve;;;
2273;gewaltig;huge / massive / powerful;Der Berg ist echt wirklich gewaltig.;The mountain is really truly huge.;adjective;ضخم / جامد;;;huge;;;
2274;mm;“mm” (thinking sound);„Mm, ich weiß nicht.“;“Mm, I’m not sure.”;interjection;مم;;;Mm;;;
2275;Profi;professional (person);Er ist echt ein echter Profi.;He is really a real professional.;vocab;محترف;;;professional;;;
2276;ausgefallen;unusual / canceled;Die Party war echt ziemlich ausgefallen.;The party was really quite unusual.;adjective;اتلغى / عطل;;;unusual;;;
2277;bevorzuge;prefer;Ich bevorzuge Kaffee statt Tee.;I prefer coffee over tea.;verb;بفضّل;;;prefer;;;
2278;Gepäck;luggage;Wo ist mein Gepäck?;Where is my luggage?;vocab;شنط / عفش سفر;;;luggage;;;
2279;enthält;contains;Das Buch enthält viele Bilder.;The book contains many pictures.;verb;يحتوي;;;contains;;;
2280;scheitern;to fail;Er könnte bei der Prüfung scheitern.;He could fail the exam.;verb;يفشل;;;fail;;;
2281;schrecken;to scare;Der Hund will dich nicht schrecken.;The dog doesn’t want to scare you.;verb;يرعب;;;scare;;;
2282;köstlich;delicious;Das Essen war einfach köstlich.;The food was simply delicious.;adjective;لذيذ;;;delicious;;;
2283;Wolken;clouds;Die Wolken sehen dunkel aus.;The clouds look dark.;vocab;سُحب;;;clouds;;;
2284;Jugend;youth;In meiner Jugend war ich sportlich.;I was athletic in my youth.;vocab;شباب;;;youth;;;
2285;Schokolade;chocolate;Ich liebe dunkle Schokolade.;I love dark chocolate.;vocab;شوكولاتة;;;chocolate;;;
2286;Interview;interview;Das Interview dauert eine Stunde.;The interview lasts one hour.;vocab;مقابلة;;;interview;;;
2287;voran;forward / ahead;Wir müssen schneller voran kommen.;We need to move forward faster.;adverb;لقدّام;;;forward;;;
2288;kühl;cool / chilly;Es ist heute draußen ziemlich kühl.;It’s pretty cool outside today.;adjective;بارد / رايق;;;cool;;;
2289;Lärm;noise (loud, annoying);Der Lärm macht mich verrückt.;The noise is driving me crazy.;vocab;دوشة;;;noise;;;
2290;Experte;expert;Er ist echt ein echter Experte auf diesem Gebiet.;He is really a real expert in this field.;vocab;خبير;;;expert;;;
2291;erteilt;granted / issued;Der Lehrer hat ihm eine Erlaubnis erteilt.;The teacher granted him permission.;verb;أعطى / منح;;;granted;;;
2292;wandern;to hike;Wir gehen am Wochenende wandern.;We’re going hiking this weekend.;verb;يمشي في الطبيعة / هايكنج;;;hiking;;;
2293;August;August;Im August ist es echt warm.;It’s really warm in August.;vocab;أغسطس;;;August;;;
2294;Hintergrund;background;Ich sehe etwas im Hintergrund.;I see something in the background.;vocab;خلفية;;;background;;;
2295;Rätsel;riddle / puzzle;Das Rätsel war echt schwer zu lösen.;The riddle was really hard to solve.;vocab;لغز;;;riddle;;;
2296;Tempel;temple;Der Tempel ist echt alt.;The temple is really old.;vocab;معبد;;;temple;;;
2297;Protokoll;protocol / minutes;Er hat alles im Protokoll festgehalten.;He recorded everything in the minutes.;vocab;محضر / بروتوكول;;;minutes;;;
2298;Neffe;nephew;Mein Neffe ist echt fünf Jahre alt.;My nephew is really five years old.;vocab;ابن أخ/أخت;;;nephew;;;
2299;verdanken;to owe / be thankful for;Das verdanke ich dir.;I owe that to you.;verb;يرجع الفضل لـ;;verdanke;owe;;;
2300;ausgerechnet;of all things / ironically;Ausgerechnet heute regnet es.;Of all days, it’s raining today.;adverb;بالذات;;;all;;;
2301;Konzert;concert;Das Konzert war echt unglaublich gut.;The concert was really incredibly good.;vocab;حفلة;;;concert;;;
2302;Modell;model;Das neue Modell ist echt viel schneller.;The new model is really much faster.;vocab;موديل / نموذج;;;model;;;
2303;Mademoiselle;Miss (French);Guten Tag, Mademoiselle.;Good day, Miss.;vocab;ماداموازيل / آنسة;;;Miss;;;
2304;Ehefrau;wife;Seine Ehefrau arbeitet im Krankenhaus.;His wife works at the hospital.;vocab;زوجة;;;wife;;;
2305;Rand;edge;Am Rand des Tisches steht eine Vase.;There’s a vase on the edge of the table.;vocab;حافة;;;edge;;;
2306;bemühen;to try / make an effort;Ich werde mich bemühen, pünktlich zu sein.;I will make an effort to be on time.;verb;يحاول;;;make an effort;;;
2307;britischen;British;Ich mag britischen Humor.;I like British humor.;adjective;بريطاني;;britisches;British;;;
2308;eingetroffen;arrived (expected things / information);Das Paket ist heute eingetroffen.;The package arrived today.;verb;وصل;;;arrived;;;
2309;kürzlich;recently;Ich habe kürzlich ein neues Handy gekauft.;I recently bought a new phone.;adverb;مؤخراً;;;recently;;;
2310;verstoßen;violate / banish;Er hat das gerade Gesetz verstoßen.;He violated the law just now.;verb;يطرد / ينفي;;;violated;;;
2311;unsichtbar;invisible;Die Gefahr ist echt fast unsichtbar.;The danger is really almost invisible.;adjective;مش مرئي;;;invisible;;;
2312;erregt;excited / aroused;Er wirkte echt erregt.;He seemed really excited.;adjective;مُثير / مقلق;;;excited;;;
2313;Benzin;gasoline;Uns geht das Benzin aus.;We’re running out of gasoline.;vocab;بنزين;;;gasoline;;;
2314;Kindheit;childhood;Meine Kindheit war echt glücklich.;My childhood was really happy.;vocab;طفولة;;;childhood;;;
2315;Universität;university;Ich studiere an der Universität.;I study at the university.;vocab;جامعة;;;university;;;
2316;Baron;baron;Der Baron besitzt ein großes Anwesen.;The baron owns a large estate.;vocab;بارون;;;baron;;;
2317;Belohnung;reward;Es gibt eine Belohnung für Hinweise.;There is a reward for information.;vocab;مكافأة;;;reward;;;
2318;gefälligst;“for goodness’ sake” / “just do it”;Hör gefälligst zu!;Just listen, for goodness’ sake!;adverb;غصب عنك / لو سمحت بجد (شديدة);;;for goodness sake;;;
2319;unverständlich;incomprehensible;Das ist völlig unverständlich.;That is completely incomprehensible.;adjective;مش مفهوم;;;incomprehensible;;;
2320;Organisation;organisation;Die Organisation hilft Bedürftigen.;The organisation helps people in need.;vocab;منظمة;;;organisation;;;
2321;Gedicht;poem;Er hat wirklich ein schönes Gedicht geschrieben.;He really wrote a beautiful poem.;vocab;قصيدة;;;poem;;;
2322;Lehrerin;(female) teacher;Meine Lehrerin ist echt nett.;My teacher is really nice.;vocab;مدرّسة;;;teacher;;;
2323;Palast;palace;Der Palast ist echt riesig.;The palace is really enormous.;vocab;قصر;;;palace;;;
2324;Verrat;betrayal;Er wurde gerade des Verrats beschuldigt.;He was accused of betrayal just now.;vocab;خيانة;;;betrayal;;;
2325;Studio;studio;Das Interview findet im Studio statt.;The interview takes place in the studio.;vocab;ستوديو;;;studio;;;
2326;Laune;mood;Sie ist heute in guter Laune.;She is in a good mood today.;vocab;مزاج;;;mood;;;
2327;manipuliert;manipulated;Das Ergebnis wurde manipuliert.;The result was manipulated.;verb;لاعب بيه / مُتلاعب;;;manipulated;;;
2328;ermitteln;to investigate;Die Polizei beginnt zu ermitteln.;The police are starting to investigate.;verb;يحقق;;;investigate;;;
2329;serviert;served;Das Essen wird frisch serviert.;The food is served fresh.;verb;قدّم;;;served;;;
2330;engagiert;committed / dedicated;Er ist sehr engagiert in seinem Job.;He is very committed in his job.;adjective;ملتزم / موظّف / متحمس;;;committed;;;
2331;Abmachung;agreement;Wir haben eine klare Abmachung getroffen.;We made a clear agreement.;vocab;اتفاق;;;agreement;;;
2332;Anschlag;attack / assault;Der Anschlag erschütterte die Stadt.;The attack shook the city.;vocab;هجوم / محاولة اغتيال;;;attack;;;
2333;befolgen;to follow / obey;Du musst die Regeln befolgen.;You must follow the rules.;verb;يتبع;;;follow;;;
2334;erstens;firstly;Erstens musst du zuhören.;Firstly, you need to listen.;adverb;أولاً;;;Firstly;;;
2335;Admiral;admiral;Der Admiral gab den Befehl.;The admiral gave the order.;vocab;أميرال;;;admiral;;;
2336;Flügel;wing;Der Vogel verletzt seinen Flügel.;The bird injured its wing.;vocab;جناح;;;wing;;;
2337;tank;tank;Der tank ist echt fast leer.;The tank is really almost empty.;vocab;تانك / خزّان;;;tank;;;
2338;lenken;to steer / control;Er kann das Auto gut lenken.;He can steer the car well.;verb;يسوق / يوجّه;;;steer;;;
2339;Beamten;officials;Die Beamten untersuchen den Fall.;The officials are investigating the case.;vocab;موظفين حكوميين;;;officials;;;
2340;Netz;network / net;Das Netz funktioniert wieder.;The network works again.;vocab;شبكة;;;network;;;
2341;abdrücke;imprints / prints;Die Polizei fand Schuhabdrücke.;The police found shoe prints.;vocab;آثار / طبعات;;;prints;;;
2342;edle;noble;Ich nehme lieber die edle Option.;I'd rather take the noble option.;adjective;نبيل / راقي;;;noble;;;
2343;Fürst;prince / sovereign;Der Fürst regierte viele Jahre.;The sovereign ruled for many years.;vocab;أمير;;;sovereign;;;
2344;Tabletten;tablets / pills;Nimm diese Tabletten zweimal täglich.;Take these tablets twice a day.;vocab;حبوب;;;tablets;;;
2345;Hügel;hill;Auf dem Hügel steht ein altes Haus.;There is an old house on the hill.;vocab;تل;;;hill;;;
2346;Kühlschrank;refrigerator;Der Kühlschrank ist echt fast leer.;The refrigerator is really almost empty.;vocab;تلاجة;;;refrigerator;;;
2347;auflegen;to hang up / play music;Leg bitte nicht auf!;Please don’t hang up!;verb;يقفل (تليفون) / يشغّل (موسيقى);;Leg;hang up;;;
2348;Gewicht;weight;Sein Gewicht hat sich verändert.;His weight has changed.;vocab;وزن;;;weight;;;
2349;Zauberer;magician / wizard;Der Zauberer verblüffte alle.;The magician amazed everyone.;vocab;ساحر;;;magician;;;
2350;wegwerfen;to throw away;Wir sollten das nicht wegwerfen.;We shouldn’t throw that away.;verb;يرمي;;;throw;;;
2351;Kostüm;costume;Ihr Kostüm sieht toll aus.;Her costume looks great.;vocab;زيّ / كوستيم;;;costume;;;
2352;Sandwich;sandwich;Ich esse ein Sandwich zum Mittag.;I’m eating a sandwich for lunch.;vocab;ساندوتش;;;sandwich;;;
2353;Appetit;appetite;Ich habe keinen Appetit heute.;I have no appetite today.;vocab;شهية;;;appetite;;;
2354;Eigentum;property;Das ist echt mein persönliches Eigentum.;That is really my personal property.;vocab;ملكية;;;property;;;
2355;durchziehen;to go through with / pull through;Wir müssen den Plan jetzt durchziehen.;We need to go through with the plan now.;verb;يمشي على طول / يسحب;;;go through with;;;
2356;innen;inside / interior;Das Auto sieht von innen neu aus.;The car looks new from the inside.;adverb;جوا;;;inside;;;
2357;vornehmen;to plan / undertake;Ich will mir heute viel vornehmen.;I want to get a lot done today.;verb;ينفّذ / ينوي;;;get a lot done;;;
2358;versehen;to provide / equip;Die Türen sind echt mit Schlössern versehen.;The doors are really equipped with locks.;verb;يرتكب (غلط) / يزوّد (حسب السياق);;;equipped;;;
2359;Zombie;zombie;Der Film handelt von Zombies.;The movie is about zombies.;vocab;زومبي;;;zombies;;;
2360;Munition;ammunition;Wir haben kaum noch Munition.;We barely have any ammunition left.;vocab;ذخيرة;;;ammunition;;;
2361;eindringen;to penetrate / break in;Jemand versucht einzudringen.;Someone is trying to break in.;verb;يقتحم;;einzudringen;break in;;;
2362;Aufzeichnungen;records / notes;Die Aufzeichnungen sind echt unvollständig.;The records are really incomplete.;vocab;تسجيلات / ملاحظات;;;records;;;
2363;Passagiere;passengers;Die Passagiere müssen warten.;The passengers have to wait.;vocab;ركّاب;;;passengers;;;
2364;Katastrophe;disaster;Das war echt eine echte Katastrophe.;That was really a real disaster.;vocab;كارثة;;;disaster;;;
2365;abschalten;to switch off / shut off / disconnect;Ich kann nach der Arbeit gut abschalten;I can relax well after work.;verb;يطفي;;;relax;;;
2366;ausrichten;to align / adjust / pass on;Kannst du ihm meine Grüße ausrichten?;Can you pass him my greetings?;verb;يوصل (رسالة) / يرتّب;;;pass;;;
2367;freigelassen;released;Der Gefangene wurde gerade freigelassen.;The prisoner was released just now.;verb;اتساب / اتفرج عنه;;;released;;;
2368;Lieferung;delivery;Die Lieferung kommt morgen.;The delivery arrives tomorrow.;vocab;توصيل / شحنة;;;delivery;;;
2369;Museum;museum;Wir besuchen heute ein Museum.;We’re visiting a museum today.;vocab;متحف;;;museum;;;
2370;Zugriff;access / control;Du hast keinen Zugriff auf die Daten.;You don’t have access to the data.;vocab;وصول / تحكّم;;;access;;;
2371;Königreich;kingdom;Das Königreich war echt mächtig.;The kingdom was really powerful.;vocab;مملكة;;;kingdom;;;
2372;aufspüren;to track down;Wir müssen den Täter aufspüren.;We need to track down the culprit.;verb;يتعقّب / يلاقي;;;track down;;;
2373;zugestoßen;happened to / occurred;Was ist dir zugestoßen?;What happened to you?;verb;حصل;;;happened to;;;
2374;Versicherung;insurance;Hast du eine Krankenversicherung?;Do you have health insurance?;vocab;تأمين;;;insurance;;;
2375;Objekt;object;Das Objekt ist echt wertvoll.;The object is really valuable.;vocab;شيء / هدف;;;object;;;
2376;erschöpft;exhausted;Ich bin nach der Arbeit völlig erschöpft.;I’m completely exhausted after work.;adjective;مرهق;;;exhausted;;;
2377;Führung;leadership;Die Führung des Teams liegt bei ihr.;The leadership of the team is in her hands.;noun;قيادة / جولة;f;;leadership;;;
2378;erstmal;for now / first;Erholen wir uns erstmal.;Let's rest for now.;adverb;أول حاجة / مبدئياً;;;for now;;;
2379;Euro;euro;Das kostet zehn Euro.;That costs ten euros.;noun;يورو;m;;euros;;;
2380;vorkommen;to occur / to happen;Fehler können vorkommen.;Mistakes can happen.;verb;يحصل / يظهر;;;happen;;;
2381;infiziert;infected;Er ist echt mit dem Virus infiziert.;He is really infected with the virus.;adjective;مُصاب / مُعدي;;;infected;;;
2382;sau;damn / filthy;Das ist eine sauschwere Aufgabe.;That's a damn difficult task.;adjective;وسخ (شتيمة);;;damn;;;
2383;Einstellung;attitude / setting;Ihre Einstellung hat sich verbessert.;Her attitude has improved.;noun;وظيفة / موقف / إعدادات;f;;attitude;;;
2384;Abschluss;graduation / completion;Sein Abschluss ist nächste Woche.;His graduation is next week.;noun;تخرّج / نهاية;m;;graduation;;;
2385;Kultur;culture;Die Kultur dieses Landes ist echt faszinierend.;The culture of this country is really fascinating.;noun;ثقافة;f;;culture;;;
2386;Apfel;apple;Ich esse einen Apfel.;I am eating an apple.;noun;تفاحة;m;;apple;;;
2387;Teddy;teddy bear;Das Kind schläft mit seinem Teddy.;The child sleeps with its teddy bear.;noun;دُبدوب;m;;teddy bear;;;
2388;Badezimmer;bathroom;Das Badezimmer ist echt im zweiten Stock.;The bathroom is really on the second floor.;noun;حمّام;n;;bathroom;;;
2389;feige;cowardly;Er war zu feige, die Wahrheit zu sagen.;He was too cowardly to tell the truth.;adjective;جبان;;;cowardly;;;
2390;Stiefel;boots;Sie trägt neue Stiefel.;She is wearing new boots.;noun;جزمة بوت;m;;boots;;;
2391;zerrissen;torn;Das Papier ist zerrissen.;The paper is torn.;adjective;مقطوع;;;torn;;;
2392;befreundet;friends with;Wir sind seit Jahren befreundet.;We’ve been friends for years.;adjective;أصحاب / صحاب;;;friends;;;
2393;angerichtet;caused / done;Was hast du da angerichtet?;What have you done there?;verb;سبّب / عمل;;;done;;;
2394;angeschossen;shot (injured by a shot);Er wurde gerade angeschossen, aber überlebt.;He was shot but survived just now.;verb;اتضرب نار;;;shot;;;
2395;Spielzeug;toy;Das Spielzeug liegt auf dem Boden.;The toy is on the floor.;noun;لعب;n;;toy;;;
2396;pissen;to piss;Ich muss dringend pissen.;I really need to pee.;verb;يِشخ (عامية);;;pee;;;
2397;teilnehmen;to participate;Viele Leute nehmen am Kurs teil.;Many people are participating in the course.;verb;يشارك;;teil;participating;;;
2398;Jackie;Jackie (name);Jackie kommt später.;Jackie is coming later.;noun;جاكي;;;Jackie;;;
2399;abreisen;to depart;Wir müssen morgen früh abreisen.;We have to depart early tomorrow.;verb;يسافر;;;depart;;;
2400;frieren;to freeze / be cold;Ich friere bei diesem Wetter.;I’m freezing in this weather.;verb;يدّفي؟ (الأدق: يبرد / يِتلج);;friere;freezing;;;
2401;haken;hook;Ich muss den Haken an die Wand machen.;I need to put the hook on the wall.;noun;خطّاف;m;;hook;;;
2402;aufstellen;to set up / to put up;Wir müssen das Zelt aufstellen.;We need to set up the tent.;verb;يصفّ / يركّب;;;set up;;;
2403;Reporter;reporter;Der Reporter stellt viele Fragen.;The reporter asks many questions.;noun;مراسل;m;;reporter;;;
2404;Tal;valley;Das Tal ist echt ruhig.;The valley is really quiet.;noun;وادي;n;;valley;;;
2405;Lunge;lung;Rauchen schadet der Lunge.;Smoking harms the lung.;noun;رئة;f;;lung;;;
2406;Teller;plate;Der Teller ist noch schmutzig.;The plate is still dirty.;noun;طبق;m;;plate;;;
2407;Bibel;Bible;Er liest jeden Abend in der Bibel.;He reads in the Bible every evening.;noun;الإنجيل / الكتاب المقدس;f;;Bible;;;
2408;Symbol;symbol;Dieses Herz ist ein Symbol der Liebe.;This heart is a symbol of love.;noun;رمز;n;;symbol;;;
2409;borg;(colloquial) to lend;Ich borg dir mein Buch für heute.;I’ll lend you my book for today.;verb;بورج;;;lend;;;
2410;Flur;hallway;Die Schuhe stehen im Flur.;The shoes are in the hallway.;noun;طرقة / ممر;m;;hallway;;;
2411;aufräumen;to clean up / tidy up;Ich muss mein Zimmer aufräumen.;I need to clean up my room.;verb;يرتّب / ينضّف;;;clean up;;;
2412;bremsen;to brake;Du musst früher bremsen.;You need to brake earlier.;verb;يفرمل;;;brake;;;
2413;Anzeichen;sign / indication;Das ist echt ein Anzeichen für Stress.;That is really a sign of stress.;noun;علامات;n;;sign;;;
2414;blockiert;blocked;Die Straße ist echt blockiert.;The street is really blocked.;adjective;مقفول / متعطّل;;;blocked;;;
2415;übernachten;to stay overnight;Wir können bei ihm übernachten.;We can stay the night at his place.;verb;يبات;;;stay;;;
2416;Aktion;campaign / promotion / action;Die Aktion läuft nur bis morgen.;The promotion only runs until tomorrow.;noun;حملة / حركة;f;;promotion;;;
2417;geschäftlich;business-related;Ich bin nur geschäftlich hier.;I’m only here for business.;adjective;شغل / بيزنس;;;business;;;
2418;Motorrad;motorcycle;Er fährt ein schnelles Motorrad.;He rides a fast motorcycle.;noun;موتوسيكل;n;;motorcycle;;;
2419;kriechen;to crawl;Die Katze kriecht unter das Bett.;The cat crawls under the bed.;verb;يزحف;;kriecht;crawls;;;
2420;Botschafter;ambassador;Der Botschafter hält eine Rede.;The ambassador gives a speech.;noun;سفير;m;;ambassador;;;
2421;sehn;to see (colloquial for sehen);Ich kann dich kaum sehn.;I can barely see you.;verb;يشوف;;;see;;;
2422;veröffentlicht;published;Das Buch wurde gestern veröffentlicht.;The book was published yesterday.;adjective;نشر;;;published;;;
2423;überstehen;to survive / get through;Wir werden das schon überstehen.;We will get through this.;verb;يعدّي / يتخطّى;;;get through;;;
2424;Kanal;channel;Wechsle bitte den Kanal.;Please change the channel.;noun;قناة;m;;channel;;;
2425;Meeting;meeting;Das Meeting beginnt um zehn.;The meeting starts at ten.;noun;اجتماع;n;;meeting;;;
2426;Aussicht;view / chance;Die Aussicht von hier ist echt wunderschön.;The view from here is really beautiful.;noun;منظر / احتمال;f;;view;;;
2427;anfühlt;feels (from sich anfühlen);Es fühlt sich komisch an.;It feels strange.;verb;حاسس إنه;;fühlt;feels;;;
2428;Hubschrauber;helicopter;Der Hubschrauber landet gleich.;The helicopter is about to land.;noun;هليكوبتر;m;;helicopter;;;
2429;Prinzip;principle;Das ist echt eine Frage des Prinzips.;It's a matter of principle.;noun;مبدأ;n;;principle;;;
2430;ablegen;to take off (clothes) / to file;Du kannst deine Jacke ablegen.;You can take off your jacket.;verb;يخلع / يقدّم (امتحان);;;take off;;;
2431;öl;oil;Das Öl ist echt fast leer.;The oil is really almost empty.;noun;زيت;n;;oil;;;
2432;Kehle;throat;Meine Kehle tut weh.;My throat hurts.;noun;زُور / حلق;f;;throat;;;
2433;Exzellenz;Your Excellency;Guten Tag, Eure Exzellenz.;Good day, Your Excellency.;title;معاليك;;;Your Excellency;;;
2434;wovor;what…before / what…of;Wovor hast du Angst?;What are you afraid of?;question;من إيه؟;;;What;;;
2435;verpflichtet;obligated / committed;Ich bin dazu verpflichtet.;I am obligated to do that.;adjective;مُلزم;;;obligated;;;
2436;Schafe;sheep;Die Schafe stehen auf der Wiese.;The sheep are standing in the meadow.;noun;غنم;n;;sheep;;;
2437;Turm;tower;Der Turm ist echt hoch.;The tower is really tall.;noun;برج;m;;tower;;;
2438;gefälscht;fake / forged;Der Pass ist echt gefälscht.;The passport is really fake.;adjective;مزوّر;;;fake;;;
2439;Zwillinge;twins;Die Zwillinge sehen gleich aus.;The twins look the same.;noun;توأم;m;;twins;;;
2440;Käfig;cage;Der Vogel sitzt im Käfig.;The bird is in the cage.;noun;قفص;m;;cage;;;
2441;scheißegal;don’t give a shit / couldn’t care less;Mir ist das scheißegal.;I don’t give a damn.;adjective;مش فارق معايا خالص;;;don’t;;;
2442;nutzlos;useless;Das ist völlig nutzlos.;That is completely useless.;adjective;مالوش لازمة;;;useless;;;
2443;aufbrechen;to leave / break open;Wir sollten früh aufbrechen.;We should leave early.;verb;يكسر ويفتح / يغادر;;;leave;;;
2444;Kameraden;comrades;Er kämpfte mit seinen Kameraden.;He fought with his comrades.;noun;زمايل / رفاق;m;;comrades;;;
2445;charmant;charming;Er ist echt wirklich charmant.;He is really really charming.;adjective;لبق / جذّاب;;;charming;;;
2446;zögern;to hesitate;Du solltest nicht länger zögern.;You shouldn’t hesitate any longer.;verb;يتردد;;;hesitate;;;
2447;fünfte;fifth;Das ist die fünfte Frage heute.;That is the fifth question today.;adjective;الخامس/ة;;;fifth;;;
2448;flüchten;to escape to;Die Tiere mussten vor dem Feuer flüchten.;The animals had to flee from the fire.;verb;يهرب;;;flee;;;
2449;dreimal;three times;Ich habe ihn schon dreimal angerufen.;I already called him three times.;adverb;تلات مرات;;;three times;;;
2450;Tradition;tradition;Weihnachten hat viele Traditionen.;Christmas has many traditions.;noun;تقاليد;f;;traditions;;;
2451;Clown;clown;Der Clown macht die Kinder glücklich.;The clown makes the children happy.;noun;مهرّج;m;;clown;;;
2452;eingeschlossen;trapped / included;Wir waren im Aufzug eingeschlossen.;We were trapped in the elevator.;adjective;مقفول عليه / متضمّن;;;trapped;;;
2453;ideale;ideal;Das ist die ideale Lösung.;That is the ideal solution.;adjective;مثاليّة;;;ideal;;;
2454;Küste;coast;Wir fahren an die Küste.;We’re going to the coast.;noun;ساحل;f;;coast;;;
2455;Humor;humor;Er hat wirklich einen guten Humor.;He really has a good sense of humor.;noun;روح دم / حس فكاهي;m;;humor;;;
2456;besoffen;drunk (slang);Er war völlig besoffen gestern.;He was completely drunk yesterday.;adjective;سكران;;;drunk;;;
2457;gemütlich;cozy / comfortable;Das Café ist sehr gemütlich.;The café is very cozy.;adjective;لطيف ومريح;;;cozy;;;
2458;keinerlei;no… at all;Ich habe keinerlei Zweifel.;I have no doubts at all.;adverb;ولا أي;;;all;;;
2459;unwichtig;unimportant;Das ist völlig unwichtig.;That is completely unimportant.;adjective;مش مهم;;;unimportant;;;
2460;Herrschaften;ladies and gentlemen / masters;Guten Abend, meine Herrschaften.;Good evening, ladies and gentlemen.;noun;يا جماعة / يا سادة;f;;ladies and gentlemen;;;
2461;polen;Poles / Poland;Viele Touristen kommen aus Polen.;Many tourists come from Poland.;noun;بولندا;n;;Poland;;;
2462;außen;outside / externally;Das Haus sieht außen besser aus.;The house looks better from the outside.;adverb;برا;;;outside;;;
2463;verfickte;fucking (strong slang);Diese verfickte Situation nervt mich.;This fucking situation annoys me.;adjective;ملعونة / ابن ... (شتيمة قوية);;;fucking;;;
2464;kratzen;to scratch;Die Katze versucht die Tür zu kratzen.;The cat is trying to scratch the door.;verb;يحكّ;;;scratch;;;
2465;quietschen;to squeak;Die Tür quietscht ständig.;The door squeaks all the time.;verb;يزنّ / يصرصر;;quietscht;squeaks;;;
2466;Atem;breath;Ich habe keinen Atem mehr.;I have no breath left.;noun;نَفَس;m;;breath;;;
2467;beschädigt;damaged;Das Auto ist stark beschädigt.;The car is badly damaged.;adjective;متضرّر;;;damaged;;;
2468;Kerzen;candles;Die Kerzen brennen auf dem Tisch.;The candles are burning on the table.;noun;شموع;f;;candles;;;
2469;weswegen;because of which / why;Weswegen bist du so spät?;Why are you so late?;question;عشان إيه;;;Why;;;
2470;vorgesetzten;superiors / bosses;Ich muss es meinen Vorgesetzten sagen.;I need to tell my superiors.;noun;رئيسه في الشغل;m;;superiors;;;
2471;Russland;Russia;Russland ist ein großes Land.;Russia is a large country.;noun;روسيا;n;;Russia;;;
2472;Noten;grades / notes;Seine Noten sind dieses Jahr besser.;His grades are better this year.;noun;درجات / نوتات;f;;grades;;;
2473;endgültig;final / definitive;Das ist meine endgültige Entscheidung.;That is my final decision.;adjective;نهائي;;;final;;;
2474;sicherstellen;to ensure / make sure;Wir müssen die Sicherheit sicherstellen.;We must ensure safety.;verb;يتأكد / يضمن;;;ensure;;;
2475;umso;all the more;Jetzt bin ich umso motivierter.;Now I’m all the more motivated.;adverb;أكتر;;;all the more;;;
2476;Uni;university (short for Universität);Ich gehe morgen nicht zur Uni.;I'm not going to university tomorrow.;noun;جامعة;f;;university;;;
2477;daheim;at home (emotional/warmness);Ich fühle mich daheim am wohlsten.;I feel most comfortable at home.;adverb;في البيت;;;at home;;;
2478;unhöflich;rude;Das war sehr unhöflich von dir.;That was very rude of you.;adjective;مش مؤدّب;;;rude;;;
2479;Tagebuch;diary;Ich schreibe jeden Abend in mein Tagebuch.;I write in my diary every evening.;noun;مذكّرات;n;;diary;;;
2480;verwickelt;involved / tangled;Er ist echt in die Sache verwickelt.;He is really involved in the matter.;adjective;متورّط;;;involved;;;
2481;vorsitzender;chairman;Der Vorsitzende eröffnet die Sitzung.;The chairman opens the meeting.;noun;رئيس;m;Vorsitzende;chairman;;;
2482;Nagel;nail (metal or fingernail depending on context);Der Nagel ist echt locker.;The nail is really loose.;noun;مسمار / ضفر;m;;nail;;;
2483;herzog;duke;Der Herzog lebt in einem alten Schloss.;The duke lives in an old castle.;noun;دوق;m;;duke;;;
2484;Paket;package;Das Paket wurde gerade geliefert.;The package was delivered just now.;noun;طرد;n;;package;;;
2485;Gesang;singing / chant;Sein Gesang ist wunderschön.;His singing is beautiful.;noun;غِنا;m;;singing;;;
2486;kram;stuff / junk;Räum deinen Kram weg!;Put your stuff away!;noun;حاجات / خردة;m;;stuff;;;
2487;gestalt;figure / form;Eine dunkle Gestalt stand vor mir.;A dark figure stood in front of me.;noun;شكل / هيئة;f;;figure;;;
2488;versammelt;gathered;Die Gruppe hat sich im Park versammelt.;The group gathered in the park.;adjective;اتجمّع;;;gathered;;;
2489;außerirdische;alien / extraterrestrial;Ein außerirdisches Wesen wurde gerade gesehen.;An extraterrestrial being was seen just now.;noun;فضائيين;m;;extraterrestrial;;;
2490;Pool;pool;Wir schwimmen im Pool.;We are swimming in the pool.;noun;حمّام سباحة;m;;pool;;;
2491;klemme;clamp / pinch;Ich habe eine Klemme für die Kabel.;I have a clamp for the cables.;noun;مأزق / بنسة;f;;clamp;;;
2492;körperlich;physical;Die Arbeit war echt körperlich anstrengend.;The work was really physically exhausting.;adjective;بدني;;;physically;;;
2493;abschied;farewell;Wir nehmen Abschied von ihm.;We are saying farewell to him.;noun;وداع;m;;farewell;;;
2494;aktiv;active;Sie ist echt aktiv im Verein.;She is really active in the club.;adjective;نشط;;;active;;;
2495;geeignet;suitable;Dieses Geschenk ist für Kinder geeignet.;This gift is suitable for children.;adjective;مناسب;;;suitable;;;
2496;Amt;office / department;Er arbeitet im öffentlichen Amt.;He works in a public office.;noun;مكتب / منصب;n;;office;;;
2497;Island;Iceland;Island ist eine wunderschöne Insel.;Iceland is a beautiful island.;noun;أيسلندا;n;;Iceland;;;
2498;Sitzung;meeting / session;Die Sitzung beginnt um neun.;The meeting starts at nine.;noun;جلسة / اجتماع;f;;meeting;;;
2499;Mine;mine (weapon) / mine (pit);Vorsicht, dort liegt eine Mine!;Careful, there's a mine there!;noun;لغم / وش (حسب السياق);f;;mine;;;
2500;partei;party (political);Welche Partei unterstützt du?;Which political party do you support?;noun;حزب;f;;party;;;
2501;erfasst;recorded / captured;Die Daten wurden gerade korrekt erfasst.;The data was recorded correctly just now.;adjective;سجّل / لقط;;;recorded;;;
2502;Panzer;tank (military);Der Panzer bewegt sich langsam.;The tank moves slowly.;noun;دبابة;m;;tank;;;
2503;zurückrufen;to call back;Ich werde dich später zurückrufen.;I’ll call you back later.;verb;يرجع يتصل / يستدعي;;;call;;;
2504;Staffel;season (TV) / squad;Die neue Staffel erscheint morgen.;The new season releases tomorrow.;noun;موسم (مسلسل) / فرقة;f;;season;;;
2505;streifen;to brush / graze;Die Kugel hat ihn nur gestreift.;The bullet only grazed him.;verb;دورية;;gestreift;grazed;;;
2506;anlage;facility / system;Die Anlage ist echt modern.;The facility is really modern.;noun;منشأة / نظام;f;;facility;;;
2507;Muster;pattern;Das Muster des Kleides ist echt schön.;The pattern of the dress is really nice.;noun;نمط / عيّنة;n;;pattern;;;
2508;Vorschriften;regulations;Wir müssen alle Vorschriften beachten.;We must follow all regulations.;noun;لوائح;f;;regulations;;;
2509;beseitigen;to remove / eliminate;Wir müssen das Problem beseitigen.;We need to eliminate the problem.;verb;يشيل / يزيل;;;eliminate;;;
2510;Handel;trade;Der Handel zwischen den Ländern wächst.;Trade between the countries is growing.;noun;تجارة;m;;Trade;;;
2511;Liebhaber;lover / enthusiast;Er ist echt ein Liebhaber guter Musik.;He is really a lover of good music.;noun;حبيب / عشيق;m;;lover;;;
2512;Umgebung;surroundings / environment;Die Umgebung hier ist echt wunderschön.;The surroundings here are really beautiful.;noun;محيط;f;;surroundings;;;
2513;würdig;worthy;Er ist echt einer Beförderung würdig.;He is really worthy of a promotion.;adjective;يستاهل / جدير;;;worthy;;;
2514;Gemeinde;community / municipality;Die Gemeinde plant ein neues Fest.;The community is planning a new festival.;noun;مجتمع / بلدية;f;;community;;;
2515;Narbe;scar;Die Narbe ist echt kaum sichtbar.;The scar is really barely visible.;noun;ندبة;f;;scar;;;
2516;Kleinigkeit;small thing / detail;Das ist echt nur eine Kleinigkeit.;That's really just a small thing.;noun;حاجة بسيطة;f;;small thing;;;
2517;Wäsche;laundry;Ich muss heute die Wäsche waschen.;I have to do the laundry today.;noun;غسيل / هدوم;f;;laundry;;;
2518;Treffer;hit / score;Das war echt ein guter Treffer.;That was really a good hit.;noun;إصابة / ضربة;m;;hit;;;
2519;rasieren;to shave;Ich muss mich morgen rasieren.;I have to shave tomorrow.;verb;يحلق;;;shave;;;
2520;Faust;fist;Er ballte seine Faust.;He clenched his fist.;noun;قبضة;f;;fist;;;
2521;Friedhof;cemetery;Der Friedhof ist echt ruhig.;The cemetery is really quiet.;noun;مقابر;m;;cemetery;;;
2522;Einbruch;break-in;Es gab gestern einen Einbruch.;There was a break-in yesterday.;noun;اقتحام / سرقة بيت;m;;break in;;;
2523;Leutnant;lieutenant;Der Leutnant gab den Befehl.;The lieutenant gave the order.;noun;ملازم;m;;lieutenant;;;
2524;ausgelöscht;wiped out / extinguished;Das Feuer wurde komplett ausgelöscht.;The fire was completely extinguished.;adjective;اتمسح / اتقضى عليه;;;extinguished;;;
2525;logisch;logical;Das ist eine völlig logische Erklärung.;That’s a completely logical explanation.;adjective;منطقي;;;logical;;;
2526;schüchtern;shy;Das Kind ist echt schüchtern.;The child is really shy.;adjective;كسوف / خجول;;;shy;;;
2527;professionell;professional (how something is done);Das war eine sehr professionelle Arbeit.;That was very professional work.;adjective;احترافي;;;professional;;;
2528;Teppich;carpet;Der Teppich ist echt neu.;The carpet is really new.;noun;سجادة;m;;carpet;;;
2529;Autor;author;Der Autor hat mehrere Bücher geschrieben.;The author has written several books.;noun;مؤلف;m;;author;;;
2530;Piraten;pirates;Die Piraten segelten davon.;The pirates sailed away.;noun;قراصنة;m;;pirates;;;
2531;basiert;based on;Der Film basiert auf einer wahren Geschichte.;The film is based on a true story.;verb/participle;مبني على;;;based on;;;
2532;Schicht;layer / shift;Ich arbeite heute in der Spätschicht.;I’m working the late shift today.;noun;شِفت / وردية;f;;shift;;;
2533;perverser;perverted (comparative);Er machte einen perverseren Kommentar.;He made a more perverted comment.;adjective;منحرف;;;perverted;;;
2534;Spruch;saying / quote;Das ist echt ein cooler Spruch.;That's really a cool saying.;noun;جملة / إفيه;m;;saying;;;
2535;fotografieren;to photograph;Darf ich dich fotografieren?;May I take a picture of you?;verb;يصور;;;take a picture;;;
2536;häufig;frequent / often;Er ist echt häufig zu spät.;He is really often late.;adjective;كتير / غالباً;;;often;;;
2537;Missverständnis;misunderstanding;Das war echt nur ein Missverständnis.;That was really just a misunderstanding.;noun;سوء تفاهم;n;;misunderstanding;;;
2538;darunter;underneath / among them;Unter dem Tisch liegt eine Katze.;Under the table lies a cat.;adverb;تحت / من ضمنها;;Unter;Under;;;
2539;Drehbuch;screenplay;Das Drehbuch war echt hervorragend.;The screenplay was really excellent.;noun;سيناريو;n;;screenplay;;;
2540;reinigen;to clean (make something clean, often thoroughly);Ich muss das Sofa reinigen.;I need to clean the sofa.;verb;ينضّف;;;clean;;;
2541;Charakter;character;Sein Charakter ist sehr stark.;His character is very strong.;noun;شخصية;m;;character;;;
2542;Paradies;paradise;Dieser Ort ist wie ein Paradies.;This place is like paradise.;noun;جنة;n;;paradise;;;
2543;absetzen;to remove / discontinue;Wir müssen das Medikament absetzen.;We need to discontinue the medication.;verb;يعزل / ينزل;;;discontinue;;;
2544;erzogen;raised / educated;Er wurde gerade gut erzogen.;He was well raised just now.;adjective;متربّي;;;raised;;;
2545;unterzeichnet;signed;Der Vertrag wurde gestern unterzeichnet.;The contract was signed yesterday.;adjective;وقّع;;;signed;;;
2546;Asche;ash;Nur Asche blieb zurück.;Only ash remained.;noun;رماد;f;;ash;;;
2547;jahrelang;for years;Wir haben uns jahrelang gekannt.;We knew each other for years.;adverb;لسنين;;;for years;;;
2548;entzückend;adorable;Das Baby ist wirklich entzückend.;The baby is truly adorable.;adjective;جميل جداً;;;adorable;;;
2549;glatt;smooth / slippery;Die Straße ist heute glatt.;The road is slippery today.;adjective;ناعم / سهل;;;slippery;;;
2550;Abstand;distance / gap / space between;Bitte halten Sie Abstand.;Please keep your distance.;noun;مسافة;m;;distance;;;
2551;erbärmlich;pathetic;Das war eine erbärmliche Ausrede.;That was a pathetic excuse.;adjective;مُثير للشفقة / حقير;;;pathetic;;;
2552;Ladung;load / charge;Der LKW hat wirklich eine schwere Ladung.;The truck really has a heavy load.;noun;شُحنة;f;;load;;;
2553;Garage;garage;Das Auto steht in der Garage.;The car is in the garage.;noun;جراج;f;;garage;;;
2554;ausgeraubt;robbed;Das Geschäft wurde ausgeraubt.;The shop was robbed.;adjective;اتسرق;;;robbed;;;
2555;Herbst;autumn/fall;Im Herbst fallen die Blätter.;In autumn the leaves fall.;noun;الخريف;m;;autumn;;;
2556;Herausforderung;challenge;Das ist echt eine große Herausforderung.;That is really a big challenge.;noun;تحدّي;f;;challenge;;;
2557;Freak;freak (slang);Er ist echt ein echter Technik-Freak.;He is really a real tech freak.;noun;غريب / فريك;m;;freak;;;
2558;Kopfschmerzen;headache;Ich habe starke Kopfschmerzen.;I have a bad headache.;noun;صداع;m;;headache;;;
2559;Rasse;race (ethnic/species);Die Rasse des Hundes ist echt unbekannt.;The dog's breed is really unknown.;noun;عرق / سلالة;f;;breed;;;
2560;rutsch;slide / slip (colloquial);Pass auf, der Boden ist rutschig!;Careful, the floor is slippery!;noun;زحلقة;m;;slippery;;;
2561;höchstens;at most;Es dauert höchstens zehn Minuten.;It will take ten minutes at most.;adverb;بالكتير;;;at most;;;
2562;zurückholen;to get back / retrieve;Wir müssen ihn zurückholen.;We need to bring him back.;verb;يرجّع;;;back;;;
2563;lokal;local;Das ist ein lokales Problem.;That is a local problem.;adjective;محلي;;;local;;;
2564;Glocke;bell;Die Glocke läutet um acht.;The bell rings at eight.;noun;جرس;f;;bell;;;
2565;Sekretärin;secretary;Die Sekretärin organisiert die Termine.;The secretary organizes the appointments.;noun;سكرتيرة;f;;secretary;;;
2566;dampf;steam;Aus dem Topf kommt Dampf.;Steam is coming from the pot.;noun;بخار;m;;Steam;;;
2567;mangel;lack;Es gibt einen Mangel an Wasser.;There is a lack of water.;noun;نقص;m;;lack;;;
2568;Kompliment;compliment;Danke für das Kompliment!;Thanks for the compliment!;noun;مجاملة;n;;compliment;;;
2569;höflich;polite;Er ist immer sehr höflich.;He is always very polite.;adjective;مؤدّب;;;polite;;;
2570;Bewusstsein;consciousness / awareness;Er verlor das Bewusstsein.;He lost consciousness.;noun;وعي;n;;consciousness;;;
2571;stabil;stable;Das Gebäude ist sehr stabil.;The building is very stable.;adjective;مستقر / قوي;;;stable;;;
2572;münze;coin;Ich habe eine alte Münze gefunden.;I found an old coin.;noun;عملة;f;;coin;;;
2573;verleihen;to award / lend;Die Schule verleiht Preise.;The school awards prizes.;verb;يمنح / يؤجّر;;verleiht;awards;;;
2574;Hase;rabbit;Der Hase springt über die Wiese.;The rabbit jumps across the meadow.;noun;أرنب;m;;rabbit;;;
2575;Notizen;notes;Ich mache mir Notizen.;I’m taking notes.;noun;ملاحظات;f;;notes;;;
2576;zuviel;too much;Das ist zuviel für mich.;That is too much for me.;adverb;زيادة عن اللزوم;;;too much;;;
2577;Sender;channel / broadcaster;Welchen Sender schaust du?;Which channel are you watching?;noun;قناة / مرسل;m;;channel;;;
2578;Bibliothek;library;Die Bibliothek ist heute geschlossen.;The library is closed today.;noun;مكتبة;f;;library;;;
2579;Cowboy;cowboy;Der Cowboy reitet im Sonnenuntergang.;The cowboy rides into the sunset.;noun;كاوبوي;m;;cowboy;;;
2580;Ruhm;fame;Sein Ruhm wuchs schnell.;His fame grew quickly.;noun;شهرة;m;;fame;;;
2581;Kämpfer;fighter;Er ist echt ein echter Kämpfer.;He is really a real fighter.;noun;مقاتل;m;;fighter;;;
2582;Anlass;occasion;Es gibt keinen Anlass zur Sorge.;There is no reason to worry.;noun;مناسبة / سبب;m;;reason;;;
2583;German;German (language);Er spricht gut German.;He speaks German well.;noun;ألماني;;;German;;;
2584;klebt;sticks;Der Aufkleber klebt nicht mehr.;The sticker no longer sticks.;verb;لازق;;;sticks;;;
2585;erobern;to conquer;Die Armee will das Land erobern.;The army wants to conquer the land.;verb;يحتل / يغزو;;;conquer;;;
2586;zweitens;secondly;Und zweitens musst du pünktlich sein.;And secondly, you must be on time.;adverb;ثانياً;;;secondly;;;
2587;pleite;broke (no money);Ich bin komplett pleite.;I’m completely broke.;adjective;مفلس;;;broke;;;
2588;Geschwindigkeit;speed;Die Geschwindigkeit ist echt zu hoch.;The speed is really too high.;noun;سرعة;f;;speed;;;
2589;Religion;religion;Religion spielt für ihn eine große Rolle.;Religion plays a big role for him.;noun;دين;f;;Religion;;;
2590;befördert;promoted;Sie wurde gerade zur Chefin befördert.;She was promoted to boss just now.;adjective;رقّى / نقل;;;promoted;;;
2591;verschont;spared;Zum Glück wurde er verschont.;Luckily, he was spared.;adjective;رحم / سابه;;;spared;;;
2592;entgehen;to escape / miss;Mir wird nichts entgehen.;Nothing will escape me.;verb;يفوته / يهرب;;;escape;;;
2593;beute;prey / loot;Die Löwen jagen ihre Beute.;The lions hunt their prey.;noun;غنيمة;f;;prey;;;
2594;Pfeil;arrow;Der Pfeil traf das Ziel.;The arrow hit the target.;noun;سهم;m;;arrow;;;
2595;deutet;indicates / points;Alles deutet auf ein Problem hin.;Everything points to a problem.;verb;يشير;;;points;;;
2596;Earl;Earl (title);Der Earl lebt in diesem Schloss.;The Earl lives in this castle.;noun;إيرل;m;;Earl;;;
2597;abwarten;to wait and see;Wir müssen erst abwarten.;We need to wait and see.;verb;يستنى;;;wait and see;;;
2598;widmen;to dedicate;Er widmet sein Leben der Kunst.;He dedicates his life to art.;verb;يكرّس;;widmet;dedicates;;;
2599;Donner;thunder;Der Donner war echt laut.;The thunder was really loud.;noun;رعد;m;;thunder;;;
2600;zunächst;initially / at first;Zunächst müssen wir das klären.;First, we need to clarify that.;adverb;في الأول;;;First;;;
2601;Papst;Pope;Der Papst besucht die Stadt.;The Pope is visiting the city.;noun;بابا (الفاتيكان);m;;Pope;;;
2602;ekelhaft;disgusting / gross;Das Essen schmeckt ekelhaft.;The food tastes disgusting.;adjective;مقرف;;;disgusting;;;
2603;erleichtert;relieved;Ich bin so erleichtert.;I am so relieved.;adjective;مرتاح;;;relieved;;;
2604;zusätzliche;additional;Wir brauchen zusätzliche Informationen.;We need additional information.;adjective;إضافي;;;additional;;;
2605;erzeugen;to generate / produce;Die Maschine erzeugt Strom.;The machine generates electricity.;verb;ينتج;;erzeugt;generates;;;
2606;Phase;phase;Die erste Phase ist echt abgeschlossen.;The first phase is really completed.;noun;مرحلة;f;;phase;;;
2607;Bestie;beast;Die Bestie griff das Dorf an.;The beast attacked the village.;noun;وحش;f;;beast;;;
2608;scheinbar;seemingly (but actually not);Scheinbar hat niemand Zeit.;Apparently nobody has time.;adverb;على ما يبدو;;;Apparently;;;
2609;Handschellen;handcuffs;Er wurde gerade in Handschellen abgeführt.;He was taken away in handcuffs just now.;noun;كلبشات;f;;handcuffs;;;
2610;Ferien;vacation / holidays;Wir fahren in den Ferien ans Meer.;We’re going to the sea during the holidays.;noun;إجازة;f;;holidays;;;
2611;Couch;couch / sofa;Ich schlafe heute auf der Couch.;I'm sleeping on the couch today.;noun;كنبة;f;;couch;;;
2612;antreten;to compete / to start;Wir müssen morgen früh antreten.;We must report/start early tomorrow.;verb;يبتدي / يمسك منصب;;;start;;;
2613;Hollywood;Hollywood;Sie träumt von Hollywood.;She dreams of Hollywood.;noun;هوليوود;n;;Hollywood;;;
2614;Lampe;lamp;Mach bitte die Lampe an.;Please turn on the lamp.;noun;لمبة;f;;lamp;;;
2615;Esel;donkey;Der Esel steht auf der Wiese.;The donkey is standing in the meadow.;noun;حمار;m;;donkey;;;
2616;harmlos;harmless;Das Tier ist völlig harmlos.;The animal is completely harmless.;adjective;مش مؤذي;;;harmless;;;
2617;ertönt;sounds / rings out;Die Sirene ertönt laut.;The siren sounds loudly.;verb/participle;يِسمع صوته;;;sounds;;;
2618;abgestürzt;crashed;Das Flugzeug ist abgestürzt.;The plane has crashed.;adjective;وقع / اتحطم;;;crashed;;;
2619;aufgebracht;upset;Er wirkte echt aufgebracht.;He seemed really upset.;adjective;متعصب / زعلان;;;upset;;;
2620;lauert;lurks;Lauert das für dich?;Does that work for you?;verb;مستخبي / متربص;;lauert;lurks;;;
2621;Symptome;symptoms;Welche Symptome hast du?;What symptoms do you have?;noun;أعراض;n;;symptoms;;;
2622;Sprung;jump / crack;Der Sprung war echt hoch.;The jump was really high.;noun;قفزة / شرخ;m;;jump;;;
2623;ausprobieren;to try out / test;Lass uns das neue Spiel ausprobieren.;Let’s try out the new game.;verb;يجرب;;;try out;;;
2624;Alibi;alibi;Hast du ein Alibi?;Do you have an alibi?;noun;حُجة غياب / أليبي;n;;alibi;;;
2625;aufgelöst;dissolved / broken up;Die Gruppe hat sich aufgelöst.;The group has dissolved.;adjective;متوتر / مُتفكك;;;dissolved;;;
2626;Beitrag;contribution;Vielen Dank für deinen Beitrag.;Thank you for your contribution.;noun;مساهمة;m;;contribution;;;
2627;entgegen;toward / against;Er läuft mir entgegen.;He is walking toward me.;adverb;عكس / تجاه;;;toward;;;
2628;Dummheit;stupidity;Das war echt eine große Dummheit.;That was really a big stupidity.;noun;غباء;f;;stupidity;;;
2629;Mannschaft;team;Unsere Mannschaft hat gewonnen.;Our team won.;noun;فريق;f;;team;;;
2630;zukünftige;upcomming /future;Seine zukünftige Frau ist Ärztin.;His future wife is a doctor.;adjective;مستقبلي;;;future;;;
2631;Juli;July;Im Juli fahren wir weg.;We are traveling in July.;noun;يوليو;m;;July;;;
2632;Durst;thirst;Ich habe großen Durst.;I’m very thirsty.;noun;عطش;m;;thirsty;;;
2633;klassische;classical / classic;Ich höre gern klassische Musik.;I like listening to classical music.;adjective;كلاسيكي;;;classical;;;
2634;eigenartig;strange / odd;Das ist eine eigenartige Situation.;This is a strange situation.;adjective;غريب;;;strange;;;
2635;grob;rough / rude;Das war sehr grob von dir.;That was very rude of you.;adjective;خشن;;;rude;;;
2636;verklagen;to sue;Er will die Firma verklagen.;He wants to sue the company.;verb;يرفع قضية;;;sue;;;
2637;aua;ouch;Aua! Das tut weh!;Ouch! That hurts!;interjection;آخ;;;Ouch;;;
2638;Irrtum;mistake / error / false belief;Das war echt ein großer Irrtum.;That was really a big mistake.;noun;غلط / سوء فهم;m;;mistake;;;
2639;ausgebrochen;broken out / escaped;Das Feuer ist ausgebrochen.;The fire broke out.;adjective;هرب / اندلع;;;out;;;
2640;schleppen;to drag / carry;Wir mussten die Kisten schleppen.;We had to drag the boxes.;verb;يسحب / يجرّ;;;drag;;;
2641;Aliens;aliens;Er glaubt an Aliens.;He believes in aliens.;noun;فضائيين;n;;aliens;;;
2642;Ruder;oar / rudder;Er hat das gerade Ruder verloren.;He lost the oar just now.;noun;دفّة / مجداف;n;;oar;;;
2643;schmuck;jewelry / fancy;Sie trägt heute viel Schmuck.;She is wearing a lot of jewelry today.;noun;مجوهرات;m;;jewelry;;;
2644;Ankunft;arrival;Die Ankunft ist echt um 18 Uhr.;The arrival is really at 6 p.m.;noun;وصول;f;;arrival;;;
2645;angeben;to brag / to state;Er will immer angeben.;He always wants to show off.;verb;يتفاخر / يدّعي;;;show off;;;
2646;Spielchen;little game / trick;Hör auf mit diesen Spielchen!;Stop with these little games!;noun;لعبة صغيرة / حركات;n;;little games;;;
2647;durchgedreht;gone crazy;Er ist völlig durchgedreht.;He has completely gone crazy.;adjective;اتجنّن;;;gone crazy;;;
2648;bezaubernd;enchanting / charming;Das Baby ist wirklich bezaubernd.;The baby is truly enchanting.;adjective;ساحر / جميل قوي;;;enchanting;;;
2649;bahn;rail / train / path;Die Bahn kommt in fünf Minuten.;The train arrives in five minutes.;noun;سكة / قطار;f;;train;;;
2650;Hausaufgaben;homework;Ich muss meine Hausaufgaben machen.;I have to do my homework.;noun;واجب;f;;homework;;;
2651;Handtuch;towel;Wo ist mein Handtuch?;Where is my towel?;noun;فوطة;n;;towel;;;
2652;Werkzeug;tool;Ich brauche Werkzeug für die Reparatur.;I need tools for the repair.;noun;أدوات;n;;tools;;;
2653;produziert;produced;Der Film wurde gerade hier produziert.;The movie was produced here just now.;adjective;ينتج;;;produced;;;
2654;umgeben;surrounded;Das Dorf ist von Wald umgeben.;The village is surrounded by forest.;adjective;مُحاط بـ;;;surrounded;;;
2655;Assistent;assistant;Er ist echt mein Assistent.;He is really my assistant.;noun;مساعد;m;;assistant;;;
2656;Handschuhe;gloves;Ich habe meine Handschuhe verloren.;I lost my gloves.;noun;جوانتي;m;;gloves;;;
2657;hilfreich;helpful;Das war wirklich hilfreich.;That was really helpful.;adjective;مفيد;;;helpful;;;
2658;zuschlagen;to slam / strike;Schlag die Tür nicht so zu, sie kann leicht zuschlagen.;Don’t slam the door, it can close hard.;verb;يضرب / يهجم;;;slam;;;
2659;einzigartig;unique;Dein Stil ist wirklich einzigartig.;Your style is truly unique.;vocab;فريد;;;unique;;;
2660;Verhältnis;relationship / ratio;Ihr Verhältnis wurde immer besser.;Their relationship kept getting better.;vocab;علاقة;;;relationship;;;
2661;Spanien;Spain;Ich möchte nächsten Sommer nach Spanien reisen.;I want to travel to Spain next summer.;vocab;إسبانيا;;;Spain;;;
2662;Krankenschwester;nurse;Die Krankenschwester hat mir geholfen.;The nurse helped me.;vocab;ممرضة;;;nurse;;;
2663;fabelhaft;fabulous;Das Essen gestern war fabelhaft.;The food yesterday was fabulous.;vocab;روعة;;;fabulous;;;
2664;grillen;to grill;Wir wollen heute Abend im Garten grillen.;We want to grill in the garden tonight.;verb;يشوي;;;grill;;;
2665;Herde;herd;Die Herde bewegt sich Richtung Fluss.;The herd is moving toward the river.;vocab;بوتاجاز / قطيع;;;herd;;;
2666;Duft;scent / smell;Der Duft der Blumen ist echt wunderbar.;The scent of the flowers is really wonderful.;vocab;ريحة حلوة;;;scent;;;
2667;Unterschrift;signature;Ich brauche deine Unterschrift hier.;I need your signature here.;vocab;توقيع;;;signature;;;
2668;investiert;invested;Er hat viel Zeit in das Projekt investiert.;He invested a lot of time in the project.;verb;استثمر;;;invested;;;
2669;missbraucht;abused / misused;Das Passwort wurde missbraucht.;The password was misused.;verb;أساء استخدام / اعتدى;;;misused;;;
2670;Ausrüstung;equipment;Wir müssen die Ausrüstung überprüfen.;We need to check the equipment.;vocab;معدات;;;equipment;;;
2671;personal;staff;Das Personal war echt freundlich.;The staff was really friendly.;vocab;شخصي / طاقم;;;staff;;;
2672;regieren;to govern / rule;Ein König sollte weise regieren.;A king should rule wisely.;verb;يحكم;;;rule;;;
2673;Schauspielerin;actress;Sie ist echt eine berühmte Schauspielerin.;She is really a famous actress.;vocab;ممثلة;;;actress;;;
2674;Version;version;Das ist echt die neue Version der Software.;That is really the new version of the software.;vocab;نسخة;;;version;;;
2675;exakt;exact;Das ist exakt, was ich meinte.;That's exactly what I meant.;vocab;بالظبط;;;exactly;;;
2676;Mittwoch;Wednesday;Am Mittwoch habe ich keine Zeit.;I’m not free on Wednesday.;vocab;الأربعاء;;;Wednesday;;;
2677;Konsequenzen;consequences;Du musst die Konsequenzen akzeptieren.;You must accept the consequences.;vocab;عواقب;;;consequences;;;
2678;Eingang;entrance;Der Eingang ist echt auf der linken Seite.;The entrance is really on the left side.;noun;مدخل;m;;entrance;;;
2679;Hitze;heat;Die Hitze heute ist unerträglich.;The heat today is unbearable.;noun;حر;f;;heat;;;
2680;verweigert;refuses / denied;Er hat die Hilfe verweigert.;He refused the help.;verb;يرفض;;;refused;;;
2681;ächzt;groans;Der alte Boden ächzt.;The old floor groans.;verb;يئن;;;groans;;;
2682;gruselig;spooky;Das Haus sieht gruselig aus.;The house looks creepy.;adjective;مرعب;;;creepy;;;
2683;schwebt;floats / hovers;Der Ballon schwebt in der Luft.;The balloon floats in the air.;verb;بيطفو;;;floats;;;
2684;Cousine;cousin (female);Meine Cousine wohnt in Hamburg.;My cousin lives in Hamburg.;noun;بنت عم / بنت خال;f;;cousin;;;
2685;Brand;fire / blaze;Der Brand wurde gerade schnell gelöscht.;The fire was put out quickly just now.;noun;حريق;m;;fire;;;
2686;Leistung;performance / achievement;Seine Leistung war beeindruckend.;His performance was impressive.;noun;أداء / إنجاز;f;;performance;;;
2687;einlassen;to let in / allow;Ich lasse ihn nicht ins Haus ein.;I’m not letting him into the house.;verb;يسمح يدخل / يتورّط;;lasse;letting;;;
2688;sachte;gently;Mach das bitte ganz sachte.;Please do that very gently.;adverb;بالراحة;;;gently;;;
2689;Witwe;widow;Die Witwe lebt allein.;The widow lives alone.;noun;أرملة;f;;widow;;;
2690;Ausflug;trip / excursion;Wir machen einen Ausflug ins Gebirge.;We are going on a trip to the mountains.;noun;خروجة;m;;trip;;;
2691;krass;extreme / awesome (slang);Das ist ja krass!;That’s crazy!;adjective;جامد / شديد;;;crazy;;;
2692;Zwerg;dwarf;Der Zwerg ist echt Teil der Geschichte.;The dwarf is really part of the story.;noun;قزم;m;;dwarf;;;
2693;darstellen;to portray / represent;Der Film stellt die Wahrheit dar.;The film portrays the truth.;verb;يمثّل / يوضح;;Der;portrays;;;
2694;bumsen;to f*ck (very vulgar);Er redet ständig übers Bumsen.;He talks about sex all the time.;verb;ينام مع (عامية فظة);;;sex;;;
2695;Julian;Julian (name);Julian hat angerufen.;Julian called.;noun;جوليان;;;Julian;;;
2696;Zorn;anger / fury;Er konnte seinen Zorn kaum kontrollieren.;He could barely control his anger.;noun;غضب;m;;anger;;;
2697;alternative;alternative;Wir brauchen eine Alternative.;We need an alternative.;noun;بديل;f;;alternative;;;
2698;aufhängen;to hang up;Kannst du das Bild aufhängen?;Can you hang up the picture?;verb;يعلّق / يشنق;;;hang up;;;
2699;schale;bowl / peel / shell;Die Schale der Orange ist echt dick.;The orange's peel is really thick.;noun;قشرة / وعاء;f;;peel;;;
2700;soeben;just now;Er ist echt soeben angekommen.;He really just arrived.;adverb;لسه حالاً;;;just;;;
2701;Besucher;visitor;Die Besucher sind echt freundlich.;The visitors are really friendly.;noun;زائر;m;;visitors;;;
2702;zünden;to ignite / light;Er zündet die Kerze an.;He lights the candle.;verb;يولّع;;zündet;lights;;;
2703;thron;throne;Der König sitzt auf dem Thron.;The king sits on the throne.;noun;عرش;m;;throne;;;
2704;Camp;camp;Wir treffen uns im Camp.;We meet at the camp.;noun;معسكر;n;;camp;;;
2705;tragisch;tragic;Das war ein tragischer Unfall.;That was a tragic accident.;adjective;مأساوي;;;tragic;;;
2706;Laster;vice / truck (context-dependent);Rauchen ist sein einziges Laster.;Smoking is his only vice.;noun;عادة وحشة / شاحنة;m;;vice;;;
2707;niedrig;low;Der Tisch ist echt zu niedrig.;The table is really too low.;adjective;واطي / منخفض;;;low;;;
2708;Wirkung;effect;Das Medikament zeigt keine Wirkung.;The medicine shows no effect.;noun;تأثير;f;;effect;;;
2709;angefahren;hit (with a vehicle);Er wurde gerade vom Auto angefahren.;He was hit by a car just now.;verb;خبطه بعربية;;;hit;;;
2710;unterschiedliche;different / various;Wir haben unterschiedliche Meinungen.;We have different opinions.;adjective;مختلفة;;;different;;;
2711;erlitten;suffered;Er hat schwere Verluste erlitten.;He suffered heavy losses.;verb;تعرض لـ / عانى;;;suffered;;;
2712;Parkplatz;parking lot;Der Parkplatz ist echt voll.;The parking lot is really full.;noun;باركينج;m;;parking lot;;;
2713;Segen;blessing;Das ist echt ein echter Segen.;That's really a real blessing.;noun;بركة;m;;blessing;;;
2714;ungern;unwillingly / reluctantly;Ich mache das ungern.;I do that reluctantly.;adverb;مش بحب;;;reluctantly;;;
2715;angemessen;appropriate;Das war eine angemessene Reaktion.;That was an appropriate reaction.;adjective;مناسب;;;appropriate;;;
2716;Kreditkarte;credit card;Ich bezahle mit Kreditkarte.;I pay with a credit card.;noun;كارت ائتمان;f;;credit card;;;
2717;Nadel;needle;Die Nadel ist echt dünn.;The needle is really thin.;noun;إبرة;f;;needle;;;
2718;kräftig;strong / powerful;Er hat wirklich einen kräftigen Schlag.;He really has a strong punch.;adjective;قوي;;;strong;;;
2719;ausgebildet;trained / educated;Er ist echt gut ausgebildet.;He is really well trained.;adjective;متدرّب / مؤهل;;;trained;;;
2720;Option;option;Wir haben eine zweite Option.;We have a second option.;noun;اختيار;f;;option;;;
2721;Cäsar;Caesar;Cäsar war ein berühmter Herrscher.;Caesar was a famous ruler.;noun;قيصر;;;Caesar;;;
2722;unendlich;endless;Der Wald wirkt unendlich.;The forest feels endless.;adjective;لا نهائي;;;endless;;;
2723;Zivilisation;civilization;Die Zivilisation hat sich verändert.;Civilization has changed.;noun;حضارة;f;;Civilization;;;
2724;niedlich;cute;Der Hund ist echt so niedlich.;The dog is really so cute.;adjective;لطيف / كيوت;;;cute;;;
2725;Toast;toast;Ich esse morgens Toast.;I eat toast in the morning.;noun;توست;m;;toast;;;
2726;Anblick;sight / view;Der Anblick war echt wunderschön.;The sight was really beautiful.;noun;منظر;m;;sight;;;
2727;frech;cheeky / bold;Sei nicht so frech!;Don’t be so cheeky!;adjective;قليل الأدب / جريء;;;cheeky;;;
2728;schwingen;to swing;Das Kind schwingt auf der Schaukel.;The child swings on the swing.;verb;يهزّ / يلوّح;;schwingt;swings;;;
2729;salz;salt;Kannst du mir das Salz geben?;Can you give me the salt?;noun;ملح;n;;salt;;;
2730;kacke;crap / shit (informal);So eine Kacke!;What crap!;noun;خرا (شتيمة);f;;crap;;;
2731;rausgeworfen;thrown out / kicked out;Er wurde gerade aus dem Kurs rausgeworfen.;He was kicked out of the class just now.;verb;اترمي / اتفصل;;;kicked out;;;
2732;Forschung;research;Die Forschung ist noch nicht abgeschlossen.;The research is not finished yet.;noun;بحث;f;;research;;;
2733;ursprünglich;originally;Ursprünglich wollte ich Arzt werden.;Originally I wanted to become a doctor.;adverb;في الأصل;;;Originally;;;
2734;Lake;brine / lake (rare as “lake”);Die Gurken liegen in Lake.;The pickles lie in brine.;noun;بحيرة;f;;brine;;;
2735;ausliefern;to deliver / hand over;Wir liefern die Ware morgen aus.;We deliver the goods tomorrow.;verb;يسلّم / يسلّم للعدو;;liefern;deliver;;;
2736;hindern;to prevent / hinder;Nichts kann mich hindern.;Nothing can stop me.;verb;يمنع;;;stop;;;
2737;hinweg;away / over;Er ist echt einfach hinweg gegangen.;He simply really walked away.;adverb;بعيد / عبر;;;away;;;
2738;jenseits;beyond;Jenseits der Berge liegt das Dorf.;Beyond the mountains lies the village.;adverb;على الناحية التانية;;;Beyond;;;
2739;Regisseur;director (film/theater);Der Regisseur ist echt bekannt.;The director is really famous.;noun;مخرج;m;;director;;;
2740;anwesend;present;Alle Schüler waren anwesend.;All students were present.;adjective;حاضر;;;present;;;
2741;Banditen;bandits;Die Banditen überfielen das Dorf.;The bandits raided the village.;noun;قطاع طرق;m;;bandits;;;
2742;Michel;Michel (name);Michel kommt später dazu.;Michel will join later.;noun;ميشيل;;;Michel;;;
2743;Trainer;coach / trainer;Der Trainer motiviert die Spieler.;The coach motivates the players.;noun;مدرّب;m;;coach;;;
2744;Ansicht;opinion / view;Meiner Ansicht nach ist das falsch.;In my opinion that is wrong.;noun;رأي;f;;opinion;;;
2745;produkt;product;Das neue Produkt verkauft sich gut.;The new product sells well.;noun;منتج;n;;product;;;
2746;Zusammenhang;connection / context;Das hat keinen Zusammenhang.;That has no connection.;noun;علاقة / ترابط;m;;connection;;;
2747;Rezept;recipe / prescription;Ich brauche ein Rezept vom Arzt.;I need a prescription from the doctor.;noun;روشتة / وصفة;n;;prescription;;;
2748;Führerschein;driver’s license;Er hat endlich seinen Führerschein.;He finally got his driver’s license.;noun;رخصة سواقة;m;;driver’s license;;;
2749;Gelächter;laughter;Das Gelächter war echt laut.;The laughter was really loud.;noun;ضحك;n;;laughter;;;
2750;Weihnachtsmann;Santa Claus;Der Weihnachtsmann kommt heute.;Santa Claus is coming today.;noun;بابا نويل;m;;Santa Claus;;;
2751;Kapitel;chapter;Ich habe das nächste Kapitel gelesen.;I read the next chapter.;noun;فصل;n;;chapter;;;
2752;keucht;gasps / wheezes;Er keucht nach dem Lauf.;He gasps after the run.;verb;يلهث;;;gasps;;;
2753;ansonsten;otherwise / besides;Ansonsten ist alles gut.;Otherwise everything is fine.;adverb;غير كده;;;Otherwise;;;
2754;Aufzug;elevator;Der Aufzug ist echt kaputt.;The elevator is really broken.;noun;أسانسير;m;;elevator;;;
2755;Entfernung;distance;Die Entfernung ist echt zu groß.;The distance is really too great.;noun;مسافة;f;;distance;;;
2756;anonym;anonymous;Der Brief war echt anonym.;The letter was really anonymous.;adjective;مجهول;;;anonymous;;;
2757;Benjamin;Benjamin (name);Benjamin ist mein Freund.;Benjamin is my friend.;noun;بنجامين;;;Benjamin;;;
2758;wegfahren;to drive away / leave;Wir fahren morgen weg.;We’re leaving tomorrow.;verb;يمشي بالعربية / يسافر;;fahren;leaving;;;
2759;Ausweg;way out;Ich sehe keinen Ausweg.;I see no way out.;noun;مخرج / حل;m;;way out;;;
2760;Hai;shark;Ein Hai schwimmt im Wasser.;A shark is swimming in the water.;noun;قرش;m;;shark;;;
2761;eklig;yucky;Das Essen war eklig.;The food was disgusting.;adjective;مقرف;;;disgusting;;;
2762;leine;leash;Der Hund ist echt an der Leine.;The dog is really on the leash.;noun;سلسلة / حبل كلب;f;;leash;;;
2763;Drama;drama;Das war echt ein großes Drama.;That was really a big drama.;noun;دراما;n;;drama;;;
2764;Klavier;piano;Sie spielt Klavier.;She plays piano.;noun;بيانو;n;;piano;;;
2765;schütteln;to shake;Er schüttelt den Kopf.;He shakes his head.;verb;يهزّ;;schüttelt;shakes;;;
2766;überwältigt;overwhelmed;Ich bin völlig überwältigt.;I am completely overwhelmed.;adjective;مندهش / مغلوب;;;overwhelmed;;;
2767;Ausbildung;training / education;Sie macht eine Ausbildung.;She is doing vocational training.;noun;تدريب / دراسة مهنية;f;;training;;;
2768;anpassen;to adjust / adapt;Wir müssen den Plan anpassen.;We must adjust the plan.;verb;يكيّف / يظبط;;;adjust;;;
2769;Sebastian;Sebastian (name);Sebastian kommt später.;Sebastian is coming later.;noun;سيباستيان;;;Sebastian;;;
2770;besagt;states / says;Das Gesetz besagt etwas anderes.;The law says something else.;verb;بيقول / مفاده;;;says;;;
2771;braten;to fry / roast;Ich brate das Fleisch.;I’m frying the meat.;verb;يشوي;;brate;frying;;;
2772;Anspruch;claim / entitlement;Er hat keinen Anspruch darauf.;He has no claim to it.;noun;حق / مطالبة;m;;claim;;;
2773;Enkel;grandson;Mein Enkel ist fünf Jahre alt.;My grandson is five years old.;noun;حفيد;m;;grandson;;;
2774;Franz;Franz (name);Franz ist heute nicht da.;Franz is not here today.;noun;فرانتس;;;Franz;;;
2775;aufmerksam;attentive;Er hört aufmerksam zu.;He listens attentively.;adjective;مركّز / مهتم;;;attentively;;;
2776;verheimlichen;to hide / conceal;Sie verheimlicht etwas.;She is hiding something.;verb;يخبي;;verheimlicht;hiding;;;
2777;ernte;harvest;Die Ernte war echt dieses Jahr gut.;The harvest was really good this year.;noun;حصاد;f;;harvest;;;
2778;jegliche;any / all;Jegliche Hilfe wurde abgelehnt.;Any help was refused.;adjective;أيّ;;;Any;;;
2779;Bedürfnisse;needs;Jeder hat unterschiedliche Bedürfnisse.;Everyone has different needs.;noun;احتياجات;n;;needs;;;
2780;zurückhalten;to hold back;Er konnte sich nicht zurückhalten.;He couldn’t hold himself back.;verb;يمسك نفسه / يحتفظ;;;hold;;;
2781;Geständnis;confession;Er hat wirklich ein Geständnis abgelegt.;He really made a confession.;noun;اعتراف;n;;confession;;;
2782;einrichten;to set up / furnish;Wir richten die Wohnung ein.;We are furnishing the apartment.;verb;يجهّز / يظبط;;richten;furnishing;;;
2783;allzu;too / overly;Mach dir nicht allzu viele Sorgen.;Don’t worry too much.;adverb;زيادة عن اللزوم;;;too;;;
2784;Therapie;therapy;Er beginnt eine Therapie.;He is starting therapy.;noun;علاج;f;;therapy;;;
2785;angeheuert;hired;Er wurde gerade für den Job angeheuert.;He was hired for the job just now.;verb;اشتغل / اتعيّن;;;hired;;;
2786;Gewinner;winner;Der Gewinner bekommt einen Preis.;The winner gets a prize.;noun;فايز;m;;winner;;;
2787;Gegenwart;present (time);Wir leben in der Gegenwart.;We live in the present.;noun;حاضر;f;;present;;;
2788;Märchen;fairy tale;Das ist echt wie ein Märchen.;That's really like a fairy tale.;noun;حكاية;n;;fairy tale;;;
2789;schockiert;shocked;Ich bin schockiert über die Nachrichten.;I’m shocked by the news.;adjective;مصدوم;;;shocked;;;
2790;eingreifen;to intervene;Die Polizei musste eingreifen.;The police had to intervene.;verb;يتدخل;;;intervene;;;
2791;gedemütigt;humiliated;Er fühlte sich gedemütigt.;He felt humiliated.;adjective;متهان;;;humiliated;;;
2792;gründlich;thorough;Bitte arbeite gründlich.;Please work thoroughly.;adjective;بشكل دقيق;;;thoroughly;;;
2793;Socken;socks;Ich habe neue Socken gekauft.;I bought new socks.;noun;شرابات;f;;socks;;;
2794;betteln;to beg;Er bettelt um Geld.;He begs for money.;verb;يشحت / يتوسّل;;bettelt;begs;;;
2795;allgemeinen;generally;Im Allgemeinen stimmt das.;In general, that is true.;adverb;عام;;;In general;;;
2796;zuständig;responsible / in charge;Ich bin für das Projekt zuständig.;I am responsible for the project.;adjective;مسؤول;;;responsible;;;
2797;wesentlich;essential / significant;Das ist ein wesentlicher Punkt.;That is an essential point.;adjective;أساسي;;;essential;;;
2798;Diebstahl;theft;Der Diebstahl wurde gerade gemeldet.;The theft was reported just now.;noun;سرقة;m;;theft;;;
2799;Owen;Owen (name);Owen kommt später dazu.;Owen will join later.;noun;أوين;;;Owen;;;
2800;bezüglich;regarding / concerning;Bezüglich deiner Frage: Ja, es stimmt.;Regarding your question: yes, it’s true.;adverb;بخصوص;;;Regarding;;;
2801;Hauptsache;the main thing;Hauptsache, du bist glücklich.;The main thing is that you're happy.;noun;الأهم;f;;The main thing;;;
2802;aufgezogen;raised / teased;Er wurde gerade streng aufgezogen.;He was raised strictly just now.;verb;اتربّى / اتسحب;;;raised;;;
2803;Patientin;female patient;Die Patientin wartet im Zimmer.;The female patient is waiting in the room.;noun;مريضة;f;;female patient;;;
2804;knurrt;growls;Der Hund knurrt leise.;The dog growls quietly.;verb;بيزمجر;;;growls;;;
2805;einschlagen;to smash / to choose (path);Er hat die Scheibe eingeschlagen.;He smashed the window.;verb;يكسر / يختار;;eingeschlagen;smashed;;;
2806;beziehen;to obtain / refer to;Wir beziehen Strom aus Solarenergie.;We obtain electricity from solar energy.;verb;يستند على / يستلم;;;obtain;;;
2807;verwechselt;confused / mixed up;Er hat die Namen verwechselt.;He mixed up the names.;verb;اتلخبط / بدّل;;;mixed up;;;
2808;Köder;bait;Der Köder hat funktioniert.;The bait worked.;noun;طُعم;m;;bait;;;
2809;Nebel;fog;Der Nebel ist heute sehr dicht.;The fog is very thick today.;noun;شبورة;m;;fog;;;
2810;gütiger;kinder / more gracious;Du bist heute viel gütiger als sonst.;You are much kinder than usual today.;adjective;طيّب;;;kinder;;;
2811;Mac;Mac (name);Mac ist schon unterwegs.;Mac is already on the way.;noun;ماك;;;Mac;;;
2812;Tempo;speed / pace;Er läuft in einem schnellen Tempo.;He runs at a fast pace.;noun;سرعة;n;;pace;;;
2813;Whisky;whiskey;Er trinkt gern Whisky.;He likes drinking whiskey.;noun;ويسكي;m;;whiskey;;;
2814;Burg;castle / fortress;Die Burg steht auf einem Hügel.;The castle stands on a hill.;noun;قلعة;f;;castle;;;
2815;Elefanten;elephants;Elefanten sind sehr intelligent.;Elephants are very intelligent.;noun;فيلة;m;;Elephants;;;
2816;sozusagen;so to speak;Er ist echt sozusagen ihr Mentor.;He is really, so to speak, her mentor.;adverb;يعني كده / تقريباً;;;so to speak;;;
2817;nebenbei;by the way / on the side;Nebenbei arbeitet sie als Fotografin.;She works as a photographer on the side.;adverb;على جنب / في نفس الوقت;;;on the side;;;
2818;Furcht;fear;Er hatte große Furcht vor der Prüfung.;He had great fear of the exam.;noun;خوف;f;;fear;;;
2819;September;September;Im September beginnt die Schule.;School starts in September.;noun;سبتمبر;m;;September;;;
2820;Magazin;magazine;Ich lese ein interessantes Magazin.;I’m reading an interesting magazine.;noun;مجلة;n;;magazine;;;
2821;Indien;India;Sie reisen nach Indien.;They are traveling to India.;noun;الهند;n;;India;;;
2822;Instinkt;instinct;Sein Instinkt war richtig.;His instinct was right.;noun;غريزة;m;;instinct;;;
2823;geheimnisvolle;mysterious;Eine geheimnisvolle Stimme rief meinen Namen.;A mysterious voice called my name.;adjective;غ mysterious / غامضة;;;mysterious;;;
2824;Jennifer;Jennifer;Jennifer kommt später vorbei.;Jennifer is coming by later.;noun;جينيفر;;;Jennifer;;;
2825;vergeuden;to waste (dramatic/literature);Verschwende deine Zeit nicht.;Don’t waste your time.;verb;يضيع;;Verschwende;waste;;;
2826;Dankeschön;thank you;Ein großes Dankeschön an alle!;A big thank you to everyone!;vocab;شكراً;;;thank you;;;
2827;stumm;mute / silent;Er blieb stumm und sagte nichts.;He stayed silent and said nothing.;adjective;أخرس / ساكت;;;silent;;;
2828;Entführung;kidnapping;Die Entführung dauerte mehrere Tage.;The kidnapping lasted several days.;noun;خطف;f;;kidnapping;;;
2829;Etage;floor / level;Wir wohnen in der dritten Etage.;We live on the third floor.;noun;دور;f;;floor;;;
2830;Serie;series;Ich schaue eine neue Serie.;I’m watching a new series.;noun;مسلسل / سلسلة;f;;series;;;
2831;womöglich;possibly / maybe;Er kommt womöglich später.;He may come later.;adverb;يمكن;;;may;;;
2832;andauernd;continuously;Sie beschwert sich andauernd.;She complains constantly.;adverb;طول الوقت;;;constantly;;;
2833;Gangster;gangster;Die Gangster sind echt entkommen.;The gangsters really escaped.;noun;بلطجي / جانجستر;m;;gangsters;;;
2834;Diskussion;discussion;Die Diskussion wurde gerade hitzig.;The discussion became heated just now.;noun;نقاش;f;;discussion;;;
2835;federn;feathers;Der Vogel verliert Federn.;The bird is losing feathers.;noun;ريش / يِطرّي;f;;feathers;;;
2836;legal;legal;Das ist völlig legal.;This is completely legal.;adjective;قانوني;;;legal;;;
2837;Motel;motel;Wir übernachten in einem kleinen Motel.;We are staying in a small motel.;noun;موتيل;n;;motel;;;
2838;Adrian;Adrian;Adrian wartet draußen.;Adrian is waiting outside.;noun;أدريان;;;Adrian;;;
2839;beichte;confession (religious);Er legt eine Beichte ab.;He makes a confession.;noun;اعتراف;f;;confession;;;
2840;absurd;absurd;Das klingt völlig absurd.;That sounds completely absurd.;adjective;عبثي;;;absurd;;;
2841;blutigen;bloody;Er trug eine blutige Jacke.;He wore a bloody jacket.;adjective;دموي;;blutige;bloody;;;
2842;glänzend;shiny / brilliant;Der Boden ist echt glänzend sauber.;The floor is really shining clean.;adjective;لامع;;;shining;;;
2843;reserviert;reserved;Der Tisch ist echt reserviert.;The table is really reserved.;adjective;محجوز / رسمي;;;reserved;;;
2844;untergehen;to sink / go down;Die Sonne geht unter.;The sun is setting.;verb;يغرق / يضيع;;geht;setting;;;
2845;Boy;Boy / guy (loanword);Der Boy arbeitet im Café.;The boy works at the café.;noun;ولد;m;;boy;;;
2846;Betrüger;fraud / scammer;Der Betrüger wurde gerade gefasst.;The scammer was caught just now.;noun;نصّاب;m;;scammer;;;
2847;einmischen;to interfere;Misch dich nicht ein!;Don’t interfere!;verb;يتدخل;;Misch;interfere;;;
2848;Batterie;battery;Die Batterie ist echt leer.;The battery is really empty.;noun;بطارية;f;;battery;;;
2849;Schnaps;liquor / schnapps;Er trinkt einen Schnaps.;He drinks a schnapps.;noun;مشروب قوي;m;;schnapps;;;
2850;Episode;episode;Ich habe die neue Episode gesehen.;I watched the new episode.;noun;حلقة;f;;episode;;;
2851;Telefonnummer;phone number;Wie ist deine Telefonnummer?;What’s your phone number?;noun;رقم تليفون;f;;phone number;;;
2852;finanzielle;financial;Ich nehme lieber die finanzielle Option.;I'd rather take the financial option.;adjective;مالية;;;financial;;;
2853;Verlierer;loser;Er fühlt sich wie ein Verlierer.;He feels like a loser.;noun;خاسر;m;;loser;;;
2854;Front;front / frontline;Die Front rückt vor.;The front is advancing.;noun;جبهة;f;;front;;;
2855;faden;thread;Der Faden ist gerissen.;The thread snapped.;noun;ممل;m;;thread;;;
2856;unnötig;unnecessary;Das war völlig unnötig.;That was completely unnecessary.;adjective;ملوش لازمة;;;unnecessary;;;
2857;feucht;moist / damp;Die Luft ist heute sehr feucht.;The air is very humid today.;adjective;رطب;;;humid;;;
2858;Oscar;Oscar (name/award);Er hat wirklich einen Oscar gewonnen.;He really won an Oscar.;noun;أوسكار;;;Oscar;;;
2859;wurm;worm;Ein Wurm kriecht im Boden.;A worm crawls in the ground.;noun;دودة;m;;worm;;;
2860;ernähren;to nourish / feed;Vögel ernähren ihre Jungen gut.;Birds nourish their young well.;verb;يغذّي;;;nourish;;;
2861;aufrichtig;sincere;Ich danke dir aufrichtig.;I sincerely thank you.;adjective;صادق;;;sincerely;;;
2862;ausnutzen;to take advantage of;Lass dich nicht ausnutzen.;Don’t let people take advantage of you.;verb;يستغل;;;take advantage of;;;
2863;Existenz;existence;Ihre Existenz war bedroht.;Her existence was threatened.;noun;وجود / معيشة;f;;existence;;;
2864;Nazis;Nazis;Die Nazis verfolgten viele Menschen.;The Nazis persecuted many people.;noun;نازيين;m;;Nazis;;;
2865;Rettung;rescue;Die Rettung kam rechtzeitig.;The rescue arrived in time.;noun;إنقاذ;f;;rescue;;;
2866;Brieftasche;wallet;Ich habe meine Brieftasche verloren.;I lost my wallet.;noun;محفظة;f;;wallet;;;
2867;jüdischen;Jewish;Er untersucht jüdischen Ursprung.;He studies Jewish origins.;adjective;يهودي;;;Jewish;;;
2868;stopfen;to stuff / plug;Er stopft das Loch mit Papier.;He plugs the hole with paper.;verb;يحشي;;stopft;plugs;;;
2869;Zentrum;center;Wir treffen uns im Zentrum.;We meet in the city center.;noun;مركز;n;;center;;;
2870;Kofferraum;trunk (of a car);Der Kofferraum ist echt voll.;The trunk is really full.;noun;شنطة العربية;m;;trunk;;;
2871;Tara;Tara (name);Tara ruft später an.;Tara will call later.;noun;تارا;;;Tara;;;
2872;Apparat;device / apparatus;Der Apparat funktioniert nicht.;The device isn’t working.;noun;جهاز;m;;device;;;
2873;Ozean;ocean;Der Ozean ist heute ruhig.;The ocean is calm today.;noun;محيط;m;;ocean;;;
2874;Zaun;fence;Der Hund springt über den Zaun.;The dog jumps over the fence.;noun;سور / سياج;m;;fence;;;
2875;Mönch;monk;Der Mönch lebt im Kloster.;The monk lives in the monastery.;noun;راهب;m;;monk;;;
2876;militärische;military;Ich nehme lieber die militärische Option.;I'd rather take the military option.;adjective;عسكرية;;;military;;;
2877;vorlesen;to read aloud;Sie liest den Kindern eine Geschichte vor.;She reads a story aloud to the children.;verb;يقرأ بصوت عالي;;vor;aloud;;;
2878;einschalten;to switch on;Schalt bitte das Licht ein.;Please switch on the light.;verb;يشغّل;;Schalt;switch on;;;
2879;Persönlichkeit;personality;Sie hat wirklich eine starke Persönlichkeit.;She really has a strong personality.;noun;شخصية;f;;personality;;;
2880;lediglich;only / merely;Es war lediglich ein Vorschlag.;It was merely a suggestion.;adverb;بس / فقط;;;merely;;;
2881;enorm;enormous;Der Schaden ist echt enorm.;The damage is really enormous.;adjective;هائل;;;enormous;;;
2882;Juni;June;Im Juni fahren wir in den Urlaub.;We go on vacation in June.;noun;يونيو;m;;June;;;
2883;Wächter;guard;Der Wächter öffnet das Tor.;The guard opens the gate.;noun;حارس;m;;guard;;;
2884;absichtlich;intentional(ly);Er hat das gerade absichtlich gemacht.;He did that intentionally just now.;adjective;عن قصد;;;intentionally;;;
2885;Japaner;Japanese (male);Der Japaner spricht Deutsch.;The Japanese man speaks German.;noun;ياباني;m;;Japanese;;;
2886;angemacht;turned on / hit on;Er hat das Radio gerade angemacht.;He just turned on the radio.;verb;غازله / فتح كلام;;;turned on;;;
2887;bedeckt;covered;Der Himmel ist echt bedeckt.;The sky is really overcast.;adjective;مغطّى;;;overcast;;;
2888;letztendlich;ultimately / in the end;Letztendlich hatten sie recht.;In the end, they were right.;adverb;في النهاية;;;In the end;;;
2889;vereinbart;agreed / arranged (formal);Wir haben einen Termin vereinbart.;We arranged an appointment.;verb;متفق عليه;;;arranged;;;
2890;Gemälde;painting;Das Gemälde ist echt wertvoll.;The painting is really valuable.;noun;لوحة;n;;painting;;;
2891;wissenschaftliche;scientific;Ich nehme lieber die wissenschaftliche Option.;I'd rather take the scientific option.;adjective;علمية;;;scientific;;;
2892;Spaziergang;walk / stroll;Wir machen einen Spaziergang im Park.;We are taking a walk in the park.;noun;مشوار / تمشية;m;;walk;;;
2893;erpressen;to blackmail;Er versucht, ihn zu erpressen.;He is trying to blackmail him.;verb;يبتز;;;blackmail;;;
2894;ohnmächtig;faint / powerless;Sie wurde gerade ohnmächtig.;She fainted just now.;adjective;مغمى عليه;;;fainted;;;
2895;Zirkus;circus;Der Zirkus kommt in die Stadt.;The circus is coming to town.;noun;سيرك;m;;circus;;;
2896;Frosch;frog;Ein Frosch sprang ins Wasser.;A frog jumped into the water.;noun;ضفدع;m;;frog;;;
2897;angebracht;appropriate / attached;Das wäre jetzt nicht angebracht.;That wouldn’t be appropriate right now.;adjective;مناسب;;;appropriate;;;
2898;original;original;Das ist ein originales Gemälde.;That is an original painting.;adjective;أصلي;;;original;;;
2899;ungeheuer;enormous / tremendous;Das ist echt eine ungeheure Leistung.;That is really an enormous achievement.;adjective;فظيع / وحش;;ungeheure;enormous;;;
2900;Journalist;journalist;Der Journalist stellt viele Fragen.;The journalist asks many questions.;noun;صحفي;m;;journalist;;;
2901;Tragödie;tragedy;Der Unfall war echt eine Tragödie.;The accident was really a tragedy.;noun;مأساة;f;;tragedy;;;
2902;verängstigt;frightened / scared;Das Kind war echt verängstigt.;The child was really frightened.;adjective;خايف;;;frightened;;;
2903;bewusstlos;unconscious;Er lag bewusstlos am Boden.;He lay unconscious on the ground.;adjective;فاقد الوعي;;;unconscious;;;
2904;Blödmann;idiot (insult);Sei kein Blödmann!;Don’t be an idiot!;noun;غبي;m;;idiot;;;
2905;aufklären;to clarify / enlighten;Der Arzt klärt den Patienten auf.;The doctor clarifies things for the patient.;verb;يوضح / يكشف;;klärt;clarifies;;;
2906;Krankenstation;infirmary / hospital wing;Er liegt auf der Krankenstation.;He is in the infirmary.;noun;عنبر / قسم مستشفى;f;;infirmary;;;
2907;Verständnis;understanding;Danke für dein Verständnis.;Thanks for your understanding.;noun;فهم;n;;understanding;;;
2908;sowie;as well as;Sie spricht Deutsch sowie Englisch.;She speaks German as well as English.;conjunction;وكمان;;;as well as;;;
2909;Krise;crisis;Die Firma steckt in einer Krise.;The company is in a crisis.;noun;أزمة;f;;crisis;;;
2910;Ethan;Ethan;Ethan ist gestern angekommen.;Ethan arrived yesterday.;noun;إيثان;;;Ethan;;;
2911;Coach;coach;Der Coach motiviert das Team.;The coach motivates the team.;noun;كوتش;m;;coach;;;
2912;Eimer;bucket;Der Eimer ist echt voll mit Wasser.;The bucket is really full of water.;noun;جردل;m;;bucket;;;
2913;Dreckskerl;bastard / scumbag;Dieser Dreckskerl hat mich belogen.;That bastard lied to me.;noun;وسخ (شتيمة);m;;bastard;;;
2914;Williams;Williams;Williams ist der neue Nachbar.;Williams is the new neighbor.;noun;ويليامز;;;Williams;;;
2915;Wohnzimmer;living room;Wir sitzen im Wohnzimmer.;We are sitting in the living room.;noun;الصالون / أوضة المعيشة;n;;living room;;;
2916;vergraben;to bury (an object);Sie haben die Kiste im Wald vergraben.;They buried the box in the forest.;verb;يدفن;;;buried;;;
2917;umwerfend;stunning;Sie sieht heute umwerfend aus.;She looks stunning today.;adjective;مذهل;;;stunning;;;
2918;aufgeführt;performed / listed;Das Stück wurde gestern aufgeführt.;The play was performed yesterday.;verb;اتعرض / اتقدم;;;performed;;;
2919;entworfen;designed;Das Haus wurde von ihm entworfen.;The house was designed by him.;verb;مصمّم;;;designed;;;
2920;Café;café;Wir treffen uns im Café.;We are meeting at the café.;noun;كافيه;n;;caf;;;
2921;Florida;Florida;Sie fliegen nach Florida.;They are flying to Florida.;noun;فلوريدا;n;;Florida;;;
2922;belasten;to burden / strain;Diese Verantwortung belastet ihn.;This responsibility burdens him.;verb;يضغط / يثقل;;belastet;burdens;;;
2923;Einfahrt;driveway / entrance;Park nicht vor der Einfahrt.;Don’t park in front of the driveway.;noun;مدخل عربية;f;;driveway;;;
2924;Aufregung;excitement;In der Aufregung habe ich alles vergessen.;In the excitement, I forgot everything.;noun;إثارة / توتر;f;;excitement;;;
2925;Anwesenheit;presence;In seiner Anwesenheit bin ich nervös.;In his presence, I get nervous.;noun;وجود;f;;presence;;;
2926;beachten;to pay attention to / follow;Bitte beachten Sie die Regeln.;Please follow the rules.;verb;يلاحظ / يراعي;;;follow;;;
2927;überwinden;to overcome;Er muss seine Angst überwinden.;He has to overcome his fear.;verb;يتغلب على;;;overcome;;;
2928;Nicole;Nicole;Nicole kommt später.;Nicole is coming later.;noun;نيكول;;;Nicole;;;
2929;Werbung;advertisement;Die Werbung läuft im Fernsehen.;The advertisement is running on TV.;noun;إعلان;f;;advertisement;;;
2930;geistig;mental / intellectual;Er ist geistig echt fit.;He is mentally really fit.;adjective;ذهني;;;mentally;;;
2931;Puls;pulse;Der Puls des Patienten ist echt stabil.;The patient’s pulse is really stable.;noun;نبض;m;;pulse;;;
2932;Christine;Christine;Christine hat mich angerufen.;Christine called me.;noun;كريستين;;;Christine;;;
2933;Sensoren;sensors;Die Sensoren reagieren auf Bewegung.;The sensors react to movement.;noun;حساسات;m;;sensors;;;
2934;Aufstieg;ascent / promotion;Der Aufstieg war echt anstrengend.;The climb was really exhausting.;noun;صعود;m;;climb;;;
2935;Kloster;monastery;Der Mönch lebt im Kloster.;The monk lives in the monastery.;noun;دير;n;;monastery;;;
2936;gießen;to pour / water (plants);Ich muss die Blumen gießen.;I need to water the flowers.;verb;يسقي;;;water;;;
2937;Aktivitäten;activities;Welche Aktivitäten gibt es heute?;What activities are there today?;noun;أنشطة;f;;activities;;;
2938;verdeckt;hidden / undercover;Er arbeitet verdeckt für die Polizei.;He works undercover for the police.;adjective;مستخبي;;;undercover;;;
2939;beauftragt;assigned / commissioned;Er wurde gerade mit der Aufgabe beauftragt.;He was assigned the task just now.;verb;مكلّف;;;assigned;;;
2940;Zone;zone;Dies ist eine gefährliche Zone.;This is a dangerous zone.;noun;منطقة;f;;zone;;;
2941;Quartier;quarters / district;Wir suchen ein neues Quartier.;We are looking for new quarters.;noun;سكن / مقر;n;;quarters;;;
2942;Früchte;fruits;Die Früchte sind echt reif.;The fruits are really ripe.;noun;فاكهة;f;;fruits;;;
2943;Bienen;bees;Die Bienen fliegen um den Stock.;The bees are flying around the hive.;noun;نحل;f;;bees;;;
2944;mitspielen;to join in / play along;Kann ich beim Spiel mitspielen?;Can I join the game?;verb;يشارك في اللعب;;;join;;;
2945;Mona;Mona;Mona wartet draußen.;Mona is waiting outside.;noun;مونا;;;Mona;;;
2946;Moskau;Moscow;Er reist nach Moskau.;He is traveling to Moscow.;noun;موسكو;n;;Moscow;;;
2947;Psychiater;psychiatrist;Ich habe morgen einen Termin beim Psychiater.;I have an appointment with the psychiatrist tomorrow.;noun;طبيب نفسي;m;;psychiatrist;;;
2948;sozialen;social;Die sozialen Medien verändern viel in unserer Welt.;Social media changes a lot in our world.;adjective;اجتماعي;;sozialen;Social;;;
2949;Penis;penis;Der Penis ist Teil des männlichen Genitals.;The penis is part of the male genitals.;noun;عضو ذكري;m;;penis;;;
2950;Schwachkopf;idiot / blockhead;Du bist echt ein Schwachkopf manchmal!;You're really an idiot sometimes!;noun;غبي / مغفل;m;;idiot;;;
2951;Meldung;report / message / announcement;Die aktuelle Meldung ist sehr wichtig für uns.;The current report is very important to us.;noun;تقرير / خبر;f;;report;;;
2952;Vorhang;curtain;Der Vorhang ist zu und blockiert die Sonne.;The curtain is closed and blocks the sun.;noun;ستارة;m;;curtain;;;
2953;sämtliche;all / complete;Sämtliche Flüge wurden wegen des Unwetters gestrichen.;All flights were canceled due to the storm.;adjective;كل / جميع;;Sämtliche;All;;;
2954;Einrichtung;furnishing / facility / institution;Die moderne Einrichtung der Wohnung gefällt mir ausgesprochen gut.;I like the modern furnishings of the apartment very much.;noun;فرش / مؤسسة;f;Einrichtung;furnishings;;;
2955;doof;silly / stupid;Das war im Nachhinein eine ziemlich doofe Idee von mir.;In retrospect, that was a pretty silly idea of mine.;adjective;غبي / عبيط;;doofe;silly;;;
2956;Koordinaten;coordinates;Das Navigationsgerät zeigte die genauen Koordinaten unseres Standorts an.;The navigation device displayed the exact coordinates of our location.;noun;إحداثيات;f;Koordinaten;coordinates;;;
2957;Nahrung;food / nourishment;Wasser und Nahrung sind für jedes Lebewesen überlebenswichtig.;Water and food are vital for every living creature.;noun;أكل / غذاء;f;Nahrung;food;;;
2958;Daumen;thumb;Ich drücke dir die Daumen für die Prüfung!;I'll keep my fingers crossed for your exam!;noun;إبهام;m;;keep my fingers crossed;;;
2959;Dschungel;jungle;Der Dschungel ist sehr dicht und voller Leben.;The jungle is very dense and full of life.;noun;غابة / أدغال;m;;jungle;;;
2960;Louise;Louise (name);Louise ist meine beste Freundin seit Kindheitstagen.;Louise has been my best friend since childhood.;noun;لويز;f;;Louise;;;
2961;Unterwäsche;underwear;Ich brauche neue Unterwäsche für den Urlaub.;I need new underwear for the vacation.;noun;هدوم داخلية;f;;underwear;;;
2962;durchkommen;to get through / survive;Ich muss da irgendwie durchkommen, egal wie schwer.;I have to get through this somehow, no matter how hard.;verb;يعدي / ينجد;;;get through;;;
2963;hurra;hurray / hooray;Hurra! Wir haben es geschafft!;Hooray! We made it!;interjection;هييه;;;Hooray;;;
2964;Detektiv;detective;Der Detektiv löste den Fall schnell.;The detective solved the case quickly.;noun;محقق / مخبر;m;;detective;;;
2965;Kummer;grief / sorrow / heartache;Sein Kummer war groß nach dem Verlust.;His grief was great after the loss.;noun;حزن / هم;m;;grief;;;
2966;abgerissen;torn down / demolished / ragged;Das alte Haus sah ganz abgerissen aus.;The old house looked completely dilapidated.;adjective;متهدم / مقطوع;;;dilapidated;;;
2967;schwitzen;to sweat;Ich schwitze immer beim Sport.;I always sweat during sports.;verb;يعرق;;schwitze;sweat;;;
2968;Krawatte;necktie / tie;Er trägt heute eine rote Krawatte.;He is wearing a red tie today.;noun;كرافتة;f;Krawatte;tie;;;
2969;beworben;applied (for) / promoted;Sie hat sich um die Stelle beworben.;She applied for the job.;verb;قدّم على;;beworben;applied for;;;
2970;marschieren;to march;Die Soldaten marschieren im Gleichschritt.;The soldiers march in step.;verb;يمشي / يزحف;;marschieren;march;;;
2971;nö;nah / nope;Willst du mitkommen? Nö.;Do you want to come along? Nope.;interjection;لأ;;;Nope;;;
2972;Villa;villa;Sie wohnen in einer großen Villa.;They live in a large villa.;noun;فيلا;f;Villa;villa;;;
2973;Ziege;goat;Auf der Alm weidet eine kleine Ziege auf den Felsen.;On the mountain pasture, a small goat grazes on the rocks.;noun;معزة;f;Ziege;goat;;;
2974;Ärztin;female doctor / physician;Die erfahrene Ärztin untersuchte das kranke Kind sehr gründlich.;The experienced doctor examined the sick child very thoroughly.;noun;دكتورة;f;Ärztin;doctor;;;
2975;aufschreiben;to write down / note down;Bitte schreib dir meine neue Telefonnummer gleich auf.;Please write down my new phone number right away.;verb;يكتب / يسجل;;schreib... auf;write down;;;
2976;Sorte;kind / sort / variety;Welche Sorte Eis schmeckt dir im Sommer am besten?;Which flavor of ice cream do you like best in summer?;noun;نوع / صنف;f;Sorte;flavor;;;
2977;Spinner;weirdo / nutcase / lunatic;Glaub ihm kein einziges Wort, der Typ ist doch ein Spinner!;Don't believe a single word of his, that guy is a lunatic!;noun;مجنون / مخبول;m;Spinner;lunatic;;;
2978;Whiskey;whiskey;Trinkst du lieber Whiskey oder Bier?;Do you prefer whiskey or beer?;noun;ويسكي;m;;whiskey;;;
2979;elektrischen;electrical / electric;Wir brauchen einen neuen elektrischen Herd.;We need a new electric stove.;adjective;كهربائي;;elektrischen;electric;;;
2980;sichergehen;to make sure / ensure;Ich möchte sichergehen, dass alles stimmt.;I want to make sure everything is correct.;verb;يتأكد;;;make sure;;;
2981;Alptraum;nightmare;Ich hatte letzte Nacht einen Alptraum.;I had a nightmare last night.;noun;كابوس;m;;nightmare;;;
2982;Vorräte;supplies / provisions / stores;Wir müssen unsere Vorräte überprüfen.;We need to check our supplies.;noun;مؤونة / مخزون;m;;supplies;;;
2983;Kommentar;comment / commentary;Dein Kommentar war sehr hilfreich für mich.;Your comment was very helpful for me.;noun;تعليق;m;;comment;;;
2984;Römer;Roman / Romans;Die Römer bauten viele Straßen in Europa.;The Romans built many roads in Europe.;noun;روماني;m;;Romans;;;
2985;Niere;kidney;Die Niere ist ein wichtiges Organ.;The kidney is an important organ.;noun;كلية;f;;kidney;;;
2986;Mars;Mars;Der Mars ist unser Nachbarplanet.;Mars is our neighboring planet.;noun;المريخ;m;;Mars;;;
2987;Dateien;files / data;Diese Dateien sind sehr wichtig für uns.;These files are very important for us.;noun;ملفات;f;;files;;;
2988;Master;master / master's degree;Dein Master dauert zwei Jahre, richtig?;Your Master's takes two years, right?;noun;ماجستير / سيد;m;;Master's;;;
2989;ausreichend;sufficient / enough;Das ist genug, das ist ausreichend.;That's enough, that is sufficient.;adjective;كافي;;;sufficient;;;
2990;behindert;disabled / handicapped;Der Zugang war durch Bauarbeiten behindert.;Access was hindered by construction work.;adjective;من ذوي الاحتياجات / معاق;;;hindered;;;
2991;Schachtel;box / carton / pack;Wo ist die Schachtel mit den Keksen?;Where is the box with the cookies?;noun;علبة;f;;box;;;
2992;anvertrauen;to entrust / confide;Ich kann ihm meine Geheimnisse anvertrauen.;I can entrust my secrets to him.;verb;يأتمن / يفضفض;;;entrust;;;
2993;Drohung;threat;Das ist eine ernste Drohung.;This is a serious threat.;noun;تهديد;f;;threat;;;
2994;Schwuchtel;faggot / queer (derogatory);Niemand sollte solche Schimpfwörter wie Schwuchtel benutzen.;No one should use slurs like faggot.;vocab/vulgar;شاذ (شتيمة);f;;faggot;;;
2995;Ente;duck / hoax;Die Ente schwimmt im Teich.;The duck is swimming in the pond.;noun;بطة;f;;duck;;;
2996;kreischen;to screech / shriek / scream;Die Kinder beginnen zu kreischen.;The children start to shriek.;verb;يصرخ / يزعق;;;shriek;;;
2997;schubsen;to shove / push;Bitte nicht schubsen!;Please don't push!;verb;يزق / يدفع;;;push;;;
2998;Kutsche;carriage / coach;Die alte Kutsche fuhr langsam durchs Dorf.;The old carriage slowly drove through the village.;noun;حنطور / عربية خيل;f;;carriage;;;
2999;tüte;bag / paper bag / plastic bag;Ich brauche eine Tüte für die Äpfel.;I need a bag for the apples.;noun;كيس / شنطة بلاستيك;f;;bag;;;
3000;Einspruch;objection / appeal;Der Anwalt legte sofort Einspruch gegen das Urteil ein.;The lawyer immediately lodged an objection against the verdict.;noun;اعتراض;m;;objection;;;
3001;Scheibe;slice / pane (glass) / disc;Ich hätte gerne eine Scheibe Brot.;I would like a slice of bread.;noun;شريحة / لوح زجاج;f;;slice;;;
3002;Gerede;talk / gossip / chatter;Kümmere dich nicht um das Gerede der Leute.;Don't bother about people's talk.;noun;كلام فاضي / رغي;n;;talk;;;
3003;Fußball;soccer / football;Spielst du gerne Fußball am Wochenende?;Do you like to play soccer on the weekend?;noun;كرة قدم;m;;soccer;;;
3004;durchaus;definitely / absolutely / quite;Das ist durchaus möglich, glaube ich.;That is quite possible, I believe.;adverb;جداً / تماماً;;;quite;;;
3005;Akzent;accent;Er spricht mit einem sehr charmanten Akzent.;He speaks with a very charming accent.;noun;لهجة;m;;accent;;;
3006;Mia;Mia (name);Das ist Mia, meine neue Kollegin.;This is Mia, my new colleague.;noun;ميا;f;;Mia;;;
3007;Nichte;niece;Das ist meine Nichte, sie heißt Anna.;This is my niece, her name is Anna.;noun;بنت الأخ / بنت الأخت;f;;niece;;;
3008;quer;across / diagonally / crosswise;Der Ball rollte quer über die Straße.;The ball rolled across the street.;adverb;بالعرض / بالعكس;;;across;;;
3009;erfordert;requires / demands;Diese Aufgabe erfordert viel Geduld und Zeit.;This task requires a lot of patience and time.;verb;يتطلب;;erfordert;requires;;;
3010;herunter;down / downwards;Komm doch mal schnell herunter!;Come down quickly!;adverb;تحت / لتحت;;;down;;;
3011;kippen;to tilt / tip over / dump;Sei vorsichtig, die Vase könnte kippen.;Be careful, the vase could tip over.;verb;يقلب / يميل;;;tip over;;;
3012;analysieren;to analyze;Wir müssen die Daten genau analysieren.;We need to analyze the data carefully.;verb;يحلل;;;analyze;;;
3013;Sektor;sector;Der öffentliche Sektor braucht neue Ideen.;The public sector needs new ideas.;noun;قطاع;m;;sector;;;
3014;feindliche;hostile / enemy;Wir sahen feindliche Schiffe am Horizont.;We saw hostile ships on the horizon.;adjective;عدائي / معادي;;feindliche;hostile;;;
3015;inspiriert;inspired;Dieses Bild hat mich wirklich inspiriert.;This picture really inspired me.;adjective;مُلهم;;inspiriert;inspired;;;
3016;mysteriöse;mysterious;Sie erzählte von einer mysteriösen Begegnung.;She told about a mysterious encounter.;adjective;غامض;;mysteriösen;mysterious;;;
3017;Shuttle;shuttle;Das Shuttle fliegt zum Raumschiff.;The shuttle flies to the spaceship.;noun;مكوك / باص نقل;n;;shuttle;;;
3018;moralische;moral / ethical;Er stand vor einer überaus schwierigen moralischen Entscheidung.;He faced an exceedingly difficult moral decision.;adjective;أخلاقي;;moralischen;moral;;;
3019;Wettbewerb;competition / contest;Unser junges Team hat den ersten Preis im bundesweiten Wettbewerb gewonnen.;Our young team won first prize in the nationwide competition.;noun;مسابقة / منافسة;m;Wettbewerb;competition;;;
3020;belegt;occupied / proven / booked;Alle Tische im gemütlichen Restaurant waren am Samstagabend vollständig belegt.;All tables in the cozy restaurant were completely occupied on Saturday evening.;adjective;محجوز / مشغول / متوثق;;belegt;occupied;;;
3021;glotzt;glares / stares / gawks;Warum glotzt du mich eigentlich die ganze Zeit so unverschämt an?;Why are you actually staring at me so brazenly the whole time?;verb;مبحلق / يبحلق;;glotzt... an;staring;;;
3022;anzünden;to light / ignite / set on fire;Er strich ein Streichholz an, um die Kerzen auf der Torte anzuzünden.;He struck a match to light the candles on the cake.;verb;يولع / يشعل;;anzuzünden;light;;;
3023;beurteilen;to judge / assess / evaluate;Man sollte die Lage genau beurteilen.;One should assess the situation carefully.;verb;يحكم على / يقيّم;;;assess;;;
3024;Politiker;politician;Der Politiker hält heute eine Rede.;The politician is giving a speech today.;noun;سياسي;m;;politician;;;
3025;Sirene;siren;Ich höre eine Sirene in der Ferne.;I hear a siren in the distance.;noun;سرينة / صفارة إنذار;f;;siren;;;
3026;zurzeit;currently / at present;Er arbeitet zurzeit an einem neuen Projekt.;He is currently working on a new project.;adverb;دلوقتي / في الوقت الحالي;;;currently;;;
3027;Entwicklung;development / progress;Die wirtschaftliche Entwicklung ist positiv.;The economic development is positive.;noun;تطوير / تنمية;f;;development;;;
3028;Schießerei;shootout / gunfight;Eine Schießerei ist hier passiert.;A shooting happened here.;noun;ضرب نار / اشتباك;f;;shooting;;;
3029;vorübergehend;temporary / temporarily;Das ist nur vorübergehend so.;This is only temporarily like that.;adjective;مؤقت;;;temporarily;;;
3030;eventuell;possibly / perhaps / potential;Eventuell komme ich später vorbei.;Possibly, I'll come by later.;adverb;ممكن / احتمال;;;Possibly;;;
3031;draus;out of it (daraus);Was wird wohl draus?;What will come of it?;adverb;منها / من ده;;;of it;;;
3032;Getränke;drinks / beverages;Ich hole uns Getränke.;I'll get us drinks.;noun;مشروبات;n;;drinks;;;
3033;Sieger;winner / victor;Er ist der Sieger des Rennens.;He is the winner of the race.;noun;فائز / كسبان;m;;winner;;;
3034;verschwiegen;discreet / secretive / concealed;Er ist sehr verschwiegen bei diesem Thema.;He is very secretive about this topic.;adjective;كتوم / متكتم;;;secretive;;;
3035;Loyalität;loyalty;Loyalität ist sehr wichtig in einer Freundschaft.;Loyalty is very important in a friendship.;noun;ولاء / إخلاص;f;;Loyalty;;;
3036;Kabel;cable / wire;Das Kabel verbindet den Fernseher mit dem Receiver.;The cable connects the TV to the receiver.;noun;كابل / سلك;n;;cable;;;
3037;religiöse;religious;Eine religiöse Zeremonie fand statt.;A religious ceremony took place.;adjective;ديني;;religiöse;religious;;;
3038;rauschen;to rush / rustle / hiss / white noise;Der Wind rauscht durch die Bäume.;The wind rustles through the trees.;verb;يشوشر / حفيف;;rauscht;rustles;;;
3039;leugnen;to deny;Er kann es nicht leugnen.;He cannot deny it.;verb;ينكر;;;deny;;;
3040;Yang;Yang (Yin-Yang);Yang ist das männliche Prinzip.;Yang is the male principle.;noun;يانغ;n;;Yang;;;
3041;egoistisch;selfish / egoistic;Er ist sehr egoistisch.;He is very selfish.;adjective;أناني;;;selfish;;;
3042;saufen;to drink heavily / booze;Mein Hund säuft viel Wasser.;My dog drinks a lot of water.;verb;يسكر / يشرب خمرة;;säuft;drinks;;;
3043;Vortrag;lecture / presentation / talk;Ich gehe heute zu einem interessanten Vortrag.;I am going to an interesting lecture today.;noun;محاضرة / عرض;m;Vortrag;lecture;;;
3044;Horn;horn;Sie spielt sehr gut das Waldhorn.;She plays the French horn very well.;noun;قرن / كبّاس / بوق;n;Waldhorn;French horn;;;
3045;Muskeln;muscles;Er trainiert seine Muskeln im Fitnessstudio.;He trains his muscles at the gym.;noun;عضلات;m;Muskeln;muscles;;;
3046;Stimmengewirr;babble of voices / hubbub;In der Bar gab es ein lautes Stimmengewirr.;In the bar, there was a loud din of voices.;noun;دوشة أصوات / لغط;n;Stimmengewirr;din of voices;;;
3047;Zwischenzeit;meantime / interval;In der Zwischenzeit können wir einen Kaffee trinken.;In the meantime, we can drink a coffee.;noun;الفترة اللي بينهم;f;Zwischenzeit;meantime;;;
3048;deprimiert;depressed;Sie ist heute sehr deprimiert wegen der Nachricht.;She is very depressed today because of the news.;adjective;مكتئب;;;depressed;;;
3049;Oberfläche;surface;Die Oberfläche dieses Tisches ist sehr glatt.;The surface of this table is very smooth.;noun;سطح;f;;surface;;;
3050;Vergebung;forgiveness / pardon;Er bat um Vergebung für seine Fehler.;He asked for forgiveness for his mistakes.;noun;مغفرة / مسامحة;f;;forgiveness;;;
3051;Teenager;teenager / teen;Viele Teenager lieben Videospiele.;Many teenagers love video games.;noun;مراهق;m;;teenagers;;;
3052;Anfall;seizure / fit / attack;Sie hatte einen epileptischen Anfall.;She had an epileptic seizure.;noun;نوبة;m;;seizure;;;
3053;Bevölkerung;population;Die Bevölkerung wächst schnell in dieser Stadt.;The population is growing fast in this city.;noun;سكان / تعداد سكاني;f;;population;;;
3054;Single;single (unmarried/solo);Bist du noch Single oder hast du jemand?;Are you still single or do you have someone?;noun;سنجل / أعزب;m;;single;;;
3055;Koma;coma;Nach dem Unfall lag er im Koma.;After the accident, he was in a coma.;noun;غيبوبة;n;;coma;;;
3056;Atmosphäre;atmosphere;Die Atmosphäre im Raum war entspannt.;The atmosphere in the room was relaxed.;noun;جو / الغلاف الجوي;f;;atmosphere;;;
3057;begehrt;coveted / in demand / sought-after;Diese Eintrittskarten sind sehr begehrt.;These tickets are very sought-after.;adjective;مرغوب / مطلوب;;;sought-after;;;
3058;Galaxie;galaxy;Unsere Galaxie heißt Milchstraße.;Our galaxy is called the Milky Way.;noun;مجرة;f;;galaxy;;;
3059;Gene;genes;Unsere Gene bestimmen vieles.;Our genes determine a lot.;noun;جينات;n;;genes;;;
3060;Steak;steak;Ich mag mein Steak medium.;I like my steak medium.;noun;ستيك;n;;steak;;;
3061;Zoo;zoo;Ich gehe oft in den Zoo.;I often go to the zoo.;noun;حديقة حيوان;m;;zoo;;;
3062;karre;cart / barrow / ride (car);Meine alte Karre startet nicht mehr.;My old clunker doesn't start anymore.;noun;عربية;f;;clunker;;;
3063;Jan;Jan (name);Jan ist mein bester Freund.;Jan is my best friend.;noun;يان;m;;Jan;;;
3064;nochmals;once again / once more;Kannst du das nochmals sagen?;Can you say that again?;adverb;تاني / مرة تانية;;;again;;;
3065;Temperatur;temperature;Die Temperatur steigt schnell.;The temperature is rising quickly.;noun;درجة حرارة;f;;temperature;;;
3066;Wodka;vodka;Möchtest du einen Wodka?;Would you like a vodka?;noun;فودكا;m;;vodka;;;
3067;ansteckend;contagious / infectious;Ist diese Krankheit ansteckend?;Is this disease contagious?;adjective;معدي;;;contagious;;;
3068;neigen;to tend / lean / incline;Ich neige dazu, Dinge schnell zu vergessen.;I tend to forget things quickly.;verb;يميل إلى;;neige;tend;;;
3069;Zerstörung;destruction;Der Sturm verursachte große Zerstörung in der Stadt.;The storm caused great destruction in the city.;noun;دمار / تدمير;f;;destruction;;;
3070;Grundstück;property / plot of land;Sie haben ein schönes Grundstück am See gekauft.;They bought a beautiful plot of land by the lake.;noun;قطعة أرض / عقار;n;;plot of land;;;
3071;Gräfin;countess;Wir haben die Gräfin auf dem Ball getroffen.;We met the countess at the ball.;noun;كونتيسة;f;;countess;;;
3072;Tattoo;tattoo;Er hat sich ein neues Tattoo stechen lassen.;He got a new tattoo.;noun;تاتو / وشم;n;;tattoo;;;
3073;fügen;to submit / comply;Er musste sich schließlich der Entscheidung fügen.;In the end, he had to comply with the decision.;verb;يرضخ;;;comply;;;
3074;Pornos;porn movies / porn;Er schaut spät abends heimlich Pornos im Internet.;He secretly watches porn movies on the internet late at night.;noun;أفلام إباحية;m;;porn movies;;;
3075;aggressiv;aggressive;Der Hund wird aggressiv, wenn Fremde an den Zaun kommen.;The dog gets aggressive when strangers come near the fence.;adjective;عدواني;;;aggressive;;;
3076;hinbringen;to take (someone/something) there;Kannst du mich morgen früh zum Bahnhof hinbringen?;Can you take me to the train station tomorrow morning?;verb;يوصل;;;take;;;
3077;verkleidet;disguised / dressed up;Er kam als Detektiv verkleidet zur Party.;He came to the party disguised as a detective.;adjective;متنكر;;;disguised;;;
3078;beruflich;professionally / for work;Sie muss beruflich oft für ein paar Tage verreisen.;She often has to travel for work for a few days.;adverb;في الشغل;;;for work;;;
3079;verreisen;to go on a trip / travel;Wir wollen über das verlängerte Wochenende verreisen.;We want to go away on a trip over the long weekend.;verb;يسافر;;;go away on a trip;;;
3080;Masse;crowd / mass;Er wollte sich aus der Masse abheben und seinen eigenen Weg gehen.;He wanted to stand out from the crowd and go his own way.;noun;الزحمة;f;;crowd;;;
3081;Mutti;mom / mum;Ich rufe jeden Sonntag meine Mutti an.;I call my mom every Sunday.;noun;ماما;f;;mom;;;
3082;mahlzeit;enjoy your meal;Wenn die Kollegen zur Mittagspause gehen, sagen sie einfach Mahlzeit!;When colleagues head to lunch break, they simply say enjoy your meal!;interjection;بالهنا والشفا;;Mahlzeit;enjoy your meal!;;;
3083;unabhängig;independent;Sie möchte nach dem Studium finanziell unabhängig sein.;She wants to be financially independent after graduation.;adjective;مستقل;;;independent;;;
3084;Vollidiot;complete idiot / moron;Der Fahrer hat mir die Vorfahrt genommen, so ein Vollidiot!;That driver cut me off, what a complete idiot!;noun;غبي جداً;m;;complete idiot;;;
3085;Alfred;Alfred;Alfred hat gestern seinen sechzigsten Geburtstag gefeiert.;Alfred celebrated his sixtieth birthday yesterday.;noun;ألفريد;m;;Alfred;;;
3086;Nachbarschaft;neighborhood;In unserer Nachbarschaft wohnen viele Familien mit kleinen Kindern.;In our neighborhood live many families with small children.;noun;الجيرة;f;;neighborhood;;;
3087;Vieh;livestock / cattle;Der Bauer füttert jeden Morgen früh das Vieh.;The farmer feeds the livestock early every morning.;noun;مواشي;n;;livestock;;;
3088;ausgeflippt;freaked out / flipped out;Als mein Vater das Zeugnis sah, ist er total ausgeflippt.;When my father saw the report card, he totally freaked out.;adjective;اتجنن;;;freaked out;;;
3089;fernhalten;to keep away / stay away;Du solltest dich von solchen schlechten Einflüssen fernhalten.;You should keep away from such bad influences.;verb;يبعد عن;;;keep away;;;
3090;fies;mean / nasty;Sei doch nicht so fies zu deinem kleinen Bruder!;Don't be so mean to your little brother!;adjective;لئيم;;;mean;;;
3091;Gelände;premises / grounds;Das Betreten von diesem Gelände ist strengstens verboten.;Entering these premises is strictly forbidden.;noun;منطقة;n;;premises;;;
3092;Telegramm;telegram;Früher schickte man wichtige Nachrichten schnell per Telegramm.;In the past, people sent important news quickly by telegram.;noun;تلغراف;n;;telegram;;;
3093;Houston;Houston;Mein Cousin arbeitet seit zwei Jahren als Ingenieur in Houston.;My cousin has been working as an engineer in Houston for two years.;noun;هيوستن;n;;Houston;;;
3094;aufgeht;opens / works out;Ich hoffe wirklich sehr, dass unser gemeinsamer Plan aufgeht.;I really hope very much that our shared plan works out.;verb;يظبط;;;works out;;;
3095;aktuellen;current / latest;In den aktuellen Nachrichten wird über den Streik der Bahn berichtet.;The current news is reporting on the train strike.;adjective;الحالي;;;current;;;
3096;Lydia;Lydia;Lydia hat heute einen selbstgebackenen Kuchen ins Büro mitgebracht.;Lydia brought a homemade cake to the office today.;noun;ليديا;f;;Lydia;;;
3097;umsehen;to look around;Darf ich mich in Ihrem Geschäft erst mal in Ruhe umsehen?;May I just look around quietly in your shop first?;verb;يتفرج;;;look around;;;
3098;Handlung;plot / action;Die Handlung von dem neuen Krimi war von Anfang bis Ende spannend.;The plot of the new detective story was exciting from beginning to end.;noun;حبكة;f;;plot;;;
3099;überqueren;to cross;Die Kinder müssen an der Ampel vorsichtig die Straße überqueren.;The children have to cross the street carefully at the traffic light.;verb;يعدي;;;cross;;;
3100;Helm;helmet;Beim Fahrradfahren solltest du zur Sicherheit immer einen Helm tragen.;When riding a bike, you should always wear a helmet for safety.;noun;خوذة;m;;helmet;;;
3101;bearbeitet;processed / edited;Ihr Antrag wird von unseren Mitarbeitern so schnell wie möglich bearbeitet.;Your application is being processed by our staff as quickly as possible.;verb;اتعالج;;;processed;;;
3102;Mandanten;client / clients;Der Anwalt bespricht die Akte heute mit seinem neuen Mandanten.;The lawyer is discussing the file today with his new client.;noun;موكل;m;;client;;;
3103;römischen;Roman;Wir haben im Urlaub die alten römischen Bäder besichtigt.;On vacation we visited the ancient Roman baths.;adjective;روماني;;;Roman;;;
3104;Frühling;spring;Im Frühling wird es draußen endlich wieder warm und grün.;In spring, it finally gets warm and green outside again.;noun;الربيع;m;;spring;;;
3105;Versager;loser / failure;Nur weil du einmal gescheitert bist, bist du noch lange kein Versager.;Just because you failed once doesn't make you a loser.;noun;فاشل;m;;loser;;;
3106;Geheimdienst;intelligence service / secret service;Er arbeitet angeblich schon seit Jahren für den Geheimdienst.;He has allegedly been working for the secret service for years.;noun;مخابرات;m;;secret service;;;
3107;wegkommen;to get away / leave;Ich habe heute so viel zu tun, dass ich kaum vom Schreibtisch wegkommen kann.;I have so much to do today that I can hardly get away from my desk.;verb;يخلع;;;get away;;;
3108;Testament;will / testament;Mein Großvater hat sein Testament vor vielen Jahren beim Notar gemacht.;My grandfather made his will with the notary many years ago.;noun;وصية;n;;will;;;
3109;schmelzen;to melt;Lass das Eis nicht in der warmen Sonne schmelzen!;Don't let the ice cream melt in the warm sun!;verb;يدوب;;;melt;;;
3110;Schweden;Sweden;Wir verbringen unseren Sommerurlaub dieses Jahr in einer Hütte in Schweden.;We are spending our summer vacation this year in a cabin in Sweden.;noun;السويد;n;;Sweden;;;
3111;wisch;wipe;Bitte wisch kurz den Tisch ab, bevor wir essen!;Please wipe the table quickly before we eat!;verb;امسح;;;wipe;;;
3112;unterdrückt;suppressed / oppressed;Sie hat ihre Tränen die ganze Zeit mit aller Kraft unterdrückt.;She suppressed her tears the whole time with all her strength.;verb;كبت;;;suppressed;;;
3113;Gegensatz;contrast / opposite;Im Gegensatz zu gestern scheint heute die ganze Zeit die Sonne.;In contrast to yesterday, the sun is shining all the time today.;noun;عكس;m;;contrast;;;
3114;unerwartet;unexpected / unexpectedly;Sein plötzlicher Besuch kam für uns gestern Abend völlig unerwartet.;His sudden visit came completely unexpected to us last night.;adjective;غير متوقع;;;unexpected;;;
3115;Verfassung;condition / state;Nach dem langen Lauf war er körperlich in einer erstaunlich guten Verfassung.;After the long run, he was physically in surprisingly good condition.;noun;حالة;f;;condition;;;
3116;adoptiert;adopted;Meine Nachbarn haben vor zwei Jahren ein kleines Kätzchen adoptiert.;My neighbors adopted a little kitten two years ago.;verb;تبنى;;;adopted;;;
3117;Christen;Christians;An Heiligabend gehen viele Christen gemeinsam in die Kirche.;On Christmas Eve, many Christians go to church together.;noun;مسيحيين;m;;Christians;;;
3118;nördlich;north / northern;Die kleine Stadt liegt etwa dreißig Kilometer nördlich von Hamburg.;The small town is located about thirty kilometers north of Hamburg.;adjective;شمال;;;north;;;
3119;fürchterlich;terrible / awful;Die Suppe in der Kantine hat heute wirklich fürchterlich geschmeckt.;The soup in the cafeteria tasted really terrible today.;adjective;فظيع;;;terrible;;;
3120;Beschreibung;description;Die Beschreibung auf der Verpackung ist leider ziemlich schwer zu verstehen.;The description on the packaging is unfortunately quite hard to understand.;noun;وصف;f;;description;;;
3121;Fuchs;fox;Gestern Nacht ist ein kleiner Fuchs durch unseren Garten geschlichen.;Last night, a little fox crept through our garden.;noun;تعلب;m;;fox;;;
3122;Heroin;heroin;Die Polizei fand bei der Kontrolle eine verdächtige Substanz, die sich als Heroin herausstellte.;During the inspection, the police found a suspicious substance that turned out to be heroin.;noun;هيروين;n;;heroin;;;
3123;Eintrag;entry / record;Ich habe den Termin als neuen Eintrag im Kalender gespeichert.;I saved the appointment as a new entry in the calendar.;noun;تسجيل;m;;entry;;;
3124;melancholische;melancholic / gloomy;Das Lied hat eine wunderschöne, aber melancholische Melodie.;The song has a wonderful, but melancholic melody.;adjective;حزين;;;melancholic;;;
3125;Notruf;emergency call;Bei einem schweren Unfall sollte man sofort den Notruf wählen.;In case of a serious accident, you should immediately dial the emergency call.;noun;مكالمة طوارئ;m;;emergency call;;;
3126;aufbewahrt;kept / stored;Wichtige Unterlagen werden bei uns sicher im Schrank aufbewahrt.;Important documents are kept safely in the cabinet at our place.;verb;محفوظ;;;kept;;;
3127;Kasse;checkout / cash register;An der Kasse im Supermarkt gab es heute eine lange Schlange.;At the checkout in the supermarket, there was a long line today.;noun;الكاشير;f;;checkout;;;
3128;Anton;Anton;Anton holt seine Tochter jeden Nachmittag vom Kindergarten ab.;Anton picks up his daughter from kindergarten every afternoon.;noun;أنطون;m;;Anton;;;
3129;hinkriegen;to manage / pull off;Mach dir keine Sorgen, das schwierige Problem wirst du schon hinkriegen.;Don't worry, you will definitely manage the difficult problem.;verb;يظبطها;;;manage;;;
3130;pumpen;to pump;Vor der Radtour müssen wir noch etwas Luft in die Reifen pumpen.;Before the bike tour, we still need to pump some air into the tires.;verb;ينفخ;;;pump;;;
3131;Herzinfarkt;heart attack;Er musste schnell ins Krankenhaus, weil er einen Herzinfarkt hatte.;He had to go to the hospital quickly because he had a heart attack.;noun;أزمة قلبية;m;;heart attack;;;
3132;marsch;march! / get moving!;Zieht eure Schuhe an und ab nach draußen, marsch!;Put on your shoes and off outside, march!;interjection;يلا بسرعة;;;march;;;
3133;Blutung;bleeding;Die Krankenschwester konnte die Blutung an seinem Arm schnell stoppen.;The nurse was able to stop the bleeding on his arm quickly.;noun;نزيف;f;;bleeding;;;
3134;Herrin;mistress;Der treue Hund läuft seiner Herrin überall hinterher.;The loyal dog follows its mistress everywhere.;noun;سيدة;f;;mistress;;;
3135;Marcel;Marcel;Marcel hat seiner Freundin gestern einen großen Blumenstrauß geschenkt.;Marcel gave his girlfriend a big bouquet of flowers yesterday.;noun;مارسيل;m;;Marcel;;;
3136;elegant;elegant;Sie sieht in ihrem neuen Abendkleid wirklich sehr elegant aus.;She looks really very elegant in her new evening dress.;adjective;شيك;;;elegant;;;
3137;Illusion;illusion;Dass man ohne Fleiß Erfolg haben kann, ist eine reine Illusion.;That one can have success without hard work is pure illusion.;noun;وهم;f;;illusion;;;
3138;orange;orange;Beim Sonnenuntergang färbte sich der ganze Himmel wunderschön orange.;At sunset, the whole sky turned beautifully orange.;adjective;برتقالي;;;orange;;;
3139;evakuieren;to evacuate;Wegen des Hochwassers musste man das gesamte Dorf evakuieren.;Because of the flood, they had to evacuate the entire village.;verb;يخلي;;;evacuate;;;
3140;unterschätzt;underestimated;Wir haben den Verkehr auf der Autobahn leider völlig unterschätzt.;Unfortunately, we completely underestimated the traffic on the highway.;verb;استهان بـ;;;underestimated;;;
3141;überschritten;crossed / exceeded;Mit dieser frechen Bemerkung hat er eine Grenze überschritten.;With this cheeky remark, he crossed a line.;verb;تجاوز;;;crossed;;;
3142;verstärkt;intensified / reinforced;Der ständige Regen hat unsere Sorgen nur noch verstärkt.;The constant rain only intensified our worries even more.;verb;زوّد;;;intensified;;;
3143;Bach;brook / stream;Hinter unserem Haus fließt ein kleiner Bach durch den Wald.;Behind our house, a small brook flows through the forest.;noun;جدول مية;m;;brook;;;
3144;Organe;organs;Gesunde Ernährung schützt das Herz und andere wichtige Organe.;Healthy nutrition protects the heart and other important organs.;noun;أعضاء;n;;organs;;;
3145;abstellen;to park / put down;Du kannst dein Fahrrad drüben im Hof abstellen.;You can park your bicycle over in the courtyard.;verb;يركن;;;park;;;
3146;naiv;naive;Es war ziemlich naiv zu glauben, dass niemand etwas bemerkt.;It was quite naive to believe that nobody would notice anything.;adjective;ساذج;;;naive;;;
3147;Verhaftung;arrest;Die Polizei gab heute die Verhaftung der Diebe bekannt.;The police announced the arrest of the thieves today.;noun;قبض;f;;arrest;;;
3148;Melodie;melody / tune;Ich habe die Melodie von diesem alten Lied noch genau im Kopf.;I still have the melody of this old song clearly in my head.;noun;لحن;f;;melody;;;
3149;Tonnen;tons;Der schwere Lastwagen transportiert zwanzig Tonnen Sand.;The heavy truck is transporting twenty tons of sand.;noun;أطنان;f;;tons;;;
3150;Bohnen;beans;Meine Großmutter pflanzt jeden Frühling grüne Bohnen im Garten.;My grandmother plants green beans in the garden every spring.;noun;فاصوليا;f;;beans;;;
3151;erstellen;to create / draw up;Wir müssen für das neue Projekt noch einen genauen Plan erstellen.;We still need to create a detailed plan for the new project.;verb;يعمل;;;create;;;
3152;rechtfertigen;to justify;Er wollte sein unhöfliches Verhalten mit Müdigkeit rechtfertigen.;He wanted to justify his rude behavior with tiredness.;verb;يبرر;;;justify;;;
3153;Oktober;October;Im Oktober färben sich die Blätter an den Bäumen bunt.;In October, the leaves on the trees turn colorful.;noun;أكتوبر;m;;October;;;
3154;jubeln;to cheer;Die Zuschauer jubeln laut, als der Ball ins Tor fliegt.;The spectators cheer loudly when the ball flies into the goal.;verb;يهلل;;;cheer;;;
3155;zart;tender;Das gebratene Fleisch war wunderbar zart und saftig.;The roasted meat was wonderfully tender and juicy.;adjective;طري;;;tender;;;
3156;geradeaus;straight ahead;Gehen Sie an der Ampel einfach fünfzig Meter geradeaus.;At the traffic light, just walk fifty meters straight ahead.;adverb;على طول;;;straight ahead;;;
3157;Kartoffeln;potatoes;Zum Mittagessen gibt es heute Fisch mit gekochten Kartoffeln.;For lunch today there is fish with boiled potatoes.;noun;بطاطس;f;;potatoes;;;
3158;Vernunft;common sense / reason;In einer solchen Krise muss man auf seine Vernunft hören.;In such a crisis, one has to listen to common sense.;noun;عقل;f;;common sense;;;
3159;nüchtern;sober;Wer mit dem Auto fährt, sollte am Abend nüchtern bleiben.;Whoever drives a car should stay sober in the evening.;adjective;صاحي مش شارب;;;sober;;;
3160;ausleihen;to borrow;Darf ich mir für das Wochenende deine Bohrmaschine ausleihen?;May I borrow your power drill for the weekend?;verb;يستلف;;;borrow;;;
3161;saugen;to vacuum;Ich muss vor dem Besuch noch schnell den Teppich saugen.;I still need to quickly vacuum the carpet before the guests arrive.;verb;يكنس بالمكنسة;;;vacuum;;;
3162;Priorität;priority;Die Sicherheit der Fahrgäste hat für uns oberste Priorität.;The safety of the passengers has top priority for us.;noun;أولوية;f;;priority;;;
3163;Pardon;pardon / excuse me;Pardon, ich wollte Ihnen nicht auf den Fuß treten!;Pardon, I didn't mean to step on your foot!;interjection;لا مؤاخذة;;;Pardon;;;
3164;Weisheit;wisdom;Mein Großvater teilte oft seine Weisheit mit der ganzen Familie.;My grandfather often shared his wisdom with the whole family.;noun;حكمة;f;;wisdom;;;
3165;Trost;comfort / consolation;Nach dem schweren Verlust fand sie bei ihren Freunden Trost.;After the heavy loss, she found comfort with her friends.;noun;مواساة;m;;comfort;;;
3166;Kanada;Canada;Sie möchte nächsten Sommer für drei Wochen nach Kanada reisen.;She wants to travel to Canada for three weeks next summer.;noun;كندا;n;;Canada;;;
3167;beamen;to beam / teleport;Manchmal möchte man sich nach der Arbeit einfach nach Hause beamen.;Sometimes after work, you just want to beam yourself home.;verb;ينقل فوراً;;;beam;;;
3168;Zivilisten;civilians;Die Soldaten brachten die unschuldigen Zivilisten in Sicherheit.;The soldiers brought the innocent civilians to safety.;noun;مدنيين;m;;civilians;;;
3169;Analyse;analysis;Die genaue Analyse des Berichts hat viele Schwachstellen gezeigt.;The detailed analysis of the report showed many weak points.;noun;تحليل;f;;analysis;;;
3170;Umschlag;envelope;Sie legte den Brief in einen weißen Umschlag und klebte ihn zu.;She put the letter into a white envelope and sealed it.;noun;ظرف;m;;envelope;;;
3171;ungut;uneasy / uncomfortable;Ich hatte von Anfang an ein ungutes Gefühl bei dieser Sache.;I had an uneasy feeling about this matter right from the start.;adjective;مش مريح;;ungutes;uneasy;;;
3172;Kai;Kai;Kai hilft seinem Nachbarn heute beim Streichen der Wohnung.;Kai is helping his neighbor paint the apartment today.;noun;كاي;m;;Kai;;;
3173;flagge;flag;Vor dem Rathaus weht heute die deutsche Flagge im Wind.;In front of town hall, the German flag is fluttering in the wind today.;noun;عَلَم;f;Flagge;flag;;;
3174;Kredit;loan / credit;Wir müssen bei der Bank einen Kredit aufnehmen, um das Haus zu kaufen.;We have to take out a loan from the bank to buy the house.;noun;قرض;m;;loan;;;
3175;Informanten;informant / informants;Die Polizei hat den entscheidenden Tipp von einem Informanten bekommen.;The police got the crucial tip from an informant.;noun;مرشد;m;;informant;;;
3176;Heilmittel;cure / remedy;Gegen diese Erkältung ist heißer Tee mit Honig das beste Heilmittel.;Against this cold, hot tea with honey is the best remedy.;noun;علاج;n;;remedy;;;
3177;Ratschläge;advice / tips;Mein Vater gibt mir immer nützliche Ratschläge für meine Karriere.;My father always gives me useful advice for my career.;noun;نصايح;m;;advice;;;
3178;jugendliche;youthful / teenage;Viele jugendliche Sportler trainieren fast jeden Tag im Verein.;Many teenage athletes train almost every day at the club.;adjective;مراهق;;;teenage;;;
3179;registriert;registered;Hast du dich schon auf der Website für den Kurs registriert?;Have you already registered on the website for the course?;verb;سجل;;;registered;;;
3180;unfair;unfair;Es ist unfair, dass nur die Praktikanten am Wochenende arbeiten müssen.;It is unfair that only the interns have to work on the weekend.;adjective;مش عادل;;;unfair;;;
3181;Oper;opera;Meine Großeltern gehen am Sonntagabend gerne in die Oper.;My grandparents like going to the opera on Sunday evening.;noun;أوبرا;f;;opera;;;
3182;anwenden;to apply / use;Diese Methode kann man in der Praxis leider nicht so einfach anwenden.;Unfortunately, you cannot apply this method so easily in practice.;verb;يطبق;;;apply;;;
3183;trösten;to comfort / console;Er versuchte, seine traurige Schwester mit Schokolade zu trösten.;He tried to comfort his sad sister with chocolate.;verb;يواسي;;;comfort;;;
3184;Verspätung;delay;Der ICE nach Berlin hat heute leider eine halbe Stunde Verspätung.;The ICE train to Berlin unfortunately has a half-hour delay today.;noun;تأخير;f;;delay;;;
3185;jammern;to complain / whine;Du solltest nicht immer nur jammern, sondern das Problem endlich lösen.;You shouldn't always just complain, but finally solve the problem.;verb;يشتكي;;;complain;;;
3186;künstliche;artificial;In der dunklen Ecke des Flurs stehen nur künstliche Blumen.;In the dark corner of the hallway, there are only artificial flowers.;adjective;صناعي;;;artificial;;;
3187;Kellner;waiter;Der Kellner hat uns sehr freundlich begrüßt und die Getränke serviert.;The waiter greeted us very warmly and served the drinks.;noun;جرسون;m;;waiter;;;
3188;Spezies;species;Auf dieser abgelegenen Insel lebt eine ganz seltene Spezies von Schildkröten.;A very rare species of turtle lives on this remote island.;noun;فصيلة;f;;species;;;
3189;schleifen;to sand / grind;Ich muss den alten Holztisch gründlich schleifen, bevor ich ihn lackiere.;I need to sand the old wooden table thoroughly before I paint it.;verb;يصنفر;;;sand;;;
3190;widersprechen;to contradict / disagree;Ich muss dir leider widersprechen, denn die Zahlen stimmen so nicht.;I unfortunately have to disagree with you, because the numbers are not correct.;verb;يعارض;;;disagree;;;
3191;Ofen;oven / stove;Die Pizza muss noch zehn Minuten im heißen Ofen bleiben.;The pizza still needs to stay in the hot oven for ten minutes.;noun;فرن;m;;oven;;;
3192;klatschen;to clap / applaud;Nach der Rede fingen alle Leute im Saal begeistert an zu klatschen.;After the speech, everyone in the hall enthusiastically started to applaud.;verb;يسقف;;;applaud;;;
3193;bißchen;a bit / a little;Ich brauche am Wochenende einfach ein bißchen Ruhe zum Entspannen.;I simply need a bit of quiet on the weekend to relax.;adverb;شوية;;;a bit;;;
3194;Erfindung;invention;Das Internet ist ohne Zweifel eine großartige Erfindung.;The internet is without a doubt a great invention.;noun;اختراع;f;;invention;;;
3195;Leber;liver;Der Arzt hat gesagt, dass seine Leber wieder völlig gesund ist.;The doctor said that his liver is completely healthy again.;noun;كبدة;f;;liver;;;
3196;riskant;risky;Bei diesem dichten Nebel so schnell zu fahren, ist wirklich riskant.;Driving so fast in this dense fog is really risky.;adjective;خطير;;;risky;;;
3197;Gürtel;belt;Ohne einen Gürtel rutscht mir diese Jeans immer herunter.;Without a belt, these jeans keep sliding down on me.;noun;حزام;m;;belt;;;
3198;Ronnie;Ronnie;Ronnie hat gestern Abend eine tolle Party in seiner Wohnung gegeben.;Ronnie threw a great party at his apartment yesterday evening.;noun;روني;m;;Ronnie;;;
3199;Sauerstoff;oxygen;Mach bitte das Fenster auf, wir brauchen dringend frischen Sauerstoff im Zimmer.;Please open the window, we urgently need fresh oxygen in the room.;noun;أكسجين;m;;oxygen;;;
3200;Rebellen;rebels;Die Rebellen besetzten über Nacht die wichtigste Brücke der Stadt.;The rebels occupied the city's most important bridge overnight.;noun;متمردين;m;;rebels;;;
3201;Transport;transport / transportation;Der Transport der neuen Möbel zur Wohnung verlief reibungslos.;The transport of the new furniture to the apartment went smoothly.;noun;نقل;m;;transport;;;
3202;programmiert;programmed;Mein Bruder hat ein einfaches Computerspiel für sein Handy programmiert.;My brother programmed a simple computer game for his mobile phone.;verb;برمج;;;programmed;;;
3203;Zettel;note / slip of paper;Sie hat ihre Einkaufsliste auf einen kleinen Zettel geschrieben.;She wrote her shopping list on a small slip of paper.;noun;ورقة صغيرة;m;;slip of paper;;;
3204;Bargeld;cash;Ich habe leider kein Bargeld dabei, kann man hier auch mit Karte zahlen?;Unfortunately I don't have any cash on me, can one also pay by card here?;noun;كاش;n;;cash;;;
3205;Saft;juice;Ich trinke morgens zum Frühstück am liebsten ein frisches Glas Saft.;In the morning for breakfast, I prefer drinking a fresh glass of juice.;noun;عصير;m;;juice;;;
3206;beschaffen;to procure / obtain;Er konnte die seltenen Ersatzteile für das Auto schnell beschaffen.;He was able to procure the rare spare parts for the car quickly.;verb;يوفر;;;procure;;;
3207;gewalttätig;violent;Einige Demonstranten wurden gegen Ende der Kundgebung leider gewalttätig.;Unfortunately, some protesters turned violent towards the end of the rally.;adjective;عنيف;;;violent;;;
3208;göttliche;divine;In vielen alten Geschichten hofften die Menschen auf göttliche Hilfe.;In many ancient stories, people hoped for divine help.;adjective;إلهي;;;divine;;;
3209;lahm;slow / lame;Unsere Internetverbindung ist heute Abend wieder furchtbar lahm.;Our internet connection is terribly slow again tonight.;adjective;بطيء;;;slow;;;
3210;Kandidaten;candidates;Beide Kandidaten stellten ihre Pläne für das neue Projekt vor.;Both candidates presented their plans for the new project.;noun;مرشحين;m;;candidates;;;
3211;trommeln;to drum / beat;Hör bitte auf, mit den Fingern nervös auf den Tisch zu trommeln!;Please stop drumming nervously on the table with your fingers!;verb;يطبل;;;drumming;;;
3212;Gitarre;guitar;Er nimmt seit drei Monaten Unterricht und spielt schon ziemlich gut Gitarre.;He has been taking lessons for three months and already plays guitar quite well.;noun;جيتار;f;;guitar;;;
3213;Metall;metal;Dieses Regal ist nicht aus Holz gefertigt, sondern aus schwerem Metall.;This shelf is not made of wood, but of heavy metal.;noun;معدن;n;;metal;;;
3214;Instrument;instrument;Sie spielt Geige, aber sie möchte noch ein zweites Instrument lernen.;She plays the violin, but she would like to learn a second instrument.;noun;آلة;n;;instrument;;;
3215;Salat;salad;Zum Mittagessen bestelle ich mir meistens einen frischen Salat mit Hähnchen.;For lunch, I usually order a fresh salad with chicken.;noun;سلطة;m;;salad;;;
3216;ermöglicht;enables / allows;Das Stipendium ermöglicht ihm ein Auslandssemester in Paris.;The scholarship enables him to spend a semester abroad in Paris.;verb;يتيح;;;enables;;;
3217;platziert;placed;Der Kellner hat die Gläser ordentlich auf dem Tablett platziert.;The waiter neatly placed the glasses on the tray.;verb;حط;;;placed;;;
3218;Strategie;strategy;Das Unternehmen braucht dringend eine neue Strategie für die Vermarktung.;The company urgently needs a new strategy for marketing.;noun;استراتيجية;f;;strategy;;;
3219;Vermutung;guess / presumption;Ich habe nur eine vage Vermutung, wer den Kuchen gegessen haben könnte.;I only have a vague guess as to who might have eaten the cake.;noun;تخمين;f;;guess;;;
3220;griechischen;Greek;Wir haben am Samstag im griechischen Restaurant um die Ecke gegessen.;We ate at the Greek restaurant around the corner on Saturday.;adjective;يوناني;;;Greek;;;
3221;Gitter;bars / grating / grid;Die Katze saß am Fenster und schaute durch das Gitter in den Garten.;The cat was sitting by the window and looking through the bars into the garden.;noun;شبكة حديد;n;;bars;;;
3222;Möbel;furniture;Wir müssen noch vor unserem Einzug ein paar neue Möbel für das Wohnzimmer kaufen.;We still need to buy some new furniture for the living room before moving in.;noun;عفش;n;;furniture;;;
3223;einmalige;unique / once-in-a-lifetime;Das ist eine einmalige Gelegenheit, die du dir nicht entgehen lassen solltest.;This is a once-in-a-lifetime opportunity that you should not miss out on.;adjective;فريدة من نوعها;;;once-in-a-lifetime;;;
3224;beugen;to bend;Beim Heben schwerer Sachen solltest du immer die Knie beugen.;When lifting heavy things, you should always bend your knees.;verb;يتني;;;bend;;;
3225;klick;click;Mit nur einem Klick kannst du das Ticket online buchen.;With just one click, you can book the ticket online.;noun;ضغطة;m;Klick;click;;;
3226;schiss;fear / cold feet;Ich hatte total Schiss vor der mündlichen Prüfung.;I was totally scared of the oral exam.;noun;خوف;m;Schiss;scared;;;
3227;Unschuld;innocence;Der Anwalt konnte vor Gericht seine Unschuld beweisen.;The lawyer was able to prove his innocence in court.;noun;براءة;f;;innocence;;;
3228;Marco;Marco;Marco bringt zum Grillen am Wochenende den Salat mit.;Marco is bringing the salad for the barbecue this weekend.;noun;ماركو;m;;Marco;;;
3229;hinunter;down / downwards;Geh bitte langsam die steile Treppe hinunter, sonst fällst du.;Please walk down the steep stairs slowly, otherwise you will fall.;adverb;لتحت;;;down;;;
3230;westlich;west / west of;Wir wohnen in einem ruhigen Vorort westlich der Stadt.;We live in a quiet suburb west of the city.;adjective;غرب;;;west of;;;
3231;Stirn;forehead;Das Kind hatte Fieber und seine Stirn fühlte sich ganz heiß an.;The child had a fever and his forehead felt completely hot.;noun;أورة;f;;forehead;;;
3232;golf;golf;Mein Chef spielt sonntags auf dem Platz gerne Golf.;My boss likes to play golf on the course on Sundays.;noun;جولف;n;Golf;golf;;;
3233;vielmals;many times / very much;Ich danke dir vielmals für deine liebe Unterstützung.;Thank you very much for your kind support.;adverb;جداً;;;very much;;;
3234;durchhalten;to hang in there / persevere;Es ist anstrengend, aber du musst jetzt einfach durchhalten.;It is exhausting, but you just have to hang in there right now.;verb;يستحمل;;;hang in there;;;
3235;finanziert;to finance / fund;Die Gemeinde finanziert den Bau des neuen Spielplatzes.;The municipality finances the construction of the new playground.;verb;يموّل;;;finances;;;
3236;Mütze;beanie / cap;Zieh dir eine warme Mütze an, es weht ein kalter Wind.;Put on a warm beanie, a cold wind is blowing.;noun;طاقية;f;;beanie;;;
3237;Schläger;racket / bat;Ich brauche für unser Badmintonspiel noch einen Schläger.;I still need a racket for our badminton game.;noun;مضرب;m;;racket;;;
3238;Werkstatt;repair shop / garage;Ich muss mein Auto morgen früh in die Werkstatt bringen.;I have to take my car to the repair shop tomorrow morning.;noun;ورشة;f;;repair shop;;;
3239;vertraulich;confidential;Bitte behandle dieses Gespräch streng vertraulich.;Please treat this conversation as strictly confidential.;adjective;سري;;;confidential;;;
3240;blüht;to bloom / blossom;Im Frühling blüht der Apfelbaum im Garten wunderschön.;In spring, the apple tree in the garden blooms beautifully.;verb;يزهر;;;blooms;;;
3241;Vereinbarung;agreement / arrangement;Wir haben eine feste Vereinbarung über die Arbeitszeiten getroffen.;We made a firm agreement regarding working hours.;noun;اتفاق;f;;agreement;;;
3242;Festung;fortress;Die Touristen besichtigten die alte Festung hoch über dem Fluss.;The tourists visited the old fortress high above the river.;noun;قلعة;f;;fortress;;;
3243;Gegenstand;object / item;Auf dem Dachboden habe ich einen alten Gegenstand aus Holz gefunden.;In the attic, I found an old wooden object.;noun;حاجة;m;;object;;;
3244;empfindlich;sensitive;Sie ist bei lauten Geräuschen besonders empfindlich.;She is particularly sensitive to loud noises.;adjective;حساس;;;sensitive;;;
3245;streik;strike;Der Streik bei den Busfahrern dauert schon drei Tage.;The strike by the bus drivers has already been going on for three days.;noun;إضراب;m;Streik;strike;;;
3246;Butter;butter;Ich schmiere mir morgens gerne etwas Butter aufs Brot.;In the morning, I like to spread some butter on my bread.;noun;زبدة;f;;butter;;;
3247;Zeichnungen;drawings;Die bunten Zeichnungen der Schüler hängen im Flur der Schule.;The colorful drawings by the pupils are hanging in the school hallway.;noun;رسومات;f;;drawings;;;
3248;Blutdruck;blood pressure;Mein Opa muss regelmäßig seinen Blutdruck messen lassen.;My grandpa has to have his blood pressure measured regularly.;noun;ضغط الدم;m;;blood pressure;;;
3249;Berater;consultant / advisor;Er arbeitet seit mehreren Jahren als Berater für neue Technologien.;He has been working as a consultant for new technologies for several years.;noun;مستشار;m;;consultant;;;
3250;Nüsse;nuts;Ich gebe morgens immer ein paar Nüsse in mein Müsli.;I always put a few nuts into my muesli in the morning.;noun;مكسرات;f;;nuts;;;
3251;Elemente;elements;Die moderne Architektur verbindet verschiedene Elemente aus Glas und Holz.;Modern architecture combines various elements of glass and wood.;noun;عناصر;n;;elements;;;
3252;May;May;Karl May hat spannende Romane über den Wilden Westen geschrieben.;Karl May wrote exciting novels about the Wild West.;noun;ماي;m;;May;;;
3253;blass;pale;Er erschrak so sehr, dass er im Gesicht ganz blass wurde.;He was so startled that his face turned completely pale.;adjective;باهت;;;pale;;;
3254;Schriftsteller;writer / author;Der bekannte Schriftsteller las gestern aus seinem neuen Buch vor.;The well-known writer read from his new book yesterday.;noun;كاتب;m;;writer;;;
3255;Stall;stable / barn;Der Bauer bringt die Kühe vor dem Unwetter in den Stall.;The farmer brings the cows into the barn before the storm.;noun;حظيرة;m;;barn;;;
3256;Lkw;truck;Ein großer Lkw blockierte wegen einer Panne die rechte Spur.;A large truck blocked the right lane due to a breakdown.;noun;عربية نقل;m;;truck;;;
3257;automatisch;automatically / automatic;Das Licht im Treppenhaus geht nach zwei Minuten automatisch aus.;The light in the stairwell turns off automatically after two minutes.;adjective;أوتوماتيك;;;automatically;;;
3258;Brett;board;Lege das Brot auf das Brett, bevor du es schneidest.;Put the bread on the board before you cut it.;noun;لوح;n;;board;;;
3259;Beschwerden;complaints / symptoms;Wenn die Beschwerden nicht besser werden, solltest du zum Arzt gehen.;If the symptoms do not get better, you should go see a doctor.;noun;أعراض;f;;symptoms;;;
3260;apropos;speaking of which / by the way;Apropos Urlaub, hast du schon ein Hotel für den Sommer gebucht?;Speaking of vacation, have you already booked a hotel for the summer?;adverb;بمناسبة;;Apropos;Speaking of;;;
3261;markiert;to mark / highlight;Ich habe den Treffpunkt auf dem Stadtplan mit einem roten Punkt markiert.;I marked the meeting point on the city map with a red dot.;verb;يعلّم;;;marked;;;
3262;schräg;crooked / slanted;Das Bild im Wohnzimmer hängt schon seit Tagen ganz schräg.;The picture in the living room has been hanging completely crooked for days.;adjective;مايل;;;crooked;;;
3263;flirten;to flirt;Er wollte auf der Party den ganzen Abend mit ihr flirten.;He wanted to flirt with her all evening at the party.;verb;يعاكس;;;flirt;;;
3264;Iris;Iris;Iris hat gestern ihre neue Stelle im Krankenhaus angetreten.;Iris started her new job at the hospital yesterday.;noun;إيريس;f;;Iris;;;
3265;hoffnungslos;hopeless;Im dichten Stau zu stehen fühlte sich völlig hoffnungslos an.;Being stuck in heavy traffic felt completely hopeless.;adjective;ميؤوس منه;;;hopeless;;;
3266;kooperieren;to cooperate;Die beiden Nachbarländer wollen beim Umweltschutz enger kooperieren.;The two neighboring countries want to cooperate more closely on environmental protection.;verb;يتعاون;;;cooperate;;;
3267;Buchstaben;letters;Das neue Passwort muss mindestens zwei große Buchstaben haben.;The new password must have at least two capital letters.;noun;حروف;m;;letters;;;
3268;Juwelen;jewels;Im Museum kann man wertvolle Juwelen aus dem Mittelalter bewundern.;In the museum, you can admire valuable jewels from the Middle Ages.;noun;مجوهرات;n;;jewels;;;
3269;Diego;Diego;Diego hat versprochen, uns morgen bei dem Umzug zu helfen.;Diego promised to help us with the move tomorrow.;noun;دييجو;m;;Diego;;;
3270;Hugo;Hugo;Hugo hat seinen Autoschlüssel im Büro auf dem Tisch vergessen.;Hugo forgot his car keys on the table in the office.;noun;هوجو;m;;Hugo;;;
3271;Hühnchen;chicken;Sie kocht heute Abend eine leckere Suppe mit frischem Hühnchen.;She is cooking a delicious soup with fresh chicken tonight.;noun;فراخ;n;;chicken;;;
3272;Vorname;first name;Sein Vorname ist für viele Ausländer schwer auszusprechen.;His first name is hard to pronounce for many foreigners.;noun;الاسم الأول;m;;first name;;;
3273;plaudern;to chat;Komm, lass uns kurz bei einem Kaffee plaudern.;Come on, let's chat for a bit over a coffee.;verb;يدردش;;;chat;;;
3274;gespeichert;saved / stored;Hast du das neue Dokument schon auf dem Computer gespeichert?;Have you already saved the new document on the computer?;verb;محفوظ;;;saved;;;
3275;Nonne;nun;Meine Tante hat sich entschieden, als Nonne im Kloster zu leben.;My aunt decided to live as a nun in a monastery.;noun;راهبة;f;;nun;;;
3276;genehmigt;approved / granted;Der Bauantrag wurde von den Behörden endlich genehmigt.;The building application was finally approved by the authorities.;verb;موافق عليه;;;approved;;;
3277;Pfad;path / trail;Wir folgten einem schmalen Pfad durch den dichten Wald.;We followed a narrow path through the dense forest.;noun;ممر;m;;path;;;
3278;Zehen;toes;Nach dem langen Spaziergang im Schnee waren meine Zehen eiskalt.;After the long walk in the snow, my toes were ice-cold.;noun;صوابع الرجلين;f;;toes;;;
3279;regelmäßig;regularly / regular;Ich versuche, regelmäßig dreimal pro Woche Sport zu treiben.;I try to regularly do sports three times a week.;adverb;بانتظام;;;regularly;;;
3280;Emotionen;emotions / feelings;Er kann seine Emotionen in schwierigen Momenten gut kontrollieren.;He can control his emotions well in difficult moments.;noun;مشاعر;f;;emotions;;;
3281;Assistentin;assistant (female);Die neue Assistentin organisiert alle wichtigen Termine im Büro.;The new assistant organizes all important appointments in the office.;noun;مساعدة;f;;assistant;;;
3282;Natalie;Natalie;Natalie hat gestern ihre praktische Führerscheinprüfung bestanden.;Natalie passed her practical driving test yesterday.;noun;ناتالي;f;;Natalie;;;
3283;Harris;Harris;Herr Harris leitet seit zwei Jahren die gesamte Marketingabteilung.;Mr. Harris has been running the entire marketing department for two years.;noun;هاريس;m;;Harris;;;
3284;reingezogen;dragged into / drawn into;Ich will in diesen unnötigen Streit überhaupt nicht reingezogen werden.;I really don't want to get dragged into this unnecessary argument.;verb;اتورط;;;dragged into;;;
3285;schnall;to buckle up / fasten;Setz dich ins Auto und schnall dich bitte an!;Sit in the car and please buckle up!;verb;اربط الحزام;;;buckle up;;;
3286;Propheten;prophets;In vielen alten Religionen spielen die Propheten eine bedeutende Rolle.;In many ancient religions, prophets play a significant role.;noun;أنبياء;m;;prophets;;;
3287;bang;anxious / afraid;Vor der schweren Prüfung war ihr ziemlich bang zumute.;Before the difficult exam, she felt quite anxious.;adjective;قلقان;;;anxious;;;
3288;Rückzug;retreat / withdrawal;Nach der hitzigen Debatte trat der Politiker den Rückzug an.;After the heated debate, the politician beat a retreat.;noun;انسحاب;m;;retreat;;;
3289;hierhin;over here / to here;Komm bitte kurz hierhin, ich brauche mal deine Hilfe.;Please come over here for a moment, I need your help.;adverb;لهنا;;;over here;;;
3290;isoliert;isolated;Das Haus liegt im tiefen Wald völlig isoliert von der nächsten Stadt.;The house lies deep in the forest completely isolated from the nearest town.;adjective;معزول;;;isolated;;;
3291;mitfahren;to ride along / go along;Wenn du heute zum Einkaufen fährst, darf ich dann bei dir mitfahren?;If you drive to go shopping today, may I ride along with you?;verb;يركب مع;;;ride along;;;
3292;prächtig;splendid / magnificent;Die Rosen im Garten blühen in diesem Sommer ganz prächtig.;The roses in the garden are blooming quite splendidly this summer.;adjective;رائع;;;splendidly;;;
3293;Kissen;pillow / cushion;Auf dem bequemen Sofa liegt ein weiches Kissen.;On the comfortable couch lies a soft cushion.;noun;مخدة;n;;cushion;;;
3294;Föderation;federation;Die Staaten gründeten zusammen eine neue wirtschaftliche Föderation.;The states together founded a new economic federation.;noun;اتحاد;f;;federation;;;
3295;unsicher;unsure / uncertain;Ich bin mir noch etwas unsicher, welcher Weg der richtige ist.;I am still a bit unsure which path is the right one.;adjective;مش متأكد;;;unsure;;;
3296;Brunnen;fountain / well;Mitten auf dem Marktplatz steht ein alter Brunnen aus Stein.;In the middle of the marketplace stands an old fountain made of stone.;noun;نافورة;m;;fountain;;;
3297;herauskommen;to come out;Warte vor der Tür, bis die anderen Leute herauskommen.;Wait in front of the door until the other people come out.;verb;يطلع بره;;;come out;;;
3298;Zigarre;cigar;Mein Großvater raucht nach dem Sonntagsessen gerne eine Zigarre.;My grandfather likes to smoke a cigar after Sunday dinner.;noun;سيجار;f;;cigar;;;
3299;heitere;cheerful / serene;Ihre heitere Art bringt jeden Tag gute Laune ins Büro.;Her cheerful nature brings a good mood to the office every day.;adjective;بشوش;;;cheerful;;;
3300;Hauptquartier;headquarters;Die Hilfsorganisation hat ihr europäisches Hauptquartier in Genf eingerichtet.;The aid organization set up its European headquarters in Geneva.;noun;المقر الرئيسي;n;;headquarters;;;
3301;Hahn;tap / faucet;Dreh bitte den Hahn fest zu, sonst tropft das Wasser die ganze Zeit.;Please turn the tap off tightly, otherwise water will drip all the time.;noun;حنفية;m;;tap;;;
3302;Tarnung;camouflage / disguise;Das Tier nutzt die Farbe seiner Haut als perfekte Tarnung im Laub.;The animal uses the color of its skin as perfect camouflage in the foliage.;noun;تمويه;f;;camouflage;;;
3303;transportieren;to transport / carry;Wir brauchen einen großen Lieferwagen, um alle Möbel zu transportieren.;We need a large van to transport all the furniture.;verb;ينقل;;;transport;;;
3304;Qualität;quality;Bei Lebensmitteln achtet meine Familie immer besonders auf gute Qualität.;When it comes to food, my family always pays special attention to good quality.;noun;جودة;f;;quality;;;
3305;Depp;idiot / fool;Ich habe schon wieder meinen Schlüssel vergessen, was für ein Depp ich bin!;I forgot my key again, what an idiot I am!;noun;مغفل;m;;idiot;;;
3306;Ingenieur;engineer;Mein Bruder arbeitet als Ingenieur bei einem großen Maschinenbauunternehmen.;My brother works as an engineer at a large mechanical engineering company.;noun;مهندس;m;;engineer;;;
3307;Qual;agony / torment;Das lange Warten im Stau bei der Hitze war eine echte Qual.;Waiting in traffic for so long in the heat was real agony.;noun;عذاب;f;;agony;;;
3308;kostenlos;free / free of charge;Das Parken vor dem Supermarkt ist für Kunden zwei Stunden kostenlos.;Parking in front of the supermarket is free for customers for two hours.;adjective;مجاني;;;free;;;
3309;Gemüse;vegetables;Sie kauft jeden Samstag frisches Gemüse auf dem Wochenmarkt.;She buys fresh vegetables at the weekly market every Saturday.;noun;خضار;n;;vegetables;;;
3310;Brooklyn;Brooklyn;Sie haben viele Jahre in einer gemütlichen Wohnung in Brooklyn gewohnt.;They lived in a cozy apartment in Brooklyn for many years.;noun;بروكلين;n;;Brooklyn;;;
3311;Jury;jury / panel;Die Jury bewertete die Vorträge aller Teilnehmer sehr objektiv.;The jury evaluated the presentations of all participants very objectively.;noun;لجنة التحكيم;f;;jury;;;
3312;Philip;Philip;Philip hat gestern Abend seine alten Schulfreunde zum Essen eingeladen.;Philip invited his old school friends to dinner yesterday evening.;noun;فيليب;m;;Philip;;;
3313;Model;model;Sie arbeitet seit einigen Jahren erfolgreich als Model in Mailand.;She has been working successfully as a model in Milan for several years.;noun;موديل;n;;model;;;
3314;Vergewaltigung;rape / sexual assault;Der Mann wurde wegen schwerer Vergewaltigung zu einer mehrjährigen Freiheitsstrafe verurteilt.;The man was sentenced to several years in prison for aggravated rape.;noun;اغتصاب;f;;rape;;;
3315;zwanzig;twenty;In unserem Deutschkurs sind heute genau zwanzig Teilnehmer anwesend.;In our German course, exactly twenty participants are present today.;vocab;عشرين;;;twenty;;;
3316;flüchtigen;fleeing / fugitive;Die Polizei fahndet mit Hochdruck nach dem flüchtigen Fahrer.;The police are searching under high pressure for the fleeing driver.;adjective;هارب;;;fleeing;;;
3317;Schmied;blacksmith / smith;Der erfahrene Schmied formt das glühende Eisen mit kräftigen Schlägen.;The experienced blacksmith shapes the glowing iron with powerful strikes.;noun;حداد;m;;blacksmith;;;
3318;Chirurg;surgeon;Der Chirurg erklärte dem Patienten den genauen Ablauf der Operation.;The surgeon explained the exact procedure of the surgery to the patient.;noun;جراح;m;;surgeon;;;
3319;einholen;to catch up with / obtain;Wenn wir einen Schritt zulegen, können wir die Wandergruppe noch einholen.;If we pick up our pace, we can still catch up with the hiking group.;verb;يلحق;;;catch up with;;;
3320;südlich;south / southern;Das kleine Dorf liegt nur wenige Kilometer südlich der Großstadt.;The small village lies only a few kilometers south of the big city.;adverb;جنوب;;;south;;;
3321;Bewährung;probation / parole;Der Richter setzte die Strafe zur Bewährung aus.;The judge suspended the sentence on probation.;noun;وقف تنفيذ;f;;probation;;;
3322;Räuber;robber / thief;Der maskierte Räuber forderte das Geld aus der Kasse.;The masked robber demanded the money from the register.;noun;حرامي;m;;robber;;;
3323;prostituierte;prostitute;Die Polizei befragte eine Prostituierte als Zeugin des Vorfalls.;The police questioned a prostitute as a witness to the incident.;noun;عاهرة;f;Prostituierte;prostitute;;;
3324;Wade;calf;Nach dem langen Dauerlauf tat mir die linke Wade weh.;After the long run, my left calf hurt.;noun;سمانة الرجل;f;;calf;;;
3325;hilflos;helpless;In dieser schwierigen Situation fühlte er sich völlig hilflos.;In this difficult situation, he felt completely helpless.;adjective;عاجز;;;helpless;;;
3326;Autounfall;car accident;Glücklicherweise wurde bei dem schweren Autounfall niemand verletzt.;Fortunately, nobody was injured in the serious car accident.;noun;حادثة عربية;m;;car accident;;;
3327;Kaution;deposit / bail;Vor dem Einzug in die Wohnung mussten wir zwei Monatsmieten Kaution zahlen.;Before moving into the apartment, we had to pay two months' rent as a deposit.;noun;تأمين;f;;deposit;;;
3328;antrieb;drive / motivation;Ihr fehlt im Moment einfach der innere Antrieb zum Lernen.;At the moment, she simply lacks the inner drive to study.;noun;دافع;m;Antrieb;drive;;;
3329;kostbare;precious / valuable;Verschwende nicht deine kostbare Zeit mit solchen unwichtigen Dingen.;Don't waste your precious time on such unimportant things.;adjective;غالي;;;precious;;;
3330;schirm;umbrella / screen;Nimm einen Schirm mit, draußen fängt es gleich an zu regnen.;Take an umbrella with you, it's about to start raining outside.;noun;شمسية;m;Schirm;umbrella;;;
3331;verirrt;lost / strayed;Ohne Navigationsgerät hätten wir uns in der fremden Stadt sicher verirrt.;Without a navigation system, we certainly would have gotten lost in the unfamiliar city.;verb;تاه;;;gotten lost;;;
3332;Jonas;Jonas;Jonas hat heute seinen ersten Arbeitstag im neuen Büro.;Jonas has his first day of work in the new office today.;noun;يوناس;m;;Jonas;;;
3333;Scheune;barn;Der Bauer stellt seinen Traktor über Nacht in die Scheune.;The farmer parks his tractor in the barn overnight.;noun;حظيرة;f;;barn;;;
3334;durchschnitt;average;Im Durchschnitt schläft ein Erwachsener etwa sieben Stunden pro Nacht.;On average, an adult sleeps about seven hours per night.;noun;متوسط;m;Durchschnitt;average;;;
3335;freigegeben;released / reopened;Die gesperrte Autobahn wurde nach dem Unfall wieder für den Verkehr freigegeben.;The closed highway was reopened for traffic after the accident.;verb;اتفتح;;;reopened;;;
3336;geschmiert;greased / lubricated;Die quietschende Tür muss dringend mit etwas Öl geschmiert werden.;The squeaky door urgently needs to be greased with some oil.;verb;متشحم;;;greased;;;
3337;klarstellen;to clarify;Ich möchte kurz klarstellen, dass das nicht meine Absicht war.;I would like to clarify that that was not my intention.;verb;يوضح;;;clarify;;;
3338;vorstand;board of directors;Der Vorstand des Unternehmens hat heute eine wichtige Entscheidung getroffen.;The board of directors of the company made an important decision today.;noun;مجلس الإدارة;m;Vorstand;board of directors;;;
3339;tickt;ticks;Die alte Wanduhr im Wohnzimmer tickt ganz schön laut.;The old wall clock in the living room ticks quite loudly.;verb;بتكتك;;;ticks;;;
3340;blendend;splendid / dazzling;Danke der Nachfrage, mir geht es im Moment wirklich blendend!;Thanks for asking, I'm doing really splendidly at the moment!;adjective;زي الفل;;;splendidly;;;
3341;scannen;to scan;Kannst du mir diesen Brief bitte kurz scannen und per E-Mail schicken?;Could you please scan this letter for me and send it by email?;verb;يعمل سكان;;;scan;;;
3342;Vorbereitungen;preparations;Die Vorbereitungen für das große Sommerfest laufen auf Hochtouren.;The preparations for the big summer festival are in full swing.;noun;تجهيزات;f;;preparations;;;
3343;unwahrscheinlich;unlikely;Es ist sehr unwahrscheinlich, dass es morgen im Mai noch schneit.;It is very unlikely that it will still snow tomorrow in May.;adjective;مش مرجح;;;unlikely;;;
3344;ernannt;appointed;Sie wurde letzte Woche zur neuen Leiterin der Abteilung ernannt.;She was appointed as the new head of the department last week.;verb;اتعين;;;appointed;;;
3345;tätig;active / working;Mein Bruder ist seit vielen Jahren als Anwalt in Berlin tätig.;My brother has been working as a lawyer in Berlin for many years.;adjective;شغال;;;working;;;
3346;Skandal;scandal;Der Skandal um die korrupten Politiker beherrschte wochenlang die Nachrichten.;The scandal surrounding the corrupt politicians dominated the news for weeks.;noun;فضيحة;m;;scandal;;;
3347;Forderungen;demands;Die Gewerkschaft stellte neue Forderungen nach höheren Löhnen.;The union made new demands for higher wages.;noun;مطالب;f;;demands;;;
3348;dazwischen;in between;Auf dem Foto stehen meine Eltern links und rechts, und ich stehe dazwischen.;In the photo, my parents are standing on the left and right, and I am standing in between.;adverb;في النص;;;in between;;;
3349;Sofa;sofa;Nach einem langen Arbeitstag lege ich mich gerne aufs Sofa und lese ein Buch.;After a long workday, I like to lie down on the sofa and read a book.;noun;كنبة;n;;sofa;;;
3350;Spalt;gap / crack;Lass das Fenster bitte einen kleinen Spalt offen, damit frische Luft hereinkommt.;Please leave the window open a small crack so that fresh air comes in.;noun;فتحة صغيرة;m;;crack;;;
3351;Marge;margin;Bei diesem günstigen Preis ist unsere Marge leider sehr klein.;At this low price, our margin is unfortunately very small.;noun;هامش ربح;f;;margin;;;
3352;Bruno;Bruno;Mein Kollege Bruno hat uns heute selbstgebackenen Kuchen mitgebracht.;My colleague Bruno brought us homemade cake today.;noun;برونو;m;;Bruno;;;
3353;beschleunigen;to accelerate / to speed up;Wir müssen den Arbeitsprozess etwas beschleunigen, um die Frist einzuhalten.;We need to speed up the work process a bit to meet the deadline.;verb;يسرّع;;;speed up;;;
3354;taufe;baptism;Am kommenden Sonntag feiern wir die Taufe unserer kleinen Nichte in der Kirche.;Next Sunday we are celebrating the baptism of our little niece in the church.;noun;عماد;f;Taufe;baptism;;;
3355;vorgetäuscht;faked / feigned;Er hat eine schwere Verletzung nur vorgetäuscht, um keinen Sport machen zu müssen.;He only faked a serious injury so he wouldn't have to do sports.;verb;ادعى;;;faked;;;
3356;Nacken;neck;Vom vielen Sitzen am Schreibtisch habe ich Verspannungen im Nacken.;From sitting at the desk so much, I have tension in my neck.;noun;رقبة;m;;neck;;;
3357;Hüfte;hip;Meine Oma hatte starke Schmerzen in der Hüfte und brauchte eine Operation.;My grandma had severe pain in her hip and needed surgery.;noun;وسط;f;;hip;;;
3358;genetische;genetic;Manche seltenen Krankheiten haben eine rein genetische Ursache.;Some rare diseases have a purely genetic cause.;adjective;وراثي;;;genetic;;;
3359;perlen;pearls;Sie trug zum eleganten Kleid eine Kette aus echten Perlen.;She wore a necklace of real pearls with the elegant dress.;noun;لولي;f;Perlen;pearls;;;
3360;wobei;although / while;Die neue Wohnung gefällt mir gut, wobei die Miete schon recht hoch ist.;I like the new apartment a lot, although the rent is quite high.;conjunction;مع إن;;;although;;;
3361;aufwecken;to wake up;Kannst du mich morgen früh bitte um sieben Uhr aufwecken?;Could you please wake me up tomorrow morning at seven o'clock?;verb;يصحّي;;;wake me up;;;
3362;andererseits;on the other hand;Einerseits möchte ich ausgehen, andererseits bin ich heute Abend ziemlich müde.;On the one hand I want to go out, on the other hand I am quite tired tonight.;adverb;من ناحية تانية;;;on the other hand;;;
3363;Trennung;breakup / separation;Die Trennung von ihrem langjährigen Partner fiel ihr anfangs sehr schwer.;The breakup with her long-time partner was very difficult for her at first.;noun;انفصال;f;;breakup;;;
3364;Kommunisten;communists;Im Geschichtsunterricht sprachen wir über die Rolle der Kommunisten im zwanzigsten Jahrhundert.;In history class, we discussed the role of the communists in the twentieth century.;noun;شيوعيين;m;;communists;;;
3365;bewirken;to bring about / to achieve;Mit ein bisschen Freundlichkeit kann man oft sehr viel bewirken.;With a little friendliness, one can often achieve a lot.;verb;يأثر;;;achieve;;;
3366;verkünden;to announce;Der Schiedsrichter wird das endgültige Ergebnis in wenigen Minuten verkünden.;The referee will announce the final result in a few minutes.;verb;يعلن;;;announce;;;
3367;kommunikation;communication;Gute Kommunikation ist das Wichtigste in einer funktionierenden Beziehung.;Good communication is the most important thing in a working relationship.;noun;تواصل;f;Kommunikation;communication;;;
3368;Nachnamen;last name;Wie schreibt man deinen Nachnamen eigentlich genau?;How do you actually spell your last name exactly?;noun;اسم العيلة;m;;last name;;;
3369;verfügen;to have at one's disposal / to possess;Bewerber sollten über sehr gute Deutschkenntnisse verfügen.;Applicants should have very good German skills at their disposal.;verb;يمتلك;;;have very good German skills at their disposal;;;
3370;zukommen;to approach / to come towards;Wenn du Fragen hast, kannst du jederzeit gerne auf mich zukommen.;If you have questions, you can feel free to approach me anytime.;verb;يقرب من;;;approach;;;
3371;angerührt;touched / moved;Er war von den herzlichen Worten seiner Freunde sichtlich angerührt.;He was visibly touched by the warm words of his friends.;verb;متأثر;;;touched;;;
3372;durchbrechen;to break through;Die Demonstranten versuchten, die Absperrung der Polizei zu durchbrechen.;The demonstrators tried to break through the police barrier.;verb;يخترق;;;break through;;;
3373;Laptop;laptop;Ich habe meinen Laptop heute im Büro vergessen.;I forgot my laptop at the office today.;noun;لابتوب;m;;laptop;;;
3374;hingerichtet;executed;Im Mittelalter wurden viele Menschen öffentlich auf dem Marktplatz hingerichtet.;In the Middle Ages, many people were publicly executed in the marketplace.;verb;اتعدم;;;executed;;;
3375;Ufer;bank / shore;Wir saßen abends gemütlich am Ufer des Flusses.;In the evening, we sat comfortably on the river bank.;noun;شط;n;;bank;;;
3376;abgefeuert;fired;Aus dem Wald wurden plötzlich mehrere Schüsse abgefeuert.;Suddenly, several shots were fired from the forest.;verb;اتضربت;;;fired;;;
3377;Boris;Boris;Boris kommt heute leider etwas später zum Training.;Unfortunately, Boris is coming to practice a bit later today.;noun;بوريس;m;;Boris;;;
3378;paranoid;paranoid;Du musst nicht gleich paranoid werden, niemand beobachtet dich.;You don't need to get paranoid right away, nobody is watching you.;adjective;موسوس;;;paranoid;;;
3379;Naomi;Naomi;Naomi hat uns gestern zu ihrer Geburtstagsparty eingeladen.;Naomi invited us to her birthday party yesterday.;noun;نعومي;f;;Naomi;;;
3380;pure;pure / sheer;Das ganze Konzert war für uns die pure Freude.;The whole concert was sheer joy for us.;adjective;خالص;;;sheer;;;
3381;wertlos;worthless;Ohne das richtige Passwort ist diese Datei völlig wertlos.;Without the correct password, this file is completely worthless.;adjective;مالوش قيمة;;;worthless;;;
3382;Kern;core / seed;Der Apfel schmeckt lecker, aber den Kern solltest du nicht essen.;The apple tastes delicious, but you shouldn't eat the core.;noun;بذرة;m;;core;;;
3383;schnarchen;to snore;Er fängt immer laut an zu schnarchen, wenn er auf dem Rücken schläft.;He always starts to snore loudly when he sleeps on his back.;verb;يشخر;;;snore;;;
3384;Rohr;pipe;In der Küche tropft seit gestern Wasser aus dem alten Rohr.;Water has been dripping from the old pipe in the kitchen since yesterday.;noun;ماسورة;n;;pipe;;;
3385;Beileid;condolences / sympathy;Ich möchte dir und deiner Familie mein herzliches Beileid aussprechen.;I would like to express my heartfelt condolences to you and your family.;noun;عزا;n;;condolences;;;
3386;Sonnenuntergang;sunset;Wir saßen am Strand und haben den schönen Sonnenuntergang beobachtet.;We sat on the beach and watched the beautiful sunset.;noun;غروب الشمس;m;;sunset;;;
3387;Korb;basket;Sie legte das frische Brot vorsichtig in den Korb.;She carefully placed the fresh bread into the basket.;noun;سبت;m;;basket;;;
3388;kommunizieren;to communicate;Mit meinen Kollegen im Ausland kann ich nur auf Englisch kommunizieren.;I can only communicate in English with my colleagues abroad.;verb;يتواصل;;;communicate;;;
3389;Argument;argument / point;Das ist wirklich ein gutes Argument, über das ich nachdenken muss.;That really is a good argument that I need to think about.;noun;حجة;n;;argument;;;
3390;Muschi;kitty / pussycat;Komm her, Muschi, dein Napf ist voll mit frischem Futter!;Come here, kitty, your bowl is full of fresh food!;noun;قطة;f;;kitty;;;
3391;Reichtum;wealth / riches;Ihm ging es nie um Reichtum, sondern um ein ruhiges Leben.;He was never interested in wealth, but in a quiet life.;noun;ثروة;m;;wealth;;;
3392;aufrecht;upright / erect;Er versuchte trotz seiner Rückenschmerzen aufrecht zu gehen.;He tried to walk upright despite his back pain.;adjective;مفرود;;;upright;;;
3393;Zeremonie;ceremony;Die offizielle Zeremonie beginnt morgen pünktlich um zehn Uhr.;The official ceremony begins tomorrow promptly at ten o'clock.;noun;مراسم;f;;ceremony;;;
3394;winken;to wave;Die Kinder stehen am Fenster und winken ihren Großeltern zu.;The children stand by the window and wave to their grandparents.;verb;يشاور;;;wave;;;
3395;Flieger;plane / airplane;Unser Flieger nach Rom startet morgen früh um acht Uhr.;Our plane to Rome takes off tomorrow morning at eight o'clock.;noun;طيارة;m;;plane;;;
3396;anhängen;to attach / append;Ich werde die Datei gleich an meine E-Mail anhängen.;I will attach the file to my email right away.;verb;يرفق;;;attach;;;
3397;Trinkgeld;tip / gratuity;Der Service war ausgezeichnet, deshalb gaben wir ein großzügiges Trinkgeld.;The service was excellent, so we gave a generous tip.;noun;بقشيش;n;;tip;;;
3398;erstochen;stabbed to death / stabbed;Der Mann wurde spät in der Nacht in einer dunklen Gasse erstochen.;The man was stabbed to death late at night in a dark alley.;verb;اتطعن;;;stabbed to death;;;
3399;vorüber;over / past;Keine Sorge, das Unwetter ist zum Glück bald vorüber.;Don't worry, the storm will fortunately soon be over.;adverb;خِلِص;;;over;;;
3400;vorgeben;to pretend / feign;Du musst mir gegenüber nicht vorgeben, dass alles perfekt läuft.;You don't have to pretend to me that everything is going perfectly.;verb;يدّعي;;;pretend;;;
3401;veranstalten;to organize / host;Wir wollen am Samstag eine kleine Party im Garten veranstalten.;We want to organize a small party in the garden on Saturday.;verb;ينظم;;;organize;;;
3402;ängstlich;fearful / anxious;Der kleine Junge blickte den fremden Hund ängstlich an.;The little boy looked at the strange dog fearfully.;adjective;خايف;;;fearfully;;;
3403;altmodisch;old-fashioned;Dieser Anzug sieht meiner Meinung nach etwas altmodisch aus.;In my opinion, this suit looks a bit old-fashioned.;adjective;موضة قديمة;;;old-fashioned;;;
3404;weltweit;worldwide / globally;Diese Marke ist mittlerweile weltweit bekannt und beliebt.;This brand is now known and popular worldwide.;adjective;حول العالم;;;worldwide;;;
3405;obdachlosen;homeless;Im Winter helfen viele Freiwillige den obdachlosen Menschen in der Stadt.;In winter, many volunteers help the homeless people in the city.;adjective;مشرد;;;homeless;;;
3406;predigt;preaches;Der Pfarrer predigt jeden Sonntag in der alten Kirche vor vielen Leuten.;The pastor preaches every Sunday in the old church before many people.;verb;بيوعظ;;;preaches;;;
3407;Bock;mood / desire (slang);Ich habe heute nach der Arbeit absolut keinen Bock auf Sport.;After work today, I really have no desire for sports.;noun;مزاج;m;;desire;;;
3408;Virginia;Virginia;Meine Tante lebt seit über zehn Jahren im Bundesstaat Virginia.;My aunt has been living in the state of Virginia for over ten years.;noun;فرجينيا;n;;Virginia;;;
3409;einfangen;to catch / capture;Der Hund ist weggelaufen, aber wir konnten ihn schnell wieder einfangen.;The dog ran away, but we were able to quickly catch him again.;verb;يمسك;;;catch;;;
3410;sodass;so that;Der Bus kam zu spät, sodass ich den Termin verpasste.;The bus arrived late, so that I missed the appointment.;conjunction;عشان كده;;;so that;;;
3411;gestolpert;tripped / stumbled;Er ist gestern auf der nassen Treppe gestolpert und hingefallen.;He tripped on the wet stairs yesterday and fell down.;verb;اتكعبل;;;tripped;;;
3412;Statue;statue;Vor dem Rathaus steht eine große Statue des berühmten Dichters.;In front of the town hall stands a large statue of the famous poet.;noun;تمثال;f;;statue;;;
3413;Manieren;manners;Er hat leider sehr schlechte Manieren, wenn er mit anderen spricht.;Unfortunately, he has very bad manners when he talks to others.;noun;ذوق;f;;manners;;;
3414;zischen;to sizzle / hiss;Als das Fleisch in die heiße Pfanne gelegt wurde, fing es an zu zischen.;When the meat was placed in the hot pan, it began to sizzle.;verb;يطشطش;;;sizzle;;;
3415;Touristen;tourists;Im Sommer drängen sich unzählige Touristen durch die engen Gassen der Altstadt.;In summer, countless tourists crowd through the narrow alleys of the old town.;noun;سياح;m;;tourists;;;
3416;Kokain;cocaine;Die Grenzbeamten beschlagnahmten fünf Kilogramm Kokain im Kofferraum.;The border officials seized five kilograms of cocaine in the trunk.;noun;كوكايين;n;;cocaine;;;
3417;Fee;fairy;Im Märchen erfüllte die gute Fee dem armen Mädchen drei Wünsche.;In the fairy tale, the good fairy granted the poor girl three wishes.;noun;جنية;f;;fairy;;;
3418;büßen;to pay for / atone;Wer das Gesetz bricht, muss früher oder später dafür büßen.;Whoever breaks the law will have to pay for it sooner or later.;verb;يدفع الثمن;;;pay;;;
3419;rauskriegen;to find out / figure out;Ich konnte bisher leider nicht rauskriegen, wo die neue Kollegin wohnt.;Unfortunately, I haven't been able to find out where the new colleague lives yet.;verb;يعرف;;;find out;;;
3420;Kabine;fitting room / cabin;Entschuldigung, ist diese Kabine frei oder probiert dort schon jemand etwas an?;Excuse me, is this fitting room free or is someone already trying something on in there?;noun;بروفة;f;;fitting room;;;
3421;erlöst;relieved / redeemed;Nachdem er die schwere Prüfung bestanden hatte, fühlte er sich völlig erlöst.;After passing the difficult exam, he felt completely relieved.;adjective;مرتاح;;;relieved;;;
3422;Dezember;December;Im Dezember besuchen wir jedes Jahr den Weihnachtsmarkt in der Stadt.;In December, we visit the Christmas market in the city every year.;noun;ديسمبر;m;;December;;;
3423;überbringen;to convey / deliver;Ich soll dir herzliche Grüße von meinen Eltern überbringen.;I'm supposed to convey warm regards to you from my parents.;verb;يوصل;;;convey;;;
3424;Gauner;crook / swindler;Der Gauner hat alte Leute um ihr Erspartes betrogen.;The crook cheated elderly people out of their savings.;noun;نصاب;m;;crook;;;
3425;angesichts;in light of / considering;Angesichts des schlechten Wetters bleiben wir heute lieber drinnen.;In light of the bad weather, we'd rather stay indoors today.;prep;في ظل;;;In light of;;;
3426;Maya;Maya;Maya hat sich gestern ein neues Fahrrad gekauft.;Maya bought herself a new bicycle yesterday.;noun;مايا;f;;Maya;;;
3427;Sharon;Sharon;Sharon arbeitet seit zwei Wochen in unserem Büro.;Sharon has been working in our office for two weeks.;noun;شارون;f;;Sharon;;;
3428;bemerkenswert;remarkable;Seine Fortschritte beim Deutschlernen sind wirklich bemerkenswert.;His progress in learning German is really remarkable.;adjective;ملحوظ;;;remarkable;;;
3429;Musiker;musician;Mein Nachbar ist ein begabter Musiker und übt jeden Tag.;My neighbor is a gifted musician and practices every day.;noun;موسيقي;m;;musician;;;
3430;Tumor;tumor;Die Ärzte konnten den Tumor erfolgreich operieren.;The doctors were able to successfully operate on the tumor.;noun;ورم;m;;tumor;;;
3431;Abschaum;scum;Er bezeichnete die rücksichtslosen Diebe als Abschaum.;He described the ruthless thieves as scum.;noun;حثالة;m;;scum;;;
3432;einpacken;to pack / wrap;Ich muss heute Abend noch meinen Koffer einpacken.;I still have to pack my suitcase this evening.;verb;يجهّز الشنطة;;;pack;;;
3433;eiskalt;ice-cold;Das Wasser im Schwimmbecken war heute eiskalt.;The water in the swimming pool was ice-cold today.;adjective;ساقع تلج;;;ice-cold;;;
3434;Verpflichtungen;obligations / commitments;Wegen beruflicher Verpflichtungen hat er kaum noch Freizeit.;Due to work obligations, he hardly has any free time left.;noun;التزامات;f;;obligations;;;
3435;Spannung;tension / suspense;Der neue Krimi war voller Nervenkitzel und Spannung.;The new thriller was full of excitement and suspense.;noun;تشويق;f;;suspense;;;
3436;Lars;Lars;Lars hat sich gestern ein neues Auto gekauft.;Lars bought a new car yesterday.;noun;لارس;m;;Lars;;;
3437;einhalten;to adhere to / keep;Wir müssen den vereinbarten Termin unbedingt einhalten.;We definitely have to keep the agreed appointment.;verb;يلتزم بـ;;;keep;;;
3438;errichten;to build / erect;Die Gemeinde möchte hier eine neue Schule errichten.;The municipality would like to build a new school here.;verb;يبني;;;build;;;
3439;Kolonie;colony;Diese Insel war vor über hundert Jahren eine Kolonie.;Over a hundred years ago, this island was a colony.;noun;مستعمرة;f;;colony;;;
3440;ausgestellt;exhibited / displayed;Die modernen Kunstwerke werden in der Galerie ausgestellt.;The modern artworks are exhibited in the gallery.;verb;معروض;;;exhibited;;;
3441;trocknen;to dry;Die frisch gewaschene Wäsche muss auf dem Balkon trocknen.;The freshly washed laundry needs to dry on the balcony.;verb;ينشّف;;;dry;;;
3442;verachten;to despise / disdain;Ich verachte Menschen, die Tiere schlecht behandeln.;I despise people who treat animals badly.;verb;يحتقر;;verachte;despise;;;
3443;Frisur;hairstyle / haircut;Deine neue Frisur sieht wirklich klasse aus!;Your new hairstyle looks really great!;noun;تسريحة شعر;f;;hairstyle;;;
3444;steif;stiff / rigid;Nach der langen Autofahrt fühlten sich meine Beine ganz steif an.;After the long car ride, my legs felt completely stiff.;adjective;مخشّب;;;stiff;;;
3445;Route;route;Wir haben für unsere Wanderung eine schöne Route gewählt.;We chose a nice route for our hike.;noun;مسار;f;;route;;;
3446;Verschwörung;conspiracy;Er glaubt fest an eine geheime Verschwörung.;He firmly believes in a secret conspiracy.;noun;مؤامرة;f;;conspiracy;;;
3447;Lautsprecher;speaker / loudspeaker;Der Ton aus dem Lautsprecher ist leider nicht besonders klar.;Unfortunately, the sound from the speaker is not very clear.;noun;سماعة;m;;speaker;;;
3448;deaktivieren;to deactivate / disable;Du kannst dein Konto jederzeit in den Einstellungen deaktivieren.;You can deactivate your account at any time in the settings.;verb;يعطّل;;;deactivate;;;
3449;Cola;cola / Coke;Ich hätte gerne eine kalte Cola mit Eiswürfeln.;I would like a cold cola with ice cubes.;noun;كولا;f;;cola;;;
3450;hauptsächlich;mainly / primarily;Am Wochenende entspanne ich hauptsächlich auf dem Sofa.;On weekends, I mainly relax on the couch.;adverb;أساساً;;;mainly;;;
3451;just;just / just then;Just in diesem Augenblick kam der Zug am Bahnsteig an.;Just at that moment, the train arrived at the platform.;adverb;بالظبط في اللحظة دي;;;Just;;;
3452;reiben;to grate / rub;Du musst die Zitrone waschen und die Schale fein reiben.;You need to wash the lemon and grate the zest finely.;verb;يبشر;;;grate;;;
3453;rumhängen;to hang around / hang out;Die Jugendlichen wollen nach der Schule oft im Park rumhängen.;After school, the teenagers often want to hang around in the park.;verb;يتسكع;;;hang around;;;
3454;Kenntnis;knowledge / notice;Ich habe von diesem Vorfall leider keine Kenntnis.;Unfortunately, I have no knowledge of this incident.;noun;علم;f;;knowledge;;;
3455;Vietnam;Vietnam;Mein Kollege fliegt nächsten Monat für einen Urlaub nach Vietnam.;My colleague is flying to Vietnam for a vacation next month.;noun;فيتنام;n;;Vietnam;;;
3456;verdreht;twisted / distorted;Seine Begründung klingt für mich völlig verdreht.;His reasoning sounds completely twisted to me.;adjective;معووج;;;twisted;;;
3457;Moore;Moore;Herr Moore ist unser neuer Ansprechpartner bei der Firma.;Mr. Moore is our new contact person at the company.;noun;مور;m;;Moore;;;
3458;Schneider;tailor;Der Schneider hat meine Hose um zwei Zentimeter gekürzt.;The tailor shortened my pants by two centimeters.;noun;ترزي;m;;tailor;;;
3459;Eid;oath;Der neue Präsident leistete gestern seinen feierlichen Eid.;The new president took his solemn oath yesterday.;noun;قَسَم;m;;oath;;;
3460;Fotze;cunt / bitch;Er hat sie im Streit wütend als Fotze beschimpft.;During the argument, he angrily insulted her as a cunt.;noun;شرموطة;f;;cunt;;;
3461;Abzug;trigger / deduction;Er berührte vorsichtig den Abzug des Gewehrs.;He carefully touched the trigger of the rifle.;noun;زناد;m;;trigger;;;
3462;County;county;In diesem amerikanischen County gibt es viele kleine Dörfer.;In this American county, there are many small villages.;noun;مقاطعة;n;;county;;;
3463;Reichweite;range / reach;Das WLAN hat in unserer Wohnung leider nur eine geringe Reichweite.;Unfortunately, the Wi-Fi has only a short range in our apartment.;noun;مدى;f;;range;;;
3464;Zentimeter;centimeter;Der Tisch ist nur ein paar Zentimeter zu lang für die Ecke.;The table is only a few centimeters too long for the corner.;noun;سنتيمتر;m;;centimeters;;;
3465;arabisch;Arabic / Arab;Sie spricht fließend deutsch und lernt jetzt arabisch.;She speaks fluent German and is now learning Arabic.;adjective;عربي;;;Arabic;;;
3466;flach;flat / shallow;In Norddeutschland ist das Land an den meisten Stellen sehr flach.;In northern Germany, the land is very flat in most places.;adjective;مسطح;;;flat;;;
3467;plage;to plague / torment;Ich plage mich schon den ganzen Tag mit starken Kopfschmerzen herum.;I have been plagued with a severe headache all day.;verb;يتعب;;;plagued;;;
3468;zumachen;to close / shut;Kannst du bitte die Tür zumachen, bevor du gehst?;Can you please close the door before you leave?;verb;يقفل;;;close;;;
3469;dulden;to tolerate / endure;Unsere Lehrerin will Unhöflichkeit im Klassenzimmer nicht dulden.;Our teacher will not tolerate rudeness in the classroom.;verb;يستحمل;;;tolerate;;;
3470;Praxis;practice / doctor's office;Ich muss heute um zehn Uhr in die Praxis meines Arztes gehen.;I have to go to my doctor's practice today at ten o'clock.;noun;عيادة;f;;practice;;;
3471;Thanksgiving;Thanksgiving;An Thanksgiving isst meine Familie immer einen großen Truthahn.;At Thanksgiving, my family always eats a big turkey.;noun;عيد الشكر;n;;Thanksgiving;;;
3472;fortsetzen;to continue / resume;Wir wollen das Gespräch morgen in aller Ruhe fortsetzen.;We want to resume the conversation tomorrow in peace.;verb;يكمل;;;resume;;;
3473;günstig;affordable / favorable;Das Hotel war überraschend günstig und trotzdem sehr sauber.;The hotel was surprisingly affordable and still very clean.;adjective;رخيص;;;affordable;;;
3474;verwöhnt;spoiled;Er ist als Einzelkind aufgewachsen und ziemlich verwöhnt.;He grew up as an only child and is quite spoiled.;adjective;مدلع;;;spoiled;;;
3475;Schublade;drawer;Die Schere liegt in der obersten Schublade in der Küche.;The scissors are in the top drawer in the kitchen.;noun;دُرج;f;;drawer;;;
3476;anhaben;to wear / have on;Was willst du morgen Abend auf der Feier anhaben?;What do you want to wear to the party tomorrow evening?;verb;لابس;;;wear;;;
3477;Kombination;combination;Die Kombination aus Schokolade und Banane schmeckt super.;The combination of chocolate and banana tastes great.;noun;توليفة;f;;combination;;;
3478;Bezirk;district / borough;In diesem Bezirk gibt es viele Parks und gemütliche Cafés.;In this district there are many parks and cozy cafes.;noun;حي;m;;district;;;
3479;Herrscher;ruler;In dem historischen Film regiert ein grausamer Herrscher über das Land.;In the historical movie, a cruel ruler governs the country.;noun;حاكم;m;;ruler;;;
3480;Kratzer;scratch;Mein neues Auto hat leider schon einen Kratzer an der Tür.;Unfortunately, my new car already has a scratch on the door.;noun;خربوش;m;;scratch;;;
3481;Leon;Leon;Leon hat sich gestern beim Fußballspielen den Knöchel verstaucht.;Leon sprained his ankle playing football yesterday.;noun;ليون;m;;Leon;;;
3482;klarkommen;to cope / manage;Ich hoffe, du wirst in der neuen Stadt schnell gut klarkommen.;I hope you will quickly manage well in the new city.;verb;يسلك;;;manage;;;
3483;Datenbank;database;Alle wichtigen Kundendaten werden in einer sicheren Datenbank gespeichert.;All important customer data is stored in a secure database.;noun;قاعدة بيانات;f;;database;;;
3484;gönnen;to treat oneself to;Nach der anstrengenden Woche will ich mir heute ein gutes Abendessen gönnen.;After the exhausting week, I want to treat myself to a good dinner today.;verb;يدلع نفسه;;;treat myself to;;;
3485;Frequenz;frequency;Auf welcher Frequenz empfängt man diesen neuen Radiosender?;On what frequency do you receive this new radio station?;noun;تردد;f;;frequency;;;
3486;Ritual;ritual;Eine heiße Tasse Kaffee am Morgen ist für mich ein festes Ritual.;A hot cup of coffee in the morning is a fixed ritual for me.;noun;عادة ثابتة;n;;ritual;;;
3487;auftreiben;to track down / find;Ich konnte kurzfristig noch zwei Karten für das Konzert auftreiben.;I was able to track down two tickets for the concert on short notice.;verb;يدبر;;;track down;;;
3488;Hongkong;Hong Kong;Meine Schwester hat vor zwei Jahren ein Semester lang in Hongkong studiert.;My sister studied in Hong Kong for a semester two years ago.;noun;هونج كونج;n;;Hong Kong;;;
3489;Intelligenz;intelligence;Künstliche Intelligenz spielt in unserem Alltag eine immer größere Rolle.;Artificial intelligence is playing an increasingly important role in our everyday lives.;noun;ذكاء;f;;intelligence;;;
3490;Nest;nest;Die Schwalben haben ein kleines Nest unter unserem Dach gebaut.;The swallows built a small nest under our roof.;noun;عش;n;;nest;;;
3491;herausgestellt;turned out / proved;Es hat sich schnell herausgestellt, dass das Gerücht nicht stimmte.;It quickly turned out that the rumor was not true.;verb;اتضح;;;turned out;;;
3492;geschmeichelt;flattered;Er fühlte sich durch das unerwartete Lob seiner Chefin sehr geschmeichelt.;He felt very flattered by the unexpected praise from his boss.;adjective;فرحان بالمجاملة;;;flattered;;;
3493;schmerzhaft;painful;Die Verletzung an der Schulter war im ersten Moment ziemlich schmerzhaft.;The injury to the shoulder was quite painful at first.;adjective;مؤلم;;;painful;;;
3494;sensibel;sensitive;Mein kleiner Bruder ist sehr sensibel und nimmt sich jede Kritik zu Herzen.;My little brother is very sensitive and takes every criticism to heart.;adjective;حساس;;;sensitive;;;
3495;Kälte;cold / coldness;Wegen der extremen Kälte im Winter bleiben viele Menschen lieber drinnen.;Because of the extreme cold in winter, many people prefer to stay indoors.;noun;سقعة;f;;cold;;;
3496;Produzent;producer;Der Produzent sucht noch nach passenden Schauspielern für seinen neuen Film.;The producer is still looking for suitable actors for his new movie.;noun;منتج;m;;producer;;;
3497;Schrift;handwriting / script;Deine Schrift ist so klein geraten, dass ich sie kaum lesen kann.;Your handwriting turned out so small that I can hardly read it.;noun;خط;f;;handwriting;;;
3498;durchschaut;saw through / figured out;Sie hat seine Ausreden von der ersten Sekunde an durchschaut.;She saw through his excuses from the very first second.;verb;كشف;;;saw through;;;
3499;Frost;frost;In der vergangenen Nacht gab es auf den Straßen den ersten Frost des Jahres.;Last night there was the first frost of the year on the streets.;noun;صقيع;m;;frost;;;
3500;Wien;Vienna;Wir haben am Wochenende ein paar wunderschöne Tage in Wien verbracht.;We spent a few wonderful days in Vienna over the weekend.;noun;فيينا;n;;Vienna;;;
3501;anstarren;to stare at;Du solltest fremde Leute in der Bahn nicht so unverhohlen anstarren.;You shouldn't stare at strangers on the train so blatantly.;verb;يبحلق في;;;stare at;;;
3502;berechnen;to calculate / compute;Die Werkstatt muss erst genau berechnen, wie viel die Reparatur kostet.;The workshop first needs to calculate exactly how much the repair costs.;verb;يحسب;;;calculate;;;
3503;Geschäftsmann;businessman;Er ist ein erfolgreicher Geschäftsmann und fliegt regelmäßig nach Asien.;He is a successful businessman and regularly flies to Asia.;noun;راجل أعمال;m;;businessman;;;
3504;Orden;medal / decoration;Der mutige Feuerwehrmann erhielt für seinen Einsatz einen Orden.;The brave firefighter received a medal for his service.;noun;وسام;m;;medal;;;
3505;Aktien;stocks / shares;Viele Menschen legen ihr Erspartes langfristig in Aktien an.;Many people invest their savings long-term in stocks.;noun;أسهم;f;;stocks;;;
3506;auserwählt;chosen;Er fühlte sich für dieses geheime Projekt auserwählt.;He felt chosen for this secret project.;adjective;مختار;;;chosen;;;
3507;komplex;complex / complicated;Das Steuersystem in Deutschland ist für viele Bürger extrem komplex.;The tax system in Germany is extremely complex for many citizens.;adjective;معقد;;;complex;;;
3508;provozieren;to provoke;Lass dich von seinen frechen Bemerkungen bloß nicht provozieren.;Just don't let yourself be provoked by his cheeky remarks.;verb;يستفز;;;provoked;;;
3509;sowohl;both / as well;Sie spricht sowohl fließend Spanisch als auch ausgezeichnet Französisch.;She speaks both fluent Spanish and excellent French.;conjunction;سواء;;;both;;;
3510;zoll;customs / duty;Bei der Einreise mussten wir unser Gepäck beim Zoll vorzeigen.;Upon entry, we had to show our luggage at customs.;noun;جمارك;m;Zoll;customs;;;
3511;reinlassen;to let in;Kannst du die Katze bitte schnell ins warme Haus reinlassen?;Could you please quickly let the cat in to the warm house?;verb;يدخل;;;let ... in;;;
3512;heran;closer / near;Tritt bitte noch einen Schritt näher heran, damit ich dich verstehen kann.;Please step one step closer so that I can understand you.;adverb;قريب;;;closer;;;
3513;Geste;gesture;Dass er ihr die Tür aufhielt, war eine sehr aufmerksame Geste.;That he held the door open for her was a very thoughtful gesture.;noun;لفتة;f;;gesture;;;
3514;Kater;hangover / tomcat;Nach der langen Partynacht wachte er mit einem bösen Kater auf.;After the long party night, he woke up with a nasty hangover.;noun;صداع بعد الشرب;m;;hangover;;;
3515;aufsetzen;to put on;Bei diesem sonnigen Wetter solltest du unbedingt eine Kappe aufsetzen.;In this sunny weather you should definitely put on a cap.;verb;يلبس;;;put on;;;
3516;exzellent;excellent;Der Service im Hotel war während unseres gesamten Aufenthalts exzellent.;The service at the hotel was excellent during our entire stay.;adjective;ممتاز;;;excellent;;;
3517;hinzufügen;to add;Darf ich dem Rezept noch eine Prise Salz hinzufügen?;May I add a pinch of salt to the recipe?;verb;يضيف;;;add;;;
3518;hingehört;belongs there;Räum das Buch bitte wieder an den Platz, wo es hingehört.;Please put the book back in the place where it belongs.;verb;مكانه هناك;;;belongs;;;
3519;Infektion;infection;Gegen die schwere Infektion musste der Patient starke Medikamente nehmen.;Against the severe infection, the patient had to take strong medications.;noun;عدوى;f;;infection;;;
3520;angesetzt;scheduled / set;Die wichtige Besprechung mit dem Chef ist für morgen früh angesetzt.;The important meeting with the boss is scheduled for tomorrow morning.;verb;متحدد;;;scheduled;;;
3521;Klingonen;Klingons;In der Science-Fiction-Serie Star Trek spielen die kriegerischen Klingonen eine große Rolle.;In the science fiction series Star Trek, the warlike Klingons play a major role.;noun;كلينجون;m;;Klingons;;;
3522;bitter;bitter;Ohne Milch und Zucker schmeckt mir dieser Kaffee einfach zu bitter.;Without milk and sugar, this coffee simply tastes too bitter to me.;adjective;مر;;;bitter;;;
3523;Weltraum;outer space / space;Viele Menschen träumen davon, eines Tages in den Weltraum zu fliegen.;Many people dream of flying into outer space one day.;noun;الفضا;m;;outer space;;;
3524;verfügbar;available;Dieser Artikel ist ab nächster Woche wieder im Geschäft verfügbar.;This item will be available again in the shop starting next week.;adjective;متاح;;;available;;;
3525;kritisch;critical;Der Arzt sagte, sein Zustand sei nach dem Unfall immer noch kritisch.;The doctor said his condition was still critical after the accident.;adjective;حرج;;;critical;;;
3526;V;V;Das Wort 'Vogel' fängt mit einem großen V an.;The word 'Vogel' starts with a capital V.;noun;حرف الـ V;n;;V;;;
3527;November;November;Im November fallen die letzten bunten Blätter von den Bäumen.;In November, the last colorful leaves fall from the trees.;noun;نوفمبر;m;;November;;;
3528;Profil;profile;Er hat gestern ein neues Foto in sein Profil gestellt.;He put a new photo on his profile yesterday.;noun;بروفايل;n;;profile;;;
3529;erwecken;to arouse / awaken;Das neue Projekt konnte großes Interesse bei den Schülern erwecken.;The new project was able to arouse great interest among the students.;verb;يثير;;;arouse;;;
3530;biologische;biological / organic;Sie kauft auf dem Markt am liebsten frische biologische Lebensmittel.;She prefers to buy fresh organic food at the market.;adjective;عضوي;;;organic;;;
3531;erlangen;to attain / obtain / gain;Nach jahrelangem Training konnte sie endlich den ersten Platz erlangen.;After years of training, she was finally able to attain first place.;verb;ينال;;;attain;;;
3532;Süßigkeiten;sweets / candy;Kinder sollten vor dem Abendessen nicht zu viele Süßigkeiten essen.;Children shouldn't eat too many sweets before dinner.;noun;حلويات;f;;sweets;;;
3533;Satelliten;satellites / satellite;Moderne Satelliten übertragen Bilder und Wetterdaten direkt zur Erde.;Modern satellites transmit images and weather data directly to Earth.;noun;أقمار صناعية;m;;satellites;;;
3534;Set;set;Ich habe mir ein praktisches Set mit verschiedenen Pinseln gekauft.;I bought myself a handy set of different brushes.;noun;طقم;n;;set;;;
3535;Futter;animal feed / food;Vergiss bitte nicht, der Katze heute Morgen frisches Futter zu geben.;Please don't forget to give the cat fresh food this morning.;noun;أكل الحيوانات;n;;food;;;
3536;Angesicht;face / countenance;Im Angesicht der Gefahr blieben die Retter erstaunlich ruhig.;In the face of danger, the rescuers remained remarkably calm.;noun;وش;n;;face;;;
3537;arrogant;arrogant;Ich mag ihn nicht besonders, weil er sich oft sehr arrogant verhält.;I don't particularly like him because he often acts very arrogant.;adjective;مغرور;;;arrogant;;;
3538;Agentur;agency;Sie arbeitet seit zwei Jahren bei einer bekannten Agentur in Berlin.;She has been working at a well-known agency in Berlin for two years.;noun;وكالة;f;;agency;;;
3539;Zeile;line;Bitte unterschreiben Sie den Vertrag ganz unten auf der letzten Zeile.;Please sign the contract at the very bottom on the last line.;noun;سطر;f;;line;;;
3540;anerkannt;recognized / acknowledged;Sein ausländischer Abschluss wurde in Deutschland problemlos anerkannt.;His foreign degree was recognized in Germany without any issues.;adjective;معترف بيه;;;recognized;;;
3541;spülen;to wash (dishes) / rinse;Nach dem gemeinsamen Abendessen muss ich noch schnell das Geschirr spülen.;After having dinner together, I still have to quickly wash the dishes.;verb;يغسل المواعين;;;wash;;;
3542;forscher;researcher / scientist;Der junge Forscher arbeitet an einem neuen Projekt im Labor.;The young researcher is working on a new project in the laboratory.;noun;باحث;m;Forscher;researcher;;;
3543;unsterblich;immortal;In vielen alten Geschichten träumen die Menschen davon, unsterblich zu sein.;In many ancient stories, people dream of being immortal.;adjective;خالد;;;immortal;;;
3544;verdoppeln;to double;Das Unternehmen möchte seinen Gewinn im nächsten Jahr verdoppeln.;The company wants to double its profit next year.;verb;يضاعف;;;double;;;
3545;wegrennen;to run away;Als der Hund laut bellte, wollte das kleine Kind schnell wegrennen.;When the dog barked loudly, the little child wanted to run away quickly.;verb;يجري بعيد;;;run away;;;
3546;Hobby;hobby;In meiner Freizeit ist das Kochen mein liebstes Hobby.;In my free time, cooking is my favorite hobby.;noun;هواية;n;;hobby;;;
3547;Conrad;Conrad;Conrad bringt heute Kuchen für alle Kollegen ins Büro mit.;Conrad is bringing cake to the office for all the colleagues today.;noun;كونراد;m;;Conrad;;;
3548;Holly;Holly;Holly hat gestern eine tolle Feier für ihre Freunde vorbereitet.;Holly prepared a great party for her friends yesterday.;noun;هولي;f;;Holly;;;
3549;Zahnarzt;dentist;Ich habe morgen früh um neun Uhr einen Termin beim Zahnarzt.;I have an appointment with the dentist tomorrow morning at nine o'clock.;noun;دكتور سنان;m;;dentist;;;
3550;beneide;to envy / envy;Ich beneide dich wirklich um deinen schönen Garten.;I really envy you for your beautiful garden.;verb;يحسد;;;envy;;;
3551;hochgehen;to go up / explode;Wir müssen die Treppe hochgehen, weil der Aufzug heute nicht funktioniert.;We have to go up the stairs because the elevator isn't working today.;verb;يطلع لفوق;;;go up;;;
3552;zufolge;according to;Dem aktuellen Wetterbericht zufolge soll es am Wochenende sonnig werden.;According to the current weather report, it is supposed to be sunny on the weekend.;prep;بحسب;;;According to;;;
3553;oje;oh dear / oh no;Oje, ich habe ganz vergessen, Milch aus dem Supermarkt mitzubringen!;Oh dear, I completely forgot to bring milk from the supermarket!;interjection;يا خبر;;Oje;Oh dear;;;
3554;loyal;loyal;Er ist ein sehr loyaler Freund, auf den man sich immer verlassen kann.;He is a very loyal friend whom you can always rely on.;adjective;مخلص;;;loyal;;;
3555;zugefügt;inflicted / caused;Der starke Sturm hat den Häusern im Dorf schweren Schaden zugefügt.;The strong storm inflicted severe damage on the houses in the village.;verb;سبّب;;;inflicted;;;
3556;Schach;chess;Mein Großvater spielt jeden Sonntagnachmittag gern eine Runde Schach.;My grandfather likes playing a game of chess every Sunday afternoon.;noun;شطرنج;n;;chess;;;
3557;Kammer;chamber / storeroom;Die alten Koffer stehen hinten in der kleinen Kammer neben der Küche.;The old suitcases are in the back in the small storeroom next to the kitchen.;noun;أوضة خزين;f;;storeroom;;;
3558;Gemeinschaft;community / fellowship;In diesem kleinen Dorf gibt es eine sehr starke und hilfsbereite Gemeinschaft.;In this small village, there is a very strong and supportive community.;noun;مجتمع;f;;community;;;
3559;behilflich;helpful;Kann ich Ihnen bei der Suche nach dem richtigen Gleis behilflich sein?;Can I be helpful to you in finding the right platform?;adjective;مساعد;;;helpful;;;
3560;Adler;eagle;Hoch über den Bergen kreiste ein majestätischer Adler am Himmel.;High above the mountains, a majestic eagle circled in the sky.;noun;نسر;m;;eagle;;;
3561;Kondom;condom;Ein Kondom schützt zuverlässig vor Krankheiten und ungewollter Schwangerschaft.;A condom reliably protects against diseases and unwanted pregnancy.;noun;واقي ذكري;n;;condom;;;
3562;entsetzlich;terrible / awful;Der Lärm von der Baustelle vor unserem Haus war heute wirklich entsetzlich.;The noise from the construction site in front of our house was really terrible today.;adjective;فظيع;;;terrible;;;
3563;lila;purple / violet;Sie hat sich ein schönes lila Kleid für die Sommerparty gekauft.;She bought a nice purple dress for the summer party.;adjective;بنفسجي;;;purple;;;
3564;arbeitslos;unemployed;Nachdem die Fabrik geschlossen wurde, war er für einige Monate arbeitslos.;After the factory closed, he was unemployed for a few months.;adjective;عاطل;;;unemployed;;;
3565;beklagen;to complain / lament;Viele Fahrgäste beklagen sich regelmäßig über die ständigen Verspätungen der Bahn.;Many passengers regularly complain about the constant delays of the train.;verb;يشتكي;;;complain;;;
3566;durchgeknallt;crazy / nuts;Dieser verrückte Vorschlag klingt im ersten Moment total durchgeknallt.;This crazy suggestion sounds totally nuts at first.;adjective;مجنون;;;nuts;;;
3567;entwischt;escaped / slipped away;Die kleine Katze ist gestern unbemerkt durch das offene Fenster entwischt.;The little cat escaped unnoticed through the open window yesterday.;verb;هرب;;;escaped;;;
3568;fortfahren;to continue / proceed;Wir können jetzt mit dem nächsten Punkt auf der Tagesordnung fortfahren.;We can now proceed with the next item on the agenda.;verb;يكمل;;;proceed;;;
3569;Rente;pension / retirement;Mein Onkel freut sich schon sehr auf seine baldige Rente.;My uncle is already looking forward to his upcoming retirement.;noun;معاش;f;;retirement;;;
3570;allmächtiger;almighty / omnipotent;Du allmächtiger Gott, das hätte ich im Leben nicht für möglich gehalten!;Almighty God, I wouldn't have thought that possible in a lifetime!;adjective;القدير;;;Almighty;;;
3571;Winkel;angle / corner;Die beiden Wände treffen genau im rechten Winkel aufeinander.;The two walls meet at an exact right angle.;noun;زاوية;m;;angle;;;
3572;Bewohner;resident / occupant;Die Bewohner des Hauses haben sich gestern über den lauten Lärm beschwert.;The residents of the house complained about the loud noise yesterday.;noun;سكان;m;;residents;;;
3573;Weltkrieg;world war;Mein Urgroßvater hat im Zweiten Weltkrieg gekämpft.;My great-grandfather fought in the Second World War.;noun;حرب عالمية;m;;World War;;;
3574;Christopher;Christopher;Christopher kommt heute Abend etwas später zum Training.;Christopher is coming to training a bit later tonight.;noun;كريستوفر;m;;Christopher;;;
3575;Gabriel;Gabriel;Gabriel hat sich gestern ein neues Fahrrad gekauft.;Gabriel bought himself a new bicycle yesterday.;noun;جابرييل;m;;Gabriel;;;
3576;Gans;goose;Zu Weihnachten essen viele Familien in Deutschland eine Gans.;At Christmas, many families in Germany eat a goose.;noun;وزة;f;;goose;;;
3577;Mitgefühl;sympathy / compassion;Ich habe tiefes Mitgefühl mit den Opfern des Unfalls.;I have deep sympathy for the victims of the accident.;noun;تعاطف;n;;sympathy;;;
3578;Tower;control tower;Der Pilot wartet auf die Erlaubnis vom Tower zur Landung.;The pilot is waiting for permission from the control tower to land.;noun;برج المراقبة;m;;control tower;;;
3579;Anhänger;supporter / fan;Er ist seit vielen Jahren ein treuer Anhänger dieses Fußballvereins.;He has been a loyal supporter of this soccer club for many years.;noun;مشجع;m;;supporter;;;
3580;einbringen;to contribute;Sie möchte neue Ideen in das Projekt einbringen.;She wants to contribute new ideas to the project.;verb;يساهم;;;contribute;;;
3581;fertigmachen;to get ready;Ich muss mich noch schnell für die Party fertigmachen.;I still have to quickly get ready for the party.;verb;يجهز;;;get ready;;;
3582;Allah;Allah / God;Muslime auf der ganzen Welt beten zu Allah.;Muslims all over the world pray to Allah.;noun;الله;m;;Allah;;;
3583;weiterleben;to live on;Seine Musik wird in den Herzen der Fans für immer weiterleben.;His music will live on forever in the hearts of the fans.;verb;يفضل عايش;;;live on;;;
3584;ausgelassen;exuberant / cheerful;Die Stimmung auf der Geburtstagsfeier war gestern sehr ausgelassen.;The atmosphere at the birthday party yesterday was very exuberant.;adjective;هايص;;;exuberant;;;
3585;Passwort;password;Ich habe leider mein Passwort für das E-Mail-Konto vergessen.;Unfortunately, I forgot my password for the email account.;noun;باسورد;n;;password;;;
3586;Abfall;waste / trash;Bitte werfen Sie Ihren Abfall in den Mülleimer dort drüben.;Please throw your waste into the trash can over there.;noun;زبالة;m;;waste;;;
3587;schwelle;threshold / doorstep;Er blieb zögernd an der Schwelle zur Küche stehen.;He stopped hesitantly on the threshold to the kitchen.;noun;عتبة;f;Schwelle;threshold;;;
3588;Kaninchen;rabbit;Meine kleine Schwester füttert jeden Morgen ihr Kaninchen mit Karotten.;My little sister feeds her rabbit with carrots every morning.;noun;أرنب;n;;rabbit;;;
3589;März;March;Der Frühling beginnt offiziell im März.;Spring officially begins in March.;noun;مارس;m;;March;;;
3590;Zeugin;witness (female);Die Zeugin konnte den Tathergang genau beschreiben.;The witness was able to describe the course of events precisely.;noun;شاهدة;f;;witness;;;
3591;benannt;named / named after;Die Straße wurde nach einem berühmten Dichter benannt.;The street was named after a famous poet.;verb;متسمي;;;named;;;
3592;Z;Z;Der Buchstabe Z ist der letzte Buchstabe im deutschen Alphabet.;The letter Z is the last letter in the German alphabet.;noun;حرف الـ Z;n;;Z;;;
3593;verfehlt;missed;Der Schuss hat das Ziel leider knapp verfehlt.;Unfortunately, the shot narrowly missed the target.;verb;مجاش في الهدف;;;missed;;;
3594;Baseball;baseball;In den USA spielen viele Kinder im Sommer Baseball.;In the USA, many children play baseball in the summer.;noun;بيسبول;m;;baseball;;;
3595;Kardinal;cardinal;Der Kardinal wurde vom Papst zu einer Versammlung nach Rom gerufen.;The cardinal was called to Rome by the Pope for a meeting.;noun;كاردينال;m;;cardinal;;;
3596;Konflikt;conflict;Wir müssen diesen Konflikt friedlich und durch Gespräche lösen.;We must resolve this conflict peacefully and through discussions.;noun;خلاف;m;;conflict;;;
3597;stur;stubborn;Sei doch nicht so stur und hör mir einfach mal kurz zu!;Don't be so stubborn and just listen to me for a moment!;adjective;عنيد;;;stubborn;;;
3598;aufsuchen;to consult / visit;Wenn die Schmerzen anhalten, solltest du einen Arzt aufsuchen.;If the pain persists, you should consult a doctor.;verb;يروح لـ;;;consult;;;
3599;restlichen;remaining;Die restlichen Kekse können wir für morgen aufheben.;We can save the remaining cookies for tomorrow.;adjective;الباقي;;;remaining;;;
3600;Regina;Regina;Regina arbeitet seit diesem Monat als Lehrerin an unserer Schule.;Regina has been working as a teacher at our school since this month.;noun;ريجينا;f;;Regina;;;
3601;angemeldet;registered / signed up;Hast du dich schon für den neuen Deutschkurs angemeldet?;Have you already registered for the new German course?;verb;سجل;;;registered;;;
3602;rumlaufen;to walk around;Du kannst bei dieser Kälte doch nicht ohne Jacke rumlaufen!;You can't walk around without a jacket in this cold!;verb;يلفلف;;;walk around;;;
3603;Funkgerät;two-way radio / walkie-talkie;Die Polizisten sprechen über das Funkgerät mit der Zentrale.;The police officers are speaking with headquarters over the two-way radio.;noun;لاسلكي;n;;two-way radio;;;
3604;Satan;Satan / devil;In manchen alten Geschichten versucht der Satan, die Menschen zu verführen.;In some old stories, Satan tries to tempt people.;noun;شيطان;m;;Satan;;;
3605;wurzeln;roots;Die alten Bäume im Park haben sehr tiefe Wurzeln.;The old trees in the park have very deep roots.;noun;جدور;f;Wurzeln;roots;;;
3606;bezug;cover;Ich habe gestern einen neuen Bezug für das Kopfkissen gekauft.;Yesterday I bought a new cover for the pillow.;noun;كيس المخدة;m;Bezug;cover;;;
3607;Feiertage;holidays / public holidays;Über die Feiertage fahre ich mit meiner Familie in die Berge.;Over the holidays, I am going to the mountains with my family.;noun;إجازات;m;;holidays;;;
3608;betäubt;numbed / anesthetized;Der Zahnarzt hat meinen Zahn vor der Behandlung betäubt.;The dentist numbed my tooth before the treatment.;verb;بنج;;;numbed;;;
3609;Manhattan;Manhattan;Viele berühmte Wolkenkratzer stehen in Manhattan.;Many famous skyscrapers are located in Manhattan.;noun;مانهاتن;n;;Manhattan;;;
3610;abgeschossen;shot down;Die Drohne wurde gestern über dem Meer abgeschossen.;The drone was shot down over the sea yesterday.;verb;اتضرب بالنار;;;shot down;;;
3611;vollbracht;accomplished / achieved;Nach monatelanger harter Arbeit haben wir das große Werk endlich vollbracht.;After months of hard work, we finally accomplished the great work.;verb;أنجز;;;accomplished;;;
3612;Schweiz;Switzerland;Viele Touristen reisen in die Schweiz, um in den Alpen Ski zu fahren.;Many tourists travel to Switzerland to ski in the Alps.;noun;سويسرا;f;;Switzerland;;;
3613;Jubel;cheering / jubilation;Als der Schiedsrichter abpfiff, brach im Stadion riesiger Jubel aus.;When the referee blew the whistle, huge cheering erupted in the stadium.;noun;هتاف;m;;cheering;;;
3614;Reiter;rider / horseman;Der erfahrene Reiter führte sein Pferd vorsichtig über die Wiese.;The experienced rider carefully led his horse across the meadow.;noun;خيّال;m;;rider;;;
3615;Rucksack;backpack;Ich packe meinen Rucksack für den morgigen Ausflug in die Berge.;I'm packing my backpack for tomorrow's excursion into the mountains.;noun;شنطة ضهر;m;;backpack;;;
3616;schuppen;shed;Er hat sein altes Fahrrad im Schuppen hinter dem Haus abgestellt.;He parked his old bicycle in the shed behind the house.;noun;عشة;m;Schuppen;shed;;;
3617;taugt;is suitable / is good;Sein alter Computer taugt noch gut für einfache Büroarbeiten.;His old computer is still suitable for simple office work.;verb;ينفع;;;suitable;;;
3618;weiterfahren;to continue driving;Nach einer kurzen Pause an der Raststätte konnten wir endlich weiterfahren.;After a short break at the rest stop, we were finally able to continue driving.;verb;يكمل سواقة;;;continue driving;;;
3619;Standort;location / site;Die Firma hat einen neuen Standort in München eröffnet.;The company opened a new location in Munich.;noun;مقر;m;;location;;;
3620;erwürgt;strangled;Die Ermittler stellten fest, dass das Opfer im Schlaf erwürgt wurde.;The investigators found that the victim was strangled in his sleep.;verb;اتخنق;;;strangled;;;
3621;Halloween;Halloween;An Halloween verkleiden sich viele Kinder und bitten um Süßigkeiten.;On Halloween, many children dress up and ask for sweets.;noun;هالوين;n;;Halloween;;;
3622;physisch;physically / physical;Er fühlte sich nach der langen Wanderung physisch völlig erschöpft.;He felt physically completely exhausted after the long hike.;adjective;جسدي;;;physically;;;
3623;pierce;Pierce;Pierce hat heute seinen ersten Arbeitstag in unserem neuen Büro.;Pierce has his first day of work in our new office today.;noun;بيرس;m;Pierce;Pierce;;;
3624;Tankstelle;gas station / petrol station;Wir müssen an der nächsten Tankstelle anhalten, um Benzin zu tanken.;We have to stop at the next gas station to get gas.;noun;بنزينة;f;;gas station;;;
3625;duck;to duck / duck down;Duck dich schnell, bevor der Ball dich am Kopf trifft!;Duck down quickly before the ball hits you in the head!;verb;يوطي;;Duck;Duck down;;;
3626;Italiener;Italian / Italian man;Mein Nachbar ist ein freundlicher Italiener, der fantastisch kochen kann.;My neighbor is a friendly Italian who can cook fantastically.;noun;إيطالي;m;;Italian;;;
3627;Tokio;Tokyo;Meine Schwester möchte nächstes Jahr für zwei Wochen nach Tokio fliegen.;My sister wants to fly to Tokyo for two weeks next year.;noun;طوكيو;n;;Tokyo;;;
3628;nirgendwohin;nowhere / to nowhere;Ich habe heute frei und möchte nirgendwohin gehen, sondern nur zu Hause entspannen.;I have the day off today and want to go nowhere, but just relax at home.;adverb;ولا لأي حتة;;;nowhere;;;
3629;Tafel;blackboard / bar (of chocolate);Der Lehrer schreibt die Hausaufgaben mit Kreide an die Tafel.;The teacher writes the homework on the blackboard with chalk.;noun;سبورة;f;;blackboard;;;
3630;Gespenst;ghost / phantom;Das kleine Kind hat Angst, dass ein Gespenst unter seinem Bett wohnt.;The little child is afraid that a ghost lives under his bed.;noun;عفريت;n;;ghost;;;
3631;Haft;custody / detention / imprisonment;Der Angeklagte wurde nach dem Urteil sofort in Haft genommen.;The defendant was taken into custody immediately after the verdict.;noun;حبس;f;;custody;;;
3632;nachfrage;demand / inquiry;Die Nachfrage nach bezahlbaren Wohnungen ist in unserer Stadt sehr groß.;The demand for affordable apartments is very high in our city.;noun;طلب;f;Nachfrage;demand;;;
3633;Schwarm;swarm / flock / crush;Am Himmel zog ein riesiger Schwarm von Vögeln nach Süden.;A huge flock of birds flew south across the sky.;noun;سرب;m;;flock;;;
3634;Fahrstuhl;elevator / lift;Weil der Fahrstuhl kaputt war, mussten wir die Treppe in den fünften Stock nehmen.;Because the elevator was broken, we had to take the stairs to the fifth floor.;noun;أسانسير;m;;elevator;;;
3635;Vanessa;Vanessa;Vanessa hat sich für ihren neuen Job eine schöne Wohnung in Berlin gemietet.;Vanessa rented a nice apartment in Berlin for her new job.;noun;فانيسا;f;;Vanessa;;;
3636;bestechen;to bribe / corrupt;Der Geschäftsmann versuchte vergeblich, den Beamten mit Geld zu bestechen.;The businessman tried in vain to bribe the official with money.;verb;يرشي;;;bribe;;;
3637;Anzahl;number / quantity;Eine große Anzahl von Teilnehmern hat sich bereits für den Kurs angemeldet.;A large number of participants has already registered for the course.;noun;عدد;f;;number;;;
3638;Noah;Noah;Noah hilft seinem kleinen Bruder jeden Nachmittag bei den Hausaufgaben.;Noah helps his little brother with his homework every afternoon.;noun;نوح;m;;Noah;;;
3639;Paula;Paula;Paula hat einen leckeren Kuchen für die Geburtstagsparty gebacken.;Paula baked a delicious cake for the birthday party.;noun;باولا;f;;Paula;;;
3640;nachkommen;to follow / come later;Geht schon mal vor ins Restaurant, ich werde in einer halben Stunde nachkommen.;Go ahead to the restaurant, I will follow in half an hour.;verb;يلحق بـ;;;follow;;;
3641;Infos;information / info;Weitere Infos zu diesem Thema findest du auf unserer Website.;You can find further info on this topic on our website.;noun;معلومات;f;;info;;;
3642;abscheulich;abominable / hideous / repulsive;Das Essen in dieser billigen Kantine hat heute wirklich abscheulich geschmeckt.;The food in this cheap canteen tasted truly abominable today.;adjective;مقرف;;;abominable;;;
3643;Mafia;mafia / mob;Die Polizei ermittelt seit Monaten gegen die örtliche Mafia.;The police have been investigating the local mafia for months.;noun;مافيا;f;;mafia;;;
3644;wandeln;to change / transform;Die Zeiten wandeln sich, und wir müssen uns anpassen.;Times change, and we have to adapt.;verb;يتغير;;;change;;;
3645;zurücktreten;to resign / step back;Nach dem großen Skandal musste der Minister von seinem Amt zurücktreten.;After the big scandal, the minister had to resign from his post.;verb;يستقيل;;;resign;;;
3646;Echo;echo / response;In den Bergen riefen wir laut und hörten sofort ein deutliches Echo.;In the mountains we shouted loudly and immediately heard a clear echo.;noun;صدى صوت;n;;echo;;;
3647;Silber;silver;Die alte Kette meiner Großmutter besteht aus reinem Silber.;My grandmother's old necklace is made of pure silver.;noun;فضة;n;;silver;;;
3648;Lola;Lola;Lola geht jeden Samstagmorgen mit ihrem Hund im Park spazieren.;Lola goes for a walk in the park with her dog every Saturday morning.;noun;لولا;f;;Lola;;;
3649;Konferenz;conference / meeting;Mein Chef nimmt diese Woche an einer wichtigen Konferenz in Hamburg teil.;My boss is attending an important conference in Hamburg this week.;noun;مؤتمر;f;;conference;;;
3650;Schurken;villains / scoundrels;Im Film kämpft der Superheld gegen eine Gruppe gefährlicher Schurken.;In the movie, the superhero fights against a group of dangerous villains.;noun;أشرار;m;;villains;;;
3651;Anwältin;lawyer (female) / attorney;Meine Anwältin hat mir geraten, den Vertrag vor der Unterschrift genau zu prüfen.;My lawyer advised me to examine the contract carefully before signing.;noun;محامية;f;;lawyer;;;
3652;Diana;Diana;Diana hat gestern die Prüfung für ihren Führerschein bestanden.;Diana passed the test for her driver's license yesterday.;noun;ديانا;f;;Diana;;;
3653;lutschen;to suck / suck on;Wenn ich Halsschmerzen habe, trinke ich Tee und muss Bonbons lutschen.;When I have a sore throat, I drink tea and have to suck on candies.;verb;يمص;;;suck on;;;
3654;abkommen;to stray / deviate;Bei Schnee und Glatteis kann ein Auto leicht von der Straße abkommen.;In snow and black ice, a car can easily stray from the road.;verb;ينحرف عن;;;stray;;;
3655;beraten;to advise / consult;Die Mitarbeiterin im Reisebüro konnte uns sehr freundlich und kompetent beraten.;The employee at the travel agency was able to advise us very friendly and competently.;verb;ينصح;;;advise;;;
3656;mexikanischen;Mexican;Wir haben gestern Abend in einem gemütlichen mexikanischen Restaurant gegessen.;We ate at a cozy Mexican restaurant yesterday evening.;adjective;مكسيكي;;;Mexican;;;
3657;rückwärts;backwards / in reverse;Er konnte das Auto problemlos rückwärts in die enge Parklücke fahren.;He was able to easily drive the car backwards into the tight parking space.;adverb;لورا;;;backwards;;;
3658;Einzelheiten;details / particulars;Über die genauen Einzelheiten des Vertrags sprechen wir morgen im Meeting.;We will talk about the exact details of the contract in tomorrow's meeting.;noun;تفاصيل;f;;details;;;
3659;verständlich;understandable / clear;Die Erklärung des Lehrers war für alle Schüler leicht verständlich.;The teacher's explanation was easily understandable for all students.;adjective;مفهوم;;;understandable;;;
3660;davonkommen;to get away / escape;Nach dem schweren Unfall konnte er zum Glück mit leichten Verletzungen davonkommen.;After the serious accident, he was fortunately able to get away with minor injuries.;verb;يفلت;;;get away;;;
3661;Betracht;consideration;Diese teure Wohnung kommt für uns finanziell leider nicht in Betracht.;Unfortunately, this expensive apartment does not come into consideration for us financially.;noun;اعتبار;m;;consideration;;;
3662;Handtasche;handbag / purse;Sie hat ihre Geldbörse in der Handtasche vergessen und konnte nicht bezahlen.;She forgot her wallet in her handbag and couldn't pay.;noun;شنطة يد;f;;handbag;;;
3663;Computerlogbuch;computer log;Der Kapitän trug die wichtigsten Ereignisse der Mission in das Computerlogbuch ein.;The captain entered the most important events of the mission into the computer log.;noun;سجل الكمبيوتر;n;;computer log;;;
3664;Häuptling;chief / chieftain;Der Häuptling versammelte die Dorfbewohner am Abend um das große Lagerfeuer.;The chief gathered the villagers around the large campfire in the evening.;noun;زعيم قبيلة;m;;chief;;;
3665;eingereicht;submitted / filed;Ich habe meinen Urlaubsantrag schon vor zwei Wochen beim Chef eingereicht.;I already submitted my vacation request to the boss two weeks ago.;verb;اتقدم;;;submitted;;;
3666;Kuppel;dome / cupola;Von der gläsernen Kuppel des Reichstags hat man eine fantastische Aussicht über Berlin.;From the glass dome of the Reichstag one has a fantastic view over Berlin.;noun;قبة;f;;dome;;;
3667;Ablenkung;distraction / diversion;Nach dem anstrengenden Arbeitstag brauchte er dringend etwas Ablenkung beim Sport.;After the exhausting workday, he urgently needed some distraction through sports.;noun;تشتيت;f;;distraction;;;
3668;beiseite;aside / to the side;Er legte die Zeitung beiseite, um seiner Frau aufmerksam zuzuhören.;He put the newspaper aside to listen attentively to his wife.;adverb;على جنب;;;aside;;;
3669;Besprechung;meeting / discussion;Wir haben um zehn Uhr eine wichtige Besprechung mit der neuen Abteilungsleiterin.;We have an important meeting at ten o'clock with the new department manager.;noun;اجتماع;f;;meeting;;;
3670;zweifellos;undoubtedly / without doubt;Sie ist zweifellos eine der begabtesten Musikerinnen an unserer Musikschule.;She is undoubtedly one of the most talented musicians at our music school.;adverb;من غير شك;;;undoubtedly;;;
3671;Champion;champion;Nach einem harten Finalkampf wurde der Boxer zum neuen Champion gekürt.;After a hard final bout, the boxer was crowned the new champion.;noun;بطل;m;;champion;;;
3672;Ersatz;replacement / substitute;Als mein Kollege krank wurde, musste der Chef schnell einen geeigneten Ersatz finden.;When my colleague fell ill, the boss had to quickly find a suitable replacement.;noun;بديل;m;;replacement;;;
3673;historischen;historic / historical;Wir machten einen Spaziergang durch den historischen Stadtkern.;We took a walk through the historic city center.;adjective;تاريخي;;;historic;;;
3674;Zeitverschwendung;waste of time;Diesen schlechten Film zu schauen war eine totale Zeitverschwendung.;Watching this bad movie was a total waste of time.;noun;تضييع وقت;f;;waste of time;;;
3675;schmuggeln;to smuggle;Er versuchte, teure Uhren über die Grenze zu schmuggeln.;He tried to smuggle expensive watches across the border.;verb;يهرب;;;smuggle;;;
3676;Autorität;authority;Der neue Lehrer hat Schwierigkeiten, seine Autorität in der Klasse durchzusetzen.;The new teacher has difficulty establishing his authority in the classroom.;noun;سلطة;f;;authority;;;
3677;befriedigen;to satisfy;Die kurze Antwort konnte seine Neugier nicht ganz befriedigen.;The brief answer couldn't completely satisfy his curiosity.;verb;يرضي;;;satisfy;;;
3678;beton;concrete;Die neue Brücke wurde komplett aus Beton gebaut.;The new bridge was built entirely of concrete.;noun;خرسانة;m;Beton;concrete;;;
3679;notiert;to note down / noted down;Ich habe mir deine Handynummer schnell notiert.;I quickly noted down your cell phone number.;verb;سجل;;;noted down;;;
3680;zitieren;to quote / cite;Darf ich dich in meinem Vortrag kurz zitieren?;May I briefly quote you in my presentation?;verb;يقتبس;;;quote;;;
3681;mitgehen;to come along / go along;Wir gehen gleich zum Supermarkt, möchtest du mitgehen?;We're going to the supermarket soon, do you want to come along?;verb;يروح مع;;;come along;;;
3682;Devon;Devon;Wir haben unseren letzten Sommerurlaub an der Küste von Devon verbracht.;We spent our last summer vacation on the coast of Devon.;noun;ديفون;n;;Devon;;;
3683;Stadion;stadium;Am Samstag gehen tausende Fans ins Stadion, um das Spiel zu sehen.;On Saturday, thousands of fans are going to the stadium to watch the game.;noun;استاد;n;;stadium;;;
3684;entziehen;to revoke / withdraw;Die Polizei musste ihm nach dem schweren Unfall den Führerschein entziehen.;The police had to revoke his driver's license after the serious accident.;verb;يسحب;;;revoke;;;
3685;Häftling;inmate / prisoner;Der Häftling wurde nach guter Führung vorzeitig entlassen.;The inmate was released early after good behavior.;noun;مسجون;m;;inmate;;;
3686;Transporter;van;Für unseren Umzug haben wir uns einen großen Transporter gemietet.;We rented a large van for our move.;noun;عربية نقل;m;;van;;;
3687;Bude;stall / booth;An der kleinen Bude am Marktplatz gibt es die besten Würstchen.;At the small stall on the market square they sell the best sausages.;noun;كشك;f;;stall;;;
3688;Henker;executioner / hangman;Im Mittelalter vollstreckte der Henker die Urteile des Gerichts.;In the Middle Ages, the executioner carried out the court's sentences.;noun;عشماوي;m;;executioner;;;
3689;Hinrichtung;execution;Die geplante Hinrichtung wurde im allerletzten Augenblick abgesagt.;The planned execution was canceled at the very last moment.;noun;إعدام;f;;execution;;;
3690;abknallen;to gun down / shoot down;In diesem Actionspiel muss man feindliche Drohnen abknallen.;In this action game, you have to gun down enemy drones.;verb;يطخ;;;gun down;;;
3691;erschlagen;to slay / strike dead;Der Held im Märchen konnte den bösen Drachen erschlagen.;The hero in the fairy tale was able to slay the evil dragon.;verb;يقتل ضرب;;;slay;;;
3692;Republik;republic;Deutschland ist eine demokratische Republik mit freien Wahlen.;Germany is a democratic republic with free elections.;noun;جمهورية;f;;republic;;;
3693;klammern;to cling / clutch;Das kleine Kind wollte sich vor Angst an seine Mutter klammern.;The small child wanted to cling to his mother out of fear.;verb;يمسك جامد;;;cling;;;
3694;Turner;gymnast;Der talentierte Turner zeigte eine fehlerfreie Übung am Barren.;The talented gymnast showed a flawless routine on the parallel bars.;noun;لاعب جمباز;m;;gymnast;;;
3695;Draht;wire;Wir brauchen ein langes Stück Draht, um den Zaun im Garten zu flicken.;We need a long piece of wire to mend the fence in the garden.;noun;سلك;m;;wire;;;
3696;koks;coke / cocaine;Die Ermittler fanden bei der Razzia mehrere Päckchen Koks.;During the raid, investigators found several packets of coke.;noun;كوكايين;m;Koks;coke;;;
3697;rangehen;to answer / pick up;Mein Handy klingelt schon wieder, aber ich will gerade nicht rangehen.;My cell phone is ringing again, but I really don't want to answer it right now.;verb;يرد;;;answer;;;
3698;räuspert;to clear one's throat;Er räuspert sich nervös, bevor er vor dem Publikum zu sprechen beginnt.;He nervously clears his throat before he begins to speak in front of the audience.;verb;يتنحنح;;;clears his throat;;;
3699;Einsamkeit;loneliness / solitude;Nachdem ihre Kinder ausgezogen waren, spürte sie oft eine tiefe Einsamkeit.;After her children moved out, she often felt a deep loneliness.;noun;وحدة;f;;loneliness;;;
3700;Wirtschaft;economy;Hohe Energiepreise stellen eine große Belastung für die Wirtschaft dar.;High energy prices represent a heavy burden on the economy.;noun;اقتصاد;f;;economy;;;
3701;übermorgen;the day after tomorrow;Morgen habe ich keine Zeit, aber übermorgen können wir uns gerne treffen.;I don't have time tomorrow, but we can gladly meet the day after tomorrow.;adverb;بعد بكرة;;;the day after tomorrow;;;
3702;erstatten;to refund / reimburse;Die Fluggesellschaft muss den Passagieren den vollen Ticketpreis erstatten.;The airline must refund the full ticket price to the passengers.;verb;يرجع فلوس;;;refund;;;
3703;meiden;to avoid / shun;An heißen Sommertagen sollte man die pralle Mittagssonne meiden.;On hot summer days, you should avoid the blazing midday sun.;verb;يتجنب;;;avoid;;;
3704;minus;minus;Heute Nacht sinken die Temperaturen draußen auf minus vier Grad.;Tonight the temperatures outside will drop to minus four degrees.;prep;تحت الصفر;;;minus;;;
3705;Division;division;In der Grundschule lernen die Kinder Addition, Subtraktion und Division.;In elementary school, children learn addition, subtraction, and division.;noun;قسمة;f;;division;;;
3706;Entdeckung;discovery;Die Entdeckung von neuen Planeten fasziniert Astronomen auf der ganzen Welt.;The discovery of new planets fascinates astronomers all over the world.;noun;اكتشاف;f;;discovery;;;
3707;verbannt;to banish / exiled;Der Kaiser hat den aufständischen Minister auf eine ferne Insel verbannt.;The emperor banished the rebellious minister to a distant island.;verb;نفى;;;banished;;;
3708;verfallen;to expire;Wenn du die Gutscheine nicht bald einlöst, werden sie verfallen.;If you don't redeem the vouchers soon, they will expire.;verb;ينتهي;;;expire;;;
3709;Khan;Khan;Dschingis Khan herrschte damals über ein riesiges Steppenreich.;Genghis Khan ruled over a vast steppe empire back then.;noun;خان;m;;Khan;;;
3710;Haftbefehl;arrest warrant;Gegen den Flüchtigen liegt seit gestern ein bundesweiter Haftbefehl vor.;A nationwide arrest warrant has been out for the fugitive since yesterday.;noun;أمر قبض;m;;arrest warrant;;;
3711;Sprengstoff;explosives;Die Bauarbeiter setzen Sprengstoff ein, um den alten Felsen abzutragen.;The construction workers are using explosives to remove the old rock.;noun;متفجرات;m;;explosives;;;
3712;erbarmen;to take pity / have mercy;Kann sich bitte jemand erbarmen und den Müll nach unten bringen?;Could someone please have mercy and take the trash downstairs?;verb;يصعب عليه;;;have mercy;;;
3713;Geschrei;screaming / shouting;Das laute Geschrei der Kinder im Garten riss mich aus dem Schlaf.;The children's loud screaming in the garden woke me from my sleep.;noun;صريخ;n;;screaming;;;
3714;Resultat;result / outcome;Mit dem Resultat der gestrigen Verhandlung sind alle Beteiligten sehr zufrieden.;Everyone involved is very satisfied with the result of yesterday's negotiation.;noun;نتيجة;n;;result;;;
3715;endlos;endless;Das Meeting im Büro dauerte heute wieder gefühlt endlos.;Today the meeting at the office felt endless once again.;adjective;مالوش نهاية;;;endless;;;
3716;abhängig;dependent;Er verdient sein eigenes Geld und will nicht mehr von seinen Eltern abhängig sein.;He earns his own money and no longer wants to be dependent on his parents.;adjective;معتمد على;;;dependent;;;
3717;hülle;case / cover;Ich habe mir eine stabile Hülle für mein neues Handy gekauft.;I bought a sturdy case for my new cell phone.;noun;جراب;f;Hülle;case;;;
3718;Bestimmung;regulation / provision;Nach der neuen gesetzlichen Bestimmung müssen alle Hunde an der Leine geführt werden.;According to the new legal regulation, all dogs must be kept on a leash.;noun;لائحة;f;;regulation;;;
3719;Genehmigung;permit / permission;Für das Parken in dieser Straße braucht man eine offizielle Genehmigung.;For parking on this street, you need an official permit.;noun;تصريح;f;;permit;;;
3720;klirren;to clink / rattle;Beim Zuprosten ließen wir die Gläser fröhlich klirren.;When toasting, we cheerfully made our glasses clink.;verb;يرن;;;clink;;;
3721;ähnelt;to resemble;Die kleine Tochter ähnelt ihrer Mutter vom Aussehen her sehr.;The little daughter closely resembles her mother in appearance.;verb;يشبه;;;resembles;;;
3722;Diagnose;diagnosis;Nach der gründlichen Blutuntersuchung stellte der Arzt eine klare Diagnose.;After the thorough blood test, the doctor made a clear diagnosis.;noun;تشخيص;f;;diagnosis;;;
3723;Schmidt;Schmidt;Herr Schmidt hat heute leider keine Zeit für eine kurze Besprechung.;Mr. Schmidt unfortunately has no time for a brief meeting today.;noun;شميت;m;;Schmidt;;;
3724;eingebildet;conceited / arrogant;Er ist so eingebildet, dass er fast nie mit seinen neuen Kollegen redet.;He is so conceited that he almost never talks to his new colleagues.;adjective;مغرور;;;conceited;;;
3725;Hinsicht;respect / regard;In dieser Hinsicht stimme ich deiner Einschätzung vollkommen zu.;In this respect, I completely agree with your assessment.;noun;ناحية;f;;respect;;;
3726;Kongress;congress / convention;Nächste Woche findet in Berlin ein großer internationaler Kongress statt.;Next week a large international congress will take place in Berlin.;noun;مؤتمر;m;;congress;;;
3727;down;down / depressed;Nach dem anstrengenden Arbeitstag fühlte ich mich gestern total down.;After the exhausting workday, I felt totally down yesterday.;adjective;محبط;;;down;;;
3728;kreativ;creative;Meine Schwester ist sehr kreativ und malt in ihrer Freizeit wunderschöne Bilder.;My sister is very creative and paints wonderful pictures in her free time.;adjective;مبدع;;;creative;;;
3729;Helikopter;helicopter;Der verletzte Wanderer wurde mit dem Helikopter schnell ins Krankenhaus geflogen.;The injured hiker was quickly flown to the hospital by helicopter.;noun;هليكوبتر;m;;helicopter;;;
3730;Marion;Marion;Marion hat mir gestern beim Streichen der Küche geholfen.;Marion helped me paint the kitchen yesterday.;noun;ماريون;f;;Marion;;;
3731;Lebensform;life form;Forscher suchen auf fernen Planeten nach einer einfachen Lebensform.;Researchers are searching distant planets for a simple life form.;noun;شكل حياة;f;;life form;;;
3732;Nelson;Nelson;Nelson hat gestern seinen dreißigsten Geburtstag mit Freunden gefeiert.;Nelson celebrated his thirtieth birthday with friends yesterday.;noun;نيلسون;m;;Nelson;;;
3733;dar;to represent (in darstellen) / forth;Die unerwartete Verzögerung stellt für unser ganzes Projekt ein großes Problem dar.;The unexpected delay represents a big problem for our entire project.;particle;يمثل;;;represents;;;
3734;Komplizen;accomplices;Die Polizei hat den Einbrecher und seine beiden Komplizen festgenommen.;The police arrested the burglar and his two accomplices.;noun;شركاء في الجريمة;m;;accomplices;;;
3735;Ranch;ranch;Er hat sein Stadtleben aufgegeben und eine kleine Ranch auf dem Land gekauft.;He gave up his city life and bought a small ranch in the country.;noun;مزرعة;f;;ranch;;;
3736;Niederlage;defeat / loss;Nach der bitteren Niederlage war die Stimmung in der ganzen Mannschaft sehr gedrückt.;After the bitter defeat, the mood throughout the entire team was very downcast.;noun;هزيمة;f;;defeat;;;
3737;Torte;cake / tart;Meine Mutter hat zum Geburtstag eine fruchtige Torte mit Erdbeeren gebacken.;My mother baked a fruity cake with strawberries for the birthday.;noun;تورتة;f;;cake;;;
3738;benachrichtigen;to notify / inform;Wir werden Sie per E-Mail benachrichtigen, sobald Ihre Bestellung abholbereit ist.;We will notify you by email as soon as your order is ready for pickup.;verb;يبلغ;;;notify;;;
3739;Merlin;Merlin;Unser kleiner Kater heißt Merlin und schläft den ganzen Tag auf dem Sofa.;Our little tomcat is named Merlin and sleeps all day on the sofa.;noun;ميرلين;m;;Merlin;;;
3740;ausschau;lookout;Wir halten am Bahnhof schon seit zehn Minuten nach dir Ausschau.;We have already been keeping a lookout for you at the train station for ten minutes.;noun;ترقّب;f;Ausschau;lookout;;;
3741;Eigenschaften;qualities / characteristics;Zuverlässigkeit und Geduld sind sehr wichtige Eigenschaften im Berufsleben.;Reliability and patience are very important qualities in professional life.;noun;صفات;f;;qualities;;;
3742;Fähnrich;officer cadet / ensign;Der junge Fähnrich meldete sich beim Kapitän pünktlich zum Dienst.;The young officer cadet reported to the captain punctually for duty.;noun;ضابط متدرب;m;;officer cadet;;;
3743;konkurrenz;competition / rivalry;Die Konkurrenz zwischen den beiden Bäckereien im Viertel ist sehr groß.;The competition between the two bakeries in the neighborhood is very big.;noun;منافسة;f;Konkurrenz;competition;;;
3744;hüpfen;to hop / jump;Die fröhlichen Kinder hüpfen im Garten begeistert auf dem Trampolin.;The cheerful children hop enthusiastically on the trampoline in the garden.;verb;ينط;;;hop;;;
3745;Begegnung;encounter / meeting;Die zufällige Begegnung mit meinem alten Schulfreund hat mich sehr gefreut.;The chance encounter with my old school friend made me very happy.;noun;لقاء;f;;encounter;;;
3746;Lauren;Lauren;Lauren studiert seit letztem Jahr Psychologie an der Universität in Heidelberg.;Lauren has been studying psychology at the university in Heidelberg since last year.;noun;لورين;f;;Lauren;;;
3747;sechsten;sixth;Er wohnt im sechsten Stock und nimmt morgens immer den schnellen Aufzug.;He lives on the sixth floor and always takes the fast elevator in the morning.;adjective;السادس;;;sixth;;;
3748;andermal;another time;Ich habe heute leider viel zu tun, lass uns ein andermal zusammen essen gehen.;Unfortunately I have a lot to do today, let's go eat together another time.;adverb;مرة تانية;;;another time;;;
3749;gewickelt;wrapped;Sie hat das Geburtstagsgeschenk sorgfältig in glänzendes Papier gewickelt.;She carefully wrapped the birthday present in shiny paper.;verb;لفّ;;;wrapped;;;
3750;Profit;profit / gain;Das Unternehmen konnte in diesem Jahr einen beachtlichen Profit erzielen.;The company was able to achieve a considerable profit this year.;noun;مكسب;m;;profit;;;
3751;intensiv;intensely / intensive;Sie hat sich wochenlang sehr intensiv auf das wichtige Vorstellungsgespräch vorbereitet.;She prepared intensely for the important job interview for weeks.;adjective;بشكل مكثف;;;intensely;;;
3752;quasi;practically / virtually;Mit dieser Unterschrift ist der Mietvertrag quasi schon abgeschlossen.;With this signature, the lease agreement is practically already concluded.;adverb;تقريباً;;;practically;;;
3753;Dealer;drug dealer / dealer;Die Polizei konnte den verdächtigen Dealer gestern Abend im Park festnehmen.;The police were able to arrest the suspicious drug dealer in the park yesterday evening.;noun;ديلر;m;;drug dealer;;;
3754;Notaufnahme;emergency room;Nach dem schweren Sturz fuhren sie sofort in die Notaufnahme des Krankenhauses.;After the severe fall, they drove immediately to the hospital's emergency room.;noun;طوارئ;f;;emergency room;;;
3755;Saison;season;Im Frühling beginnt die beste Saison für frischen deutschen Spargel.;In spring, the best season for fresh German asparagus begins.;noun;موسم;f;;season;;;
3756;Januar;January;Im Januar liegt in den Bergen meistens sehr viel Schnee.;In January, there is usually a lot of snow in the mountains.;noun;يناير;m;;January;;;
3757;Kätzchen;kitten;Das kleine Kätzchen schnurrt gemütlich auf dem weichen Kissen.;The little kitten purrs cozily on the soft cushion.;noun;قطة صغيرة;n;;kitten;;;
3758;beantragen;to apply for;Du solltest deinen neuen Reisepass mindestens zwei Monate vor der Reise beantragen.;You should apply for your new passport at least two months before the trip.;verb;يقدم على;;;apply for;;;
3759;erweitern;to expand / extend;Unser Betrieb möchte sein Angebot im nächsten Jahr deutlich erweitern.;Our company wants to expand its offer significantly next year.;verb;يوسّع;;;expand;;;
3760;Trip;trip;Wir planen für das nächste Wochenende einen spontanen Trip nach Hamburg.;We are planning a spontaneous trip to Hamburg for next weekend.;noun;رحلة;m;;trip;;;
3761;Tuch;cloth;Wisch bitte den Küchentisch gründlich mit einem feuchten Tuch ab.;Please wipe the kitchen table thoroughly with a damp cloth.;noun;قماشة;n;;cloth;;;
3762;Genick;neck / nape;Beim Sturz vom Fahrrad hat er sich glücklicherweise nicht das Genick gebrochen.;When falling from the bicycle, he fortunately did not break his neck.;noun;رقبة;n;;neck;;;
3763;Unterhose;underpants / briefs;Vergiss nicht, genügend frische Socken und eine saubere Unterhose einzupacken.;Don't forget to pack enough fresh socks and clean underpants.;noun;كلوت;f;;underpants;;;
3764;fit;fit / in shape;Um fit zu bleiben, fährt er jeden Morgen mit dem Fahrrad zur Arbeit.;To stay fit, he rides his bicycle to work every morning.;adjective;فورمة;;;fit;;;
3765;furz;fart;Der kleine Hund hat gerade einen lauten Furz gelassen.;The little dog just let out a loud fart.;noun;ضرطة;m;Furz;fart;;;
3766;angeordnet;ordered / decreed;Die Behörde hat eine sofortige Überprüfung aller Brandschutztüren angeordnet.;The authority ordered an immediate inspection of all fire doors.;verb;أمر بيه;;;ordered;;;
3767;anstand;decency / manners;Aus reinem Anstand hielt er der älteren Dame die schwere Eingangstür auf.;Out of sheer decency, he held the heavy front door open for the elderly lady.;noun;ذوق;m;Anstand;decency;;;
3768;bereithalten;to keep ready / have ready;Fahrgäste müssen vor dem Einsteigen in den Zug ihr Ticket bereithalten.;Passengers must keep ready their ticket before boarding the train.;verb;يخلّي جاهز;;;keep ready;;;
3769;Gewitter;thunderstorm;Am späten Nachmittag zieht über den Bergen ein schweres Gewitter auf.;In the late afternoon, a heavy thunderstorm is brewing over the mountains.;noun;عاصفة رعدية;n;;thunderstorm;;;
3770;Sehnsucht;longing / yearning;Sie hatte während ihres Auslandsjahres oft große Sehnsucht nach ihrer Familie.;During her year abroad, she often had a great longing for her family.;noun;شوق;f;;longing;;;
3771;senken;to lower / reduce;Der Supermarkt möchte die Preise für Grundnahrungsmittel spürbar senken.;The supermarket wants to lower the prices for basic foodstuffs noticeably.;verb;يقلل;;;lower;;;
3772;mittlerweile;by now / meanwhile;Wir wohnen mittlerweile seit mehr als fünf Jahren in dieser gemütlichen Wohnung.;By now, we have been living in this cozy apartment for more than five years.;adverb;دلوقتي;;;By now;;;
3773;Fotograf;photographer;Der Fotograf hat auf unserer Hochzeit wirklich tolle Fotos gemacht.;The photographer took really great photos at our wedding.;noun;مصوراتي;m;;photographer;;;
3774;Ruhestand;retirement;Nach vierzig Jahren harter Arbeit genießt mein Opa jetzt seinen Ruhestand.;After forty years of hard work, my grandpa is now enjoying his retirement.;noun;معاش;m;;retirement;;;
3775;Gewohnheit;habit;Es ist eine schlechte Gewohnheit, beim Abendessen ständig aufs Handy zu schauen.;It is a bad habit to constantly look at your phone during dinner.;noun;عادة;f;;habit;;;
3776;veranlasst;prompted / caused;Was hat dich dazu veranlasst, deine Stelle so plötzlich zu kündigen?;What prompted you to quit your job so suddenly?;verb;خلّى;;;prompted;;;
3777;Bischof;bishop;Der Bischof besuchte die Gemeinde am Sonntag für einen besonderen Gottesdienst.;The bishop visited the parish on Sunday for a special church service.;noun;أسقف;m;;bishop;;;
3778;Umkreis;radius / surrounding area;Im Umkreis von fünf Kilometern gibt es leider keinen einzigen Supermarkt.;Within a radius of five kilometers, there is unfortunately not a single supermarket.;noun;محيط;m;;radius;;;
3779;zusammenhalten;to stick together / hold together;In schwierigen Zeiten muss die Familie einfach fest zusammenhalten.;In difficult times, the family simply has to stick together.;verb;يتماسكوا;;;stick together;;;
3780;beerdigt;buried;Mein Nachbar wurde gestern auf dem Friedhof im Dorf beerdigt.;My neighbor was buried yesterday at the cemetery in the village.;verb;اتدفن;;;buried;;;
3781;hinauf;up / upwards;Er ging langsam die steile Treppe zum Dachboden hinauf.;He slowly walked up the steep stairs to the attic.;adverb;لفوق;;;up;;;
3782;Aufruf;appeal / call;Die Polizei startete einen Aufruf an die Bevölkerung, Hinweise zu melden.;The police launched an appeal to the public to report tips.;noun;نداء;m;;appeal;;;
3783;bedarf;requires / needs;So ein wichtiges Projekt bedarf gründlicher Vorbereitung.;Such an important project requires thorough preparation.;verb;محتاج;;;requires;;;
3784;ergangen;fared / gone;Wie ist es dir eigentlich in den letzten Monaten ergangen?;How have you actually fared in the past few months?;verb;جرى له;;;fared;;;
3785;Käufer;buyer / purchaser;Der Käufer hat den vollen Betrag sofort auf mein Konto überwiesen.;The buyer immediately transferred the full amount to my account.;noun;مشتري;m;;buyer;;;
3786;seife;soap;Vergiss nicht, dir die Hände gründlich mit Seife zu waschen.;Don't forget to wash your hands thoroughly with soap.;noun;صابونة;f;Seife;soap;;;
3787;Pilze;mushrooms;Im Herbst sammeln wir am Wochenende oft frische Pilze im Wald.;In autumn, we often collect fresh mushrooms in the forest on weekends.;noun;مشروم;m;;mushrooms;;;
3788;Sonnenaufgang;sunrise;Wir sind früh aufgestanden, um den wunderschönen Sonnenaufgang am Meer zu sehen.;We got up early to watch the beautiful sunrise by the sea.;noun;شروق الشمس;m;;sunrise;;;
3789;massive;massive / severe;Der Sturm hat gestern massive Schäden an vielen Dächern verursacht.;The storm caused massive damage to many roofs yesterday.;adjective;ضخم;;;massive;;;
3790;quitt;even / square;Hier sind deine zehn Euro zurück, damit sind wir jetzt quitt.;Here are your ten euros back, so now we are even.;adjective;خالصين;;;even;;;
3791;Sammlung;collection;Mein Onkel hat eine beeindruckende Sammlung alter Münzen und Briefmarken.;My uncle has an impressive collection of old coins and stamps.;noun;مجموعة;f;;collection;;;
3792;katholisch;Catholic;Seine Familie ist katholisch und feiert alle traditionellen Feste.;His family is Catholic and celebrates all traditional holidays.;adjective;كاثوليكي;;;Catholic;;;
3793;Vorbild;role model;Seine ältere Schwester war für ihn immer ein großes Vorbild.;His older sister was always a great role model for him.;noun;قدوة;n;;role model;;;
3794;Geschlecht;gender / sex;Auf dem Formular muss man Name, Alter und Geschlecht angeben.;On the form, you have to indicate name, age, and gender.;noun;نوع;n;;gender;;;
3795;Vertreter;representative / sales rep;Der Vertreter der Firma stellte uns das neue Produkt ausführlich vor.;The company representative introduced the new product to us in detail.;noun;مندوب;m;;representative;;;
3796;Irak;Iraq;Er plant im nächsten Frühling eine längere Reise in den Irak.;He is planning a longer trip to Iraq next spring.;noun;العراق;m;;Iraq;;;
3797;reduzieren;to reduce;Wir müssen versuchen, unsere monatlichen Ausgaben deutlich zu reduzieren.;We have to try to significantly reduce our monthly expenses.;verb;يقلل;;;reduce;;;
3798;unerträglich;unbearable / intolerable;Ohne Klimaanlage war die Hitze in der Dachwohnung völlig unerträglich.;Without air conditioning, the heat in the top-floor apartment was completely unbearable.;adjective;ما يطاقش;;;unbearable;;;
3799;zutritt;access / entry;Ohne gültigen Ausweis ist der Zutritt zum Gebäude streng verboten.;Without a valid ID, access to the building is strictly forbidden.;noun;دخول;m;Zutritt;access;;;
3800;Privatsphäre;privacy;In einer Wohngemeinschaft hat man leider oft nicht genug Privatsphäre.;In a shared apartment, you unfortunately often don't have enough privacy.;noun;خصوصية;f;;privacy;;;
3801;beitreten;to join;Ich möchte nächste Woche dem neuen Fitnessclub beitreten.;I would like to join the new gym next week.;verb;ينضم;;;join;;;
3802;Produktion;production;Wegen Lieferproblemen musste die Fabrik die Produktion für zwei Tage stoppen.;Due to delivery problems, the factory had to halt production for two days.;noun;إنتاج;f;;production;;;
3803;zugenommen;increased / gained weight;Der Verkehr in unserer Straße hat in den letzten Jahren stark zugenommen.;The traffic on our street has increased significantly in recent years.;verb;زاد;;;increased;;;
3804;hetzen;to rush / hurry;Wir haben noch genug Zeit, du brauchst dich wirklich nicht so zu hetzen.;We still have plenty of time, you really don't need to rush like that.;verb;يستعجل;;;rush;;;
3805;Bingo;bingo;Bingo! Genau dieses Rezept für den Apfelkuchen habe ich gesucht.;Bingo! This is the exact recipe for apple pie that I was looking for.;interjection;بالظبط كده;;;Bingo;;;
3806;Kellnerin;waitress;Die Kellnerin war sehr freundlich und brachte uns schnell die Getränke.;The waitress was very friendly and quickly brought us the drinks.;noun;جرسونة;f;;waitress;;;
3807;löffel;spoon;Gib mir bitte einen Löffel, damit ich die Suppe probieren kann.;Please give me a spoon so that I can taste the soup.;noun;معلقة;m;Löffel;spoon;;;
3808;versenken;to sink;Die Piraten wollten das fremde Schiff im Meer versenken.;The pirates wanted to sink the strange ship in the sea.;verb;يغرّق;;;sink;;;
3809;Versammlung;meeting / assembly;Alle Mitarbeiter wurden zu einer wichtigen Versammlung in den Konferenzraum gerufen.;All employees were called to an important meeting in the conference room.;noun;اجتماع;f;;meeting;;;
3810;Landung;landing;Trotz des starken Windes verlief die Landung des Flugzeugs ganz reibungslos.;Despite the strong wind, the landing of the airplane went very smoothly.;noun;هبوط;f;;landing;;;
3811;Mode;fashion;Sie interessiert sich sehr für moderne Mode und kauft gerne neue Kleidung.;She is very interested in modern fashion and likes buying new clothes.;noun;موضة;f;;fashion;;;
3812;Schmetterling;butterfly;Ein bunter Schmetterling saß für einen kurzen Moment auf der gelben Blume.;A colorful butterfly sat on the yellow flower for a brief moment.;noun;فراشة;m;;butterfly;;;
3813;überdenken;to reconsider / rethink;Du solltest deinen Plan vor der Entscheidung noch einmal in Ruhe überdenken.;You should reconsider your plan once more in peace before making the decision.;verb;يفكر تاني;;;reconsider;;;
3814;beinhaltet;contains / includes;Das Angebot beinhaltet Übernachtung, Frühstück und freien Eintritt ins Museum.;The offer includes accommodation, breakfast, and free admission to the museum.;verb;بيشمل;;;includes;;;
3815;Marc;Marc;Marc hat uns zum Abendessen in sein neues Haus eingeladen.;Marc invited us to dinner at his new house.;noun;مارك;m;;Marc;;;
3816;Beleidigung;insult;Seine unhöfliche Bemerkung war eine echte Beleidigung für die ganze Gruppe.;His rude remark was a real insult to the whole group.;noun;إهانة;f;;insult;;;
3817;Papierkram;paperwork;Nach dem Umzug musste ich mich um eine Menge lästigen Papierkram kümmern.;After moving, I had to take care of a lot of annoying paperwork.;noun;شغل الورق;m;;paperwork;;;
3818;begrenzt;limited;Die Plätze für den Kochkurs sind leider auf zehn Teilnehmer begrenzt.;The spots for the cooking class are unfortunately limited to ten participants.;adjective;محدود;;;limited;;;
3819;Flüchtlinge;refugees;Die Hilfsorganisation verteilte warme Decken und Kleidung an die Flüchtlinge.;The aid organization distributed warm blankets and clothes to the refugees.;noun;لاجئين;m;;refugees;;;
3820;fortgehen;to leave / go away;Es fiel ihr sichtlich schwer, nach so vielen Jahren aus ihrer Heimatstadt fortgehen zu müssen.;It was clearly hard for her having to leave her hometown after so many years.;verb;يمشي;;;leave;;;
3821;Müller;miller;Früher brachte der Bauer sein Getreide direkt zum Müller ins Nachbardorf.;In the past, the farmer brought his grain directly to the miller in the neighboring village.;noun;طحان;m;;miller;;;
3822;Sanitäter;paramedic;Der Sanitäter versorgte die verletzte Person schnell und brachte sie ins Krankenhaus.;The paramedic quickly treated the injured person and brought them to the hospital.;noun;مسعف;m;;paramedic;;;
3823;Erwartungen;expectations;Der neue Job hat alle meine Erwartungen übertroffen.;The new job exceeded all my expectations.;noun;توقعات;f;;expectations;;;
3824;korrupt;corrupt;Die Politiker in dieser Stadt sind leider völlig korrupt.;Unfortunately, the politicians in this city are completely corrupt.;adjective;فاسد;;;corrupt;;;
3825;unfassbar;unbelievable / incredible;Es ist einfach unfassbar, wie schnell dieses Jahr vergangen ist.;It is simply unbelievable how quickly this year went by.;adjective;مش معقول;;;unbelievable;;;
3826;Amber;Amber;Amber hat uns gestern zum Abendessen in ihre neue Wohnung eingeladen.;Amber invited us to dinner at her new apartment yesterday.;noun;أمبر;f;;Amber;;;
3827;Handgelenk;wrist;Er hat sich beim Sport das Handgelenk verstaucht.;He sprained his wrist while exercising.;noun;معصم;n;;wrist;;;
3828;Saal;hall;Die Hochzeitsfeier fand in einem wunderschönen Saal statt.;The wedding celebration took place in a wonderful hall.;noun;قاعة;m;;hall;;;
3829;andenken;souvenir / keepsake;Ich habe diese Muschel als Andenken an unseren Urlaub mitgenommen.;I took this seashell along as a souvenir of our vacation.;noun;تذكار;n;Andenken;souvenir;;;
3830;kauen;to chew;Man sollte das Essen immer langsam und gründlich kauen.;You should always chew your food slowly and thoroughly.;verb;يمضغ;;;chew;;;
3831;Beach;beach;Wir verbringen den ganzen Nachmittag am Beach und spielen Volleyball.;We are spending the whole afternoon at the beach and playing volleyball.;noun;شط;m;;beach;;;
3832;Drohne;drone;Er lässt seine neue Drohne über dem Park fliegen, um Fotos zu machen.;He is flying his new drone over the park to take photos.;noun;طيارة بدون طيار;f;;drone;;;
3833;durchstehen;to get through / to endure;Gemeinsam werden wir diese schwierige Phase sicher durchstehen.;Together we will certainly get through this difficult phase.;verb;يستحمل;;;get through;;;
3834;erstaunt;astonished / surprised;Ich war wirklich erstaunt, wie schnell er die deutsche Sprache gelernt hat.;I was really astonished by how quickly he learned the German language.;adjective;مندهش;;;astonished;;;
3835;Disziplin;discipline;Um jeden Morgen früh aufzustehen, braucht man eine Menge Disziplin.;To get up early every morning, you need a lot of discipline.;noun;انضباط;f;;discipline;;;
3836;verschlingen;to devour;Nach der langen Wanderung konnte er das ganze Abendessen in wenigen Minuten verschlingen.;After the long hike, he was able to devour the entire dinner in a few minutes.;verb;يلتهم;;;devour;;;
3837;Aufenthalt;stay;Wir hoffen sehr, dass Sie einen angenehmen Aufenthalt in unserer Stadt haben.;We really hope that you have a pleasant stay in our city.;noun;إقامة;m;;stay;;;
3838;erraten;to guess;Du wirst niemals erraten, wer mich gestern nach vielen Jahren angerufen hat!;You will never guess who called me yesterday after many years!;verb;يحزر;;;guess;;;
3839;Änderungen;changes;Die Firma hat in den letzten Wochen einige wichtige Änderungen vorgenommen.;The company made some important changes over the last few weeks.;noun;تغييرات;f;;changes;;;
3840;Windeln;diapers;Wir müssen unbedingt noch eine neue Packung Windeln für das Baby besorgen.;We definitely still need to get a new pack of diapers for the baby.;noun;بامبرز;f;;diapers;;;
3841;Summer;buzzer;Der Summer an der Haustür geht nicht, also ruf mich einfach an, wenn du da bist.;The buzzer on the front door doesn't work, so just call me when you are here.;noun;زنّانة;m;;buzzer;;;
3842;Werwolf;werewolf;In dem Film verwandelt sich der junge Mann bei Vollmond in einen Werwolf.;In the movie, the young man turns into a werewolf during a full moon.;noun;مستذئب;m;;werewolf;;;
3843;beängstigend;frightening / scary;Die dunkle und verlassene Straße wirkte nachts ziemlich beängstigend auf mich.;The dark and deserted street felt quite frightening to me at night.;adjective;بيخوف;;;frightening;;;
3844;Banane;banana;Zum Frühstück esse ich jeden Tag ein Müsli mit einer frischen Banane.;For breakfast, I eat muesli with a fresh banana every day.;noun;موزة;f;;banana;;;
3845;wegbringen;to take away;Kannst du bitte die alten Kisten in den Keller wegbringen?;Can you please take away the old boxes to the basement?;verb;يودي;;;take away;;;
3846;zusammengebrochen;collapsed;Nach dem langen Marathon ist der Läufer vor Erschöpfung fast zusammengebrochen.;After the long marathon, the runner almost collapsed from exhaustion.;verb;انهار;;;collapsed;;;
3847;chemische;chemical;Dieses Putzmittel enthält eine starke chemische Substanz und riecht unangenehm.;This cleaning agent contains a strong chemical substance and smells unpleasant.;adjective;كيميائي;;;chemical;;;
3848;giftig;poisonous / toxic;Pass gut auf deinen Hund auf, denn manche Pflanzen im Garten sind giftig für Tiere.;Watch out for your dog, because some plants in the garden are poisonous to animals.;adjective;سام;;;poisonous;;;
3849;Jahrzehnte;decades;Die beiden Familien sind schon seit mehreren Jahrzehnten eng miteinander befreundet.;The two families have been close friends with each other for several decades.;noun;عقود;n;;decades;;;
3850;jedermann;everyone / everybody;Der Eintritt zum Konzert im Stadtpark ist für jedermann kostenlos.;Admission to the concert in the city park is free for everyone.;pronoun;أي حد;;;everyone;;;
3851;fach;subject / compartment;In welchem Fach hast du morgen deine wichtige Prüfung?;In which subject do you have your important exam tomorrow?;noun;مادة;n;Fach;subject;;;
3852;interne;internal;Diese Information ist nur für eine interne Besprechung im Team gedacht.;This information is only intended for an internal meeting within the team.;adjective;داخلي;;;internal;;;
3853;juckt;to itch / itches;Dieser Mückenstich an meinem Arm juckt seit heute Morgen furchtbar.;This mosquito bite on my arm has been itching terribly since this morning.;verb;بيهرش;;;itching;;;
3854;simpel;simple;Das Rezept für diesen Kuchen ist wirklich erstaunlich simpel.;The recipe for this cake is really remarkably simple.;adjective;بسيط;;;simple;;;
3855;ausfüllen;to fill out;Können Sie bitte dieses kurze Formular an der Rezeption ausfüllen?;Could you please fill out this short form at reception?;verb;يملا;;;fill out;;;
3856;belohnt;rewarded;Seine harte Arbeit wurde am Ende des Jahres mit einer Beförderung belohnt.;His hard work was rewarded with a promotion at the end of the year.;verb;اتكافئ;;;rewarded;;;
3857;erforschen;to investigate / to explore;Wissenschaftler wollen die Auswirkungen des Klimawandels genauer erforschen.;Scientists want to investigate the effects of climate change more closely.;verb;يبحث;;;investigate;;;
3858;finale;final;Morgen fällt die finale Entscheidung über das neue Projekt.;Tomorrow the final decision about the new project will be made.;adjective;نهائي;;;final;;;
3859;idiotisch;idiotic;Sein Verhalten während des Streits war einfach völlig idiotisch.;His behavior during the argument was simply completely idiotic.;adjective;غبي;;;idiotic;;;
3860;Fahne;flag;Vor dem Rathaus weht heute die deutsche Fahne im Wind.;In front of the town hall, the German flag is fluttering in the wind today.;noun;عَلَم;f;;flag;;;
3861;Überreste;remains / remnants;Die Archäologen entdeckten die Überreste einer alten römischen Siedlung.;The archaeologists discovered the remains of an ancient Roman settlement.;noun;بقايا;m;;remains;;;
3862;verspätet;delayed / late;Wegen einer technischen Störung ist unser Zug heute leider verspätet.;Due to a technical fault, our train is unfortunately delayed today.;adjective;متأخر;;;delayed;;;
3863;Haltung;attitude / posture;Er hat eine sehr positive Haltung gegenüber neuen Herausforderungen.;He has a very positive attitude toward new challenges.;noun;موقف;f;;attitude;;;
3864;Feierabend;end of the workday / closing time;Nach einem langen Tag im Büro freue ich mich riesig auf den Feierabend.;After a long day at the office, I'm really looking forward to the end of the workday.;noun;آخر الدوام;m;;end of the workday;;;
3865;Würstchen;sausages / small sausages;Beim Grillen essen die Kinder am liebsten Würstchen mit Ketchup und Senf.;When barbecuing, the children like eating sausages with ketchup and mustard the most.;noun;سجق;n;;sausages;;;
3866;stützen;to support / to lean;Er musste sich an der Wand stützen, weil ihm plötzlich schwindelig wurde.;He had to support himself against the wall because he suddenly felt dizzy.;verb;يسند;;;support;;;
3867;Auswahl;selection / choice;In diesem Supermarkt gibt es eine riesige Auswahl an frischem Obst und Gemüse.;In this supermarket, there is a huge selection of fresh fruit and vegetables.;noun;تشكيلة;f;;selection;;;
3868;rasch;quick / fast;Die Situation im Krankenhaus hat sich erfreulicherweise sehr rasch gebessert.;Fortunately, the situation in the hospital improved very quickly.;adjective;بسرعة;;;quickly;;;
3869;Elisabeth;Elisabeth;Elisabeth feiert am Wochenende ihren dreißigsten Geburtstag mit der ganzen Familie.;Elisabeth is celebrating her thirtieth birthday with the whole family on the weekend.;noun;إليزابيث;f;;Elisabeth;;;
3870;Weichei;wimp / softie;Zieh dir eine Jacke an und sei nicht so ein Weichei, es ist gar nicht so kalt!;Put on a jacket and don't be such a wimp, it's not that cold at all!;noun;فرفور;n;;wimp;;;
3871;auspacken;to unpack;Ich muss nach der langen Reise erst mal in Ruhe meinen Koffer auspacken.;After the long trip, I first need to unpack my suitcase in peace.;verb;يفضي الشنطة;;;unpack;;;
3872;Briten;Brits / British people;Viele Briten trinken am Nachmittag traditionell eine Tasse Tee mit Milch.;Many Brits traditionally drink a cup of tea with milk in the afternoon.;noun;بريطانيين;m;;Brits;;;
3873;Strick;rope / cord;Er band die schwere Holzkiste mit einem dicken Strick fest zusammen.;He tied the heavy wooden box firmly together with a thick rope.;noun;حبل;m;;rope;;;
3874;Babysitter;babysitter;Wir suchen für Samstagabend noch einen zuverlässigen Babysitter für unsere Kinder.;We are still looking for a reliable babysitter for our kids on Saturday evening.;noun;بيبي سيتر;m;;babysitter;;;
3875;Schinken;ham;Möchtest du zum Frühstück lieber ein Brötchen mit Käse oder mit Schinken?;Would you rather have a bread roll with cheese or with ham for breakfast?;noun;شينكن;m;;ham;;;
3876;grinsen;to grin;Warum musst du die ganze Zeit so frech grinsen?;Why do you have to grin so cheekily the whole time?;verb;يبتسم بخبث;;;grin;;;
3877;Schrott;junk / scrap;Mein altes Fahrrad ist eigentlich nur noch Schrott und lohnt sich nicht zu reparieren.;My old bicycle is really just scrap now and is not worth repairing.;noun;خردة;m;;scrap;;;
3878;Lena;Lena;Lena kommt heute etwas später zum Unterricht, weil ihr Bus Verspätung hatte.;Lena is coming a bit later to class today because her bus was delayed.;noun;لينا;f;;Lena;;;
3879;Sumpf;swamp / marsh;Nach dem heftigen Regen hat sich der Waldweg in einen echten Sumpf verwandelt.;After the heavy rain, the forest path turned into a real swamp.;noun;مستنقع;m;;swamp;;;
3880;Georg;Georg;Georg hat gestern Abend für alle Freunde ein leckeres Essen gekocht.;Georg cooked a delicious meal for all his friends yesterday evening.;noun;جورج;m;;Georg;;;
3881;hereinkommen;to come in / enter;Draußen ist es sehr kalt, bitte lasst die Gäste schnell hereinkommen.;It is very cold outside, please let the guests come in quickly.;verb;يدخل;;;come in;;;
3882;Schaufel;shovel;Er nahm die Schaufel und begann, den frischen Schnee vor der Haustür wegzuräumen.;He took the shovel and began to clear the fresh snow in front of the front door.;noun;جاروف;f;;shovel;;;
3883;vermitteln;to convey / mediate;Die Lehrerin versuchte, den Schülern das schwierige Thema verständlich zu vermitteln.;The teacher tried to convey the difficult topic understandably to the students.;verb;يوصل;;;convey;;;
3884;weitergeben;to pass on / forward;Kannst du diese wichtige Nachricht bitte direkt an das ganze Team weitergeben?;Can you please pass on this important message directly to the whole team?;verb;ينقل;;;pass on;;;
3885;Yard;yard;Der Spieler warf den Football über dreißig Yard genau zum Mitspieler.;The player threw the football over thirty yards right to his teammate.;noun;ياردة;n;;yards;;;
3886;Honig;honey;Wenn ich Halsschmerzen habe, trinke ich warmen Tee mit einem Löffel Honig.;When I have a sore throat, I drink warm tea with a spoonful of honey.;noun;عسل;m;;honey;;;
3887;ausstehen;to stand / endure;Ich mag seine unfreundliche Art überhaupt nicht und kann ihn einfach nicht ausstehen.;I do not like his unfriendly manner at all and simply cannot stand him.;verb;يطيق;;;stand;;;
3888;fleißig;hardworking / diligent;Er ist wirklich fleißig und arbeitet fast jeden Tag bis spät in die Nacht.;He is really hardworking and works until late at night almost every day.;adjective;مجتهد;;;hardworking;;;
3889;verarbeiten;to process / cope with;Er brauchte einige Wochen, um die schlechte Nachricht in Ruhe zu verarbeiten.;He needed a few weeks to process the bad news in peace.;verb;يستوعب;;;process;;;
3890;Andrea;Andrea;Andrea hat uns am Wochenende zu ihrer gemütlichen Einweihungsfeier eingeladen.;Andrea invited us to her cozy housewarming party on the weekend.;noun;أندريا;f;;Andrea;;;
3891;Eindringling;intruder;Der Hund bellte laut, als er den fremden Eindringling im Garten bemerkte.;The dog barked loudly when he noticed the strange intruder in the garden.;noun;دخيل;m;;intruder;;;
3892;Mario;Mario;Mario hat sein Studium erfolgreich abgeschlossen und sucht jetzt eine neue Stelle.;Mario successfully completed his studies and is now looking for a new job.;noun;ماريو;m;;Mario;;;
3893;Netzwerk;network;Unser Computer kann im Moment leider keine Verbindung zum Netzwerk aufbauen.;Unfortunately, our computer cannot establish a connection to the network at the moment.;noun;شبكة;n;;network;;;
3894;rausbringen;to take out / bring out;Kannst du bitte heute Abend noch den Müll rausbringen, bevor es dunkel wird?;Could you please take out the trash tonight before it gets dark?;verb;يطلّع;;;take out;;;
3895;Befragung;questioning / interrogation;Die Befragung der Zeugen dauerte gestern Abend mehrere Stunden.;The questioning of the witnesses lasted several hours yesterday evening.;noun;استجواب;f;;questioning;;;
3896;Drecksack;scumbag / jerk;Dieser Drecksack hat mich eiskalt belogen und das Geld behalten.;That scumbag lied to me cold-bloodedly and kept the money.;noun;واطي;m;;scumbag;;;
3897;gelähmt;paralyzed;Nach dem schweren Sturz war sein rechtes Bein für mehrere Wochen gelähmt.;After the severe fall, his right leg was paralyzed for several weeks.;adjective;مشلول;;;paralyzed;;;
3898;knoten;knot;Ich kann diesen festen Knoten in den Schnürsenkeln einfach nicht öffnen.;I simply cannot untie this tight knot in the shoelaces.;noun;عقدة;m;Knoten;knot;;;
3899;Wange;cheek;Er gab seiner Tochter vor dem Schlafen einen sanften Kuss auf die Wange.;He gave his daughter a gentle kiss on the cheek before going to sleep.;noun;خد;f;;cheek;;;
3900;Besatzung;crew / occupation;Die gesamte Besatzung des Flugzeugs war während des langen Fluges sehr hilfsbereit.;The entire crew of the plane was very helpful during the long flight.;noun;طاقم;f;;crew;;;
3901;Dom;cathedral;Wenn man Köln besucht, sollte man sich unbedingt den berühmten Dom ansehen.;When you visit Cologne, you should definitely take a look at the famous cathedral.;noun;كاتدرائية;m;;cathedral;;;
3902;Simone;Simone;Simone hat für unser gemeinsames Picknick im Park einen leckeren Kuchen gebacken.;Simone baked a delicious cake for our joint picnic in the park.;noun;سيمون;f;;Simone;;;
3903;kurve;curve / bend;Fahr bitte etwas langsamer, denn die nächste Kurve ist ziemlich unübersichtlich.;Please drive a bit slower because the next curve is quite sharp.;noun;ملف;f;Kurve;curve;;;
3904;einlegen;to insert / take (a break);Nach drei Stunden Fahrt auf der Autobahn sollten wir eine kurze Pause einlegen.;After three hours of driving on the highway, we should take a short break.;verb;ياخد بريك;;;take a short break;;;
3905;herumlaufen;to walk around / run around;Die Kinder dürfen heute den ganzen Nachmittag im großen Garten herumlaufen.;The children are allowed to run around in the large garden all afternoon today.;verb;يتمشى;;;run around;;;
3906;hold;favorable / gracious;Das Glück war ihm bei seinem riskanten Vorhaben leider gar nicht hold.;Unfortunately, luck was not at all favorable to him in his risky endeavor.;adjective;مؤاتي;;;favorable;;;
3907;sorgfältig;careful / meticulous;Seine Arbeitsweise ist immer sehr sorgfältig und zuverlässig.;His way of working is always very meticulous and reliable.;adjective;دقيق;;;meticulous;;;
3908;Butler;butler;Der reiche Herr hat einen eigenen Butler, der sich um das Anwesen kümmert.;The wealthy gentleman has his own butler who takes care of the estate.;noun;خادم;m;;butler;;;
3909;antike;antique / ancient;Er sammelt seit vielen Jahren wertvolle antike Möbel aus ganz Europa.;He has been collecting valuable antique furniture from all over Europe for many years.;adjective;أنتيكة;;;antique;;;
3910;Flut;flood / tide;Nach dem schweren Unwetter an der Küste stieg die Flut beängstigend schnell.;After the severe storm on the coast, the flood rose frighteningly fast.;noun;فيضان;f;;flood;;;
3911;großgezogen;raised / brought up;Seine Großeltern haben ihn liebevoll auf einem kleinen Bauernhof großgezogen.;His grandparents lovingly raised him on a small farm.;verb;ربّى;;;raised;;;
3912;örtlichen;local;Wir kaufen unser frisches Gemüse am liebsten auf dem örtlichen Wochenmarkt.;We prefer to buy our fresh vegetables at the local weekly market.;adjective;محلي;;;local;;;
3913;Kanzlei;law firm / office;Sie arbeitet seit zwei Jahren als erfolgreiche Anwältin in einer großen Kanzlei.;She has been working as a successful lawyer in a large law firm for two years.;noun;مكتب محاماة;f;;law firm;;;
3914;Revolver;revolver;Der Ermittler steckte seinen alten Revolver vorsichtig zurück in die Jackentasche.;The investigator carefully put his old revolver back into his jacket pocket.;noun;مسدس;m;;revolver;;;
3915;speisen;to dine / eat;An ihrem Hochzeitstag wollten sie in einem eleganten Restaurant vornehm speisen.;On their wedding anniversary, they wanted to dine exquisitely in an elegant restaurant.;verb;يتعشى;;;dine;;;
3916;noble;noble / classy;Es war wirklich eine sehr noble Geste von ihm, seine Belohnung vollständig zu spenden.;It was really a very noble gesture of him to donate his reward completely.;adjective;نبيل;;;noble;;;
3917;vorspielen;to play for / audition;Sie möchte ihren Eltern das neue Musikstück auf der Gitarre vorspielen.;She wants to play the new piece of music on the guitar for her parents.;verb;يعزف لـ;;;play;;;
3918;Busch;bush / shrub;Hinter dem dichten grünen Busch im Garten hat sich ein kleiner Igel versteckt.;A little hedgehog hid behind the dense green bush in the garden.;noun;شجيرة;m;;bush;;;
3919;kill;to kill;Bitte mach das Licht aus und kill diese nervige Mücke an der Wand!;Please turn off the light and kill that annoying mosquito on the wall!;verb;يموّت;;;kill;;;
3920;ordnen;to organize / arrange;Ich muss heute unbedingt die wichtigen Dokumente auf meinem Schreibtisch ordnen.;I really need to organize the important documents on my desk today.;verb;يرتّب;;;organize;;;
3921;rankommen;to reach / get to;Ich bin leider zu klein und kann ohne Leiter nicht an das obere Fach rankommen.;Unfortunately I am too short and cannot reach the upper compartment without a ladder.;verb;يطول;;;reach;;;
3922;neidisch;envious / jealous;Du solltest wirklich nicht neidisch auf den Erfolg deines Kollegen sein.;You really should not be envious of your colleague's success.;adjective;غيران;;;envious;;;
3923;verständigen;to notify;Im Notfall solltest du sofort die Polizei verständigen.;In an emergency, you should notify the police immediately.;verb;يبلّغ;;;notify;;;
3924;Bräutigam;groom;Der Bräutigam wartete nervös vor der Kirche auf seine Braut.;The groom waited nervously in front of the church for his bride.;noun;عريس;m;;groom;;;
3925;Eifersucht;jealousy;Seine unbegründete Eifersucht hat die Beziehung auf Dauer zerstört.;His unfounded jealousy permanently ruined the relationship.;noun;غيرة;f;;jealousy;;;
3926;Hochzeitstag;wedding anniversary;Heute feiern meine Großeltern ihren fünfzigsten Hochzeitstag.;Today my grandparents are celebrating their fiftieth wedding anniversary.;noun;عيد جواز;m;;wedding anniversary;;;
3927;Bestellung;order;Ich habe eine Bestätigung für meine Bestellung per E-Mail erhalten.;I received a confirmation for my order by email.;noun;طلب;f;;order;;;
3928;Australien;Australia;Mein bester Freund reist im Winter für drei Monate nach Australien.;My best friend is traveling to Australia for three months in the winter.;noun;أستراليا;n;;Australia;;;
3929;Gasse;alley;In der Altstadt führt eine schmale Gasse direkt zum Marktplatz.;In the old town, a narrow alley leads directly to the market square.;noun;حارة;f;;alley;;;
3930;wegtreten;to step away;Nach der kurzen Besprechung durften die Soldaten endlich wegtreten.;After the brief briefing, the soldiers were finally allowed to step away.;verb;ينصرف;;;step away;;;
3931;rippen;to rip;Er wollte seine alten Audio-CDs rippen, um die Musik auf dem Handy zu hören.;He wanted to rip his old audio CDs to listen to the music on his phone.;verb;ينسخ;;;rip;;;
3932;Maßnahmen;measures;Die Schulleitung hat strenge Maßnahmen ergriffen, um die Sicherheit zu erhöhen.;The school administration took strict measures to improve security.;noun;إجراءات;f;;measures;;;
3933;Granate;grenade;Die Bauarbeiter fanden im Boden eine alte Granate aus dem Zweiten Weltkrieg.;The construction workers found an old grenade from the Second World War in the ground.;noun;قنبلة;f;;grenade;;;
3934;Schalter;counter;Ich musste am Schalter am Bahnhof eine halbe Stunde auf meine Fahrkarte warten.;I had to wait half an hour at the counter at the train station for my ticket.;noun;شباك تذاكر;m;;counter;;;
3935;würfel;die;Wir brauchen noch einen Würfel, um dieses Brettspiel zu spielen.;We still need a die to play this board game.;noun;زهر طاولة;m;Würfel;die;;;
3936;Philippe;Philippe;Mein französischer Kollege Philippe kocht am Wochenende für uns alle.;My French colleague Philippe is cooking for all of us this weekend.;noun;فيليب;m;;Philippe;;;
3937;Tussi;bimbo;Sie benimmt sich manchmal wie eine arrogante Tussi, die nur an Mode denkt.;She sometimes acts like an arrogant bimbo who only thinks about fashion.;noun;واحدة متدلعة ومغرورة;f;;bimbo;;;
3938;Wirt;innkeeper;Der freundliche Wirt brachte uns sofort die Speisekarte und ein kühles Bier.;The friendly innkeeper immediately brought us the menu and a cold beer.;noun;صاحب الحانة;m;;innkeeper;;;
3939;Yorker;New Yorker;Als gebürtiger New Yorker kennt er die besten Jazzbars in Manhattan.;As a native New Yorker, he knows the best jazz bars in Manhattan.;noun;نيويوركي;m;;New Yorker;;;
3940;liebevoll;lovingly;Sie kümmerte sich sehr liebevoll um die kranke Katze ihrer Nachbarin.;She took care of her neighbor's sick cat very lovingly.;adjective;بحنية;;;lovingly;;;
3941;milde;mild;Der Winter war dieses Jahr im Norden Deutschlands besonders milde.;The winter was particularly mild in northern Germany this year.;adjective;معتدل;;;mild;;;
3942;Kaugummi;chewing gum;Es ist unhöflich, während des Vorstellungsgesprächs Kaugummi zu kauen.;It is rude to chew chewing gum during the job interview.;noun;لبان;m;;chewing gum;;;
3943;Pa;Pa;Mein Pa hat mir damals beigebracht, wie man ein altes Fahrrad repariert.;My Pa taught me back then how to repair an old bicycle.;noun;أبويا;m;;Pa;;;
3944;hervor;out;Die kleine Katze schaute neugierig unter dem Sofa hervor.;The little cat peeked out curiously from under the sofa.;adverb;لبرة;;;out;;;
3945;Gefecht;battle;Bei dem schweren Gefecht wurden mehrere Fahrzeuge zerstört.;Several vehicles were destroyed in the heavy battle.;noun;اشتباك;n;;battle;;;
3946;kopiert;copied;Er hat die wichtigen Dokumente für das Treffen kopiert.;He copied the important documents for the meeting.;verb;صوّر;;;copied;;;
3947;runterkommen;to calm down;Du bist viel zu gestresst, du musst jetzt erst mal runterkommen.;You are way too stressed, you need to calm down first.;verb;يهدا;;;calm down;;;
3948;Zeitschrift;magazine;Beim Warten beim Arzt habe ich eine interessante Zeitschrift gelesen.;While waiting at the doctor's, I read an interesting magazine.;noun;مجلة;f;;magazine;;;
3949;Göttin;goddess;In der griechischen Mythologie gilt Athene als die Göttin der Weisheit.;In Greek mythology, Athena is considered the goddess of wisdom.;noun;إلهة;f;;goddess;;;
3950;Stockwerk;floor;Unser neues Büro befindet sich im dritten Stockwerk des Gebäudes.;Our new office is located on the third floor of the building.;noun;دور;n;;floor;;;
3951;festgelegt;set;Der genaue Termin für das Vorstellungsgespräch ist bereits festgelegt.;The exact date for the job interview is already set.;verb;محدد;;;set;;;
3952;Vizepräsident;vice president;Der Vizepräsident des Unternehmens eröffnete die jährliche Konferenz.;The vice president of the company opened the annual conference.;noun;نائب الرئيس;m;;vice president;;;
3953;Allianz;alliance;Die beiden Parteien bildeten eine starke Allianz, um die Wahl zu gewinnen.;The two parties formed a strong alliance to win the election.;noun;تحالف;f;;alliance;;;
3954;gebührt;is due;Ein großer Dank gebührt all den freiwilligen Helfern vor Ort.;A big thank you is due to all the volunteers on site.;verb;واجب;;;is due;;;
3955;östlich;east;Das kleine Dorf liegt etwas östlich von der Landeshauptstadt.;The small village is located slightly east of the state capital.;adjective;شرق;;;east;;;
3956;Egon;Egon;Mein Nachbar Egon pflegt seinen Garten jeden Samstag mit großer Sorgfalt.;My neighbor Egon tends to his garden every Saturday with great care.;noun;إيجون;m;;Egon;;;
3957;Supermarkt;supermarket;Ich gehe nach der Arbeit noch schnell in den Supermarkt, um Brot zu kaufen.;I'm quickly going to the supermarket after work to buy bread.;noun;سوبرماركت;m;;supermarket;;;
3958;Wurmloch;wormhole;In dem Science-Fiction-Film reist das Raumschiff durch ein Wurmloch.;In the science fiction movie, the spaceship travels through a wormhole.;noun;ثقب دودي;n;;wormhole;;;
3959;abgewiesen;rejected;Sein Antrag auf eine Verlängerung des Vertrags wurde leider abgewiesen.;His application for an extension of the contract was unfortunately rejected.;verb;مرفوض;;;rejected;;;
3960;Überwachung;surveillance;Die ständige Überwachung am Arbeitsplatz führte zu viel Unruhe im Team.;The constant surveillance at the workplace led to a lot of unrest in the team.;noun;مراقبة;f;;surveillance;;;
3961;Fell;coat;Der Hund hat im Winter ein besonders weiches und dichtes Fell.;The dog has a particularly soft and thick coat in the winter.;noun;فرو;n;;coat;;;
3962;beschämt;ashamed;Nach seinem peinlichen Ausrutscher senkte er beschämt den Kopf.;After his embarrassing slip-up, he lowered his head ashamed.;adjective;مكسوف;;;ashamed;;;
3963;ermutigt;encouraged;Meine Lehrerin hat mich immer ermutigt, an meine Fähigkeiten zu glauben.;My teacher always encouraged me to believe in my abilities.;verb;شجّع;;;encouraged;;;
3964;puste;breath;Beim schnellen Treppensteigen ging mir völlig die Puste aus.;Climbing the stairs quickly, I completely ran out of breath.;noun;نَفَس;f;Puste;breath;;;
3965;Becken;basin;Das Wasser im Becken war am frühen Morgen noch ziemlich kalt.;The water in the basin was still quite cold early in the morning.;noun;حوض;n;;basin;;;
3966;Maler;painter;Der Maler hat die Wände im Wohnzimmer frisch gestrichen.;The painter freshly painted the walls in the living room.;noun;نقاش;m;;painter;;;
3967;armselig;pathetic;Die Bezahlung für diese anstrengende Arbeit war wirklich armselig.;The pay for this exhausting work was really pathetic.;adjective;بائس;;;pathetic;;;
3968;Rollstuhl;wheelchair;Seit seinem Unfall ist mein Onkel auf einen Rollstuhl angewiesen.;Since his accident, my uncle is reliant on a wheelchair.;noun;كرسي متحرك;m;;wheelchair;;;
3969;überein;in agreement;Unsere Meinungen zu diesem Thema stimmen völlig überein.;Our opinions on this topic are completely in agreement.;adverb;متفقين;;;in agreement;;;
3970;wiederhergestellt;restored;Die gelöschten Dateien auf der Festplatte wurden erfolgreich wiederhergestellt.;The deleted files on the hard drive were successfully restored.;verb;استعاد;;;restored;;;
3971;Burger;burger;Nach dem langen Training habe ich mir einen saftigen Burger bestellt.;After the long workout, I ordered myself a juicy burger.;noun;برجر;m;;burger;;;
3972;Schwager;brother-in-law;Mein Schwager hilft mir am Wochenende beim Umzug in die neue Wohnung.;My brother-in-law is helping me move into the new apartment on the weekend.;noun;جوز أختي;m;;brother-in-law;;;
3973;abheben;to withdraw (money) / take off;Ich muss am Geldautomaten noch etwas Bargeld abheben.;I still need to withdraw some cash from the ATM.;verb;يسحب فلوس;;;withdraw;;;
3974;Beförderung;promotion / advancement;Sie hat hart gearbeitet und endlich eine Beförderung bekommen.;She worked hard and finally got a promotion.;noun;ترقية;f;;promotion;;;
3975;Melissa;Melissa;Melissa hat mich gestern zu ihrer Geburtstagsparty eingeladen.;Melissa invited me to her birthday party yesterday.;noun;ميليسا;f;;Melissa;;;
3976;Ranger;ranger / park ranger;Der Ranger warnte die Wanderer vor Bären im Nationalpark.;The ranger warned the hikers about bears in the national park.;noun;حارس محمية;m;;ranger;;;
3977;flippt;flips out / goes crazy;Er flippt total aus, wenn jemand seine Sachen anfasst.;He completely flips out when someone touches his things.;verb;بيتعصب جامد;;;flips out;;;
3978;klappern;to rattle / clatter;Die alten Fenster im Flur klappern bei jedem Windstoß.;The old windows in the hallway rattle with every gust of wind.;verb;يطقطق;;;rattle;;;
3979;talentiert;talented / gifted;Der junge Pianist ist wirklich sehr talentiert.;The young pianist is really very talented.;adjective;موهوب;;;talented;;;
3980;Pastor;pastor / priest;Der Pastor hielt am Sonntag eine bewegende Predigt in der Kirche.;The pastor gave a moving sermon in church on Sunday.;noun;قسيس;m;;pastor;;;
3981;Psychopath;psychopath;Dieser Mann verhält sich wie ein unberechenbarer Psychopath.;That man behaves like an unpredictable psychopath.;noun;سيكوباتي;m;;psychopath;;;
3982;davonlaufen;to run away;Du kannst nicht für immer vor deinen Problemen davonlaufen.;You cannot run away from your problems forever.;verb;يهرب;;;run away;;;
3983;rammen;to ram / crash into;Beim Ausparken rammte er versehentlich das rote Auto hinter ihm.;While backing out, he accidentally rammed the red car behind him.;verb;يصدم;;rammte;rammed;;;
3984;Olive;olive;Auf meiner Pizza lag nur eine einzige grüne Olive.;There was only a single green olive on my pizza.;noun;زتونة;f;;olive;;;
3985;rauslassen;to let out;Kannst du bitte kurz die Tür öffnen und den Hund rauslassen?;Can you please open the door and let out the dog?;verb;يخرّج;;;let out;;;
3986;Funktion;function / feature;Mein neues Handy hat eine sehr praktische Funktion zum Stromsparen.;My new phone has a very practical feature for saving power.;noun;خاصية;f;;feature;;;
3987;Erpressung;blackmail / extortion;Er ging sofort zur Polizei, um die Erpressung anzuzeigen.;He immediately went to the police to report the blackmail.;noun;ابتزاز;f;;blackmail;;;
3988;Lügnerin;liar (female);Glaub ihr kein Wort, sie ist eine notorische Lügnerin.;Don't believe a word she says, she is a notorious liar.;noun;كدابة;f;;liar;;;
3989;krähen;to crow;Auf dem Bauernhof fangen die Hähne schon früh an zu krähen.;On the farm, the roosters start to crow early.;verb;يصيح;;;crow;;;
3990;nachgehen;to investigate / pursue;Die Polizei muss diesem verdächtigen Hinweis gründlich nachgehen.;The police must thoroughly investigate this suspicious lead.;verb;يتحرى عن;;;investigate;;;
3991;Charme;charm;Die alte Stadt hat ihren ganz besonderen Charme über die Jahre bewahrt.;The old town has kept its very special charm over the years.;noun;سحر;m;;charm;;;
3992;Afghanistan;Afghanistan;Er hat mehrere Jahre als Entwicklungshelfer in Afghanistan gelebt.;He lived in Afghanistan for several years as an aid worker.;noun;أفغانستان;n;;Afghanistan;;;
3993;elektronische;electronic;Die elektronische Musik in diesem Club gefällt mir richtig gut.;I really like the electronic music in this club.;adjective;إلكتروني;;;electronic;;;
3994;aufteilen;to divide / split up / share;Wir können die Gesamtkosten für die Reise einfach gerecht aufteilen.;We can simply divide the total costs for the trip fairly.;verb;يقسم;;;divide;;;
3995;Junkie;junkie / addict;Er war früher drogenabhängig, aber er ist schon lange kein Junkie mehr.;He used to be drug addicted, but he hasn't been a junkie for a long time.;noun;مدمن;m;;junkie;;;
3996;verrotten;to rot / decay;Das feuchte Holz fängt draußen im Garten langsam an zu verrotten.;The damp wood in the garden is slowly starting to rot.;verb;يعفن;;;rot;;;
3997;Region;region / area;Der Tourismus ist eine wichtige Einnahmequelle für diese ländliche Region.;Tourism is an important source of income for this rural region.;noun;منطقة;f;;region;;;
3998;wimmert;whimpers / is whimpering;Der kleine Hund wimmert leise vor der geschlossenen Tür.;The little dog whimpers quietly in front of the closed door.;verb;بيأن;;;whimpers;;;
3999;Hunter;Hunter;Hunter hat gestern angerufen und sich nach den neuen Plänen erkundigt.;Hunter called yesterday and inquired about the new plans.;noun;هانتر;m;;Hunter;;;
4000;abgeordneter;member of parliament / representative;Als gewählter Abgeordneter muss er die Interessen der Bürger vertreten.;As an elected representative, he must represent the interests of the citizens.;noun;نائب برلماني;m;Abgeordneter;representative;;;
4001;Versuchung;temptation;Die frische Schokolade im Schrank war eine zu große Versuchung für mich.;The fresh chocolate in the cupboard was too big of a temptation for me.;noun;إغراء;f;;temptation;;;
4002;zuverlässig;reliable / dependable;Mein Kollege ist sehr zuverlässig und erledigt jede Aufgabe sorgfältig.;My colleague is very reliable and completes every task carefully.;adjective;يُعتمد عليه;;;reliable;;;
4003;Gleichgewicht;balance / equilibrium;Auf dem rutschigen Eis verlor er plötzlich das Gleichgewicht und fiel hin.;On the slippery ice, he suddenly lost his balance and fell down.;noun;توازن;n;;balance;;;
4004;Reverend;Reverend;Der Reverend begrüßte die Gemeinde am Sonntagmorgen vor der Kirche.;The Reverend greeted the congregation in front of the church on Sunday morning.;noun;القسيس;m;;Reverend;;;
4005;Sicherheitsdienst;security service / security;Der Sicherheitsdienst kontrolliert am Haupteingang die Ausweise der Besucher.;Security checks the visitors' badges at the main entrance.;noun;الأمن;m;;Security;;;
4006;gelegentlich;occasionally / now and then;Wir treffen uns noch gelegentlich am Wochenende auf einen Kaffee im Park.;We still meet occasionally on weekends for a coffee in the park.;adverb;من وقت للتاني;;;occasionally;;;
4007;topf;pot / saucepan;Das Wasser kocht schon im großen Topf auf dem Herd.;The water is already boiling in the big pot on the stove.;noun;حلة;m;Topf;pot;;;
4008;Anhörung;hearing;Morgen findet die offizielle Anhörung zu dem Fall vor Gericht statt.;The official hearing on the case will take place in court tomorrow.;noun;جلسة استماع;f;;hearing;;;
4009;Chor;choir;Sie singt seit vielen Jahren begeistert im Chor unserer Gemeinde.;She has been singing enthusiastically in our community choir for many years.;noun;كورال;m;;choir;;;
4010;Po;bottom / butt;Das Kind ist beim Toben ausgerutscht und auf dem Po gelandet.;The child slipped while romping around and landed on their bottom.;noun;مؤخرة;m;;bottom;;;
4011;Seattle;Seattle;Mein Bruder hat vor zwei Jahren ein interessantes Jobangebot in Seattle angenommen.;My brother accepted an interesting job offer in Seattle two years ago.;noun;سياتل;n;;Seattle;;;
4012;loslegen;to get started / get cracking;Sobald alle da sind, können wir direkt mit der Arbeit loslegen.;As soon as everyone is here, we can get started with work right away.;verb;يبدأ;;;get started;;;
4013;Holland;Holland;Im Sommer fahren viele Familien für ein langes Wochenende nach Holland ans Meer.;In the summer, many families go to Holland for a long weekend by the sea.;noun;هولندا;n;;Holland;;;
4014;Stab;rod / staff / stick;Der alte Mann stützte sich beim Spaziergang auf einen stabilen Stab.;The old man leaned on a sturdy staff during his walk.;noun;عصاية;m;;staff;;;
4015;adieu;farewell / goodbye;Er winkte zum Abschied und sagte einfach leise adieu.;He waved goodbye and simply said farewell softly.;interjection;مع السلامة;;;farewell;;;
4016;einatmen;to inhale / breathe in;Bei dieser Entspannungsübung sollst du ganz langsam durch die Nase einatmen.;During this relaxation exercise, you should breathe in very slowly through your nose.;verb;ياخد نَفَس;;;breathe in;;;
4017;vergossen;spilled / shed;Wegen dieser traurigen Nachricht wurden viele Tränen vergossen.;Because of this sad news, many tears were shed.;verb;نزلت / اتدلق;;;shed;;;
4018;Knabe;boy / lad;Der kleine Knabe half seiner Nachbarin gern beim Tragen der Einkäufe.;The little boy gladly helped his neighbor carry the groceries.;noun;ولد;m;;boy;;;
4019;Cindy;Cindy;Cindy hat gestern ihren neuen Job in der Apotheke angefangen.;Cindy started her new job at the pharmacy yesterday.;noun;سيندي;f;;Cindy;;;
4020;kassieren;to collect (money) / cash in;Die Kellnerin kommt gleich an unseren Tisch, um zu kassieren.;The waitress will come to our table right away to collect the money.;verb;يحاسب;;;collect the money;;;
4021;zugesagt;promised / agreed / accepted;Sie hat gestern fest zugesagt, dass sie uns bei dem Projekt unterstützt.;She firmly promised yesterday that she would support us with the project.;verb;وافق;;;promised;;;
4022;Februar;February;Im Februar liegt in den Bergen meistens noch sehr viel Schnee.;In February, there is usually still a lot of snow in the mountains.;noun;فبراير;m;;February;;;
4023;ansage;announcement;Das war gestern im Meeting eine deutliche Ansage von der Chefin.;That was a clear announcement from the boss in yesterday's meeting.;noun;تنبيه حاسم;f;Ansage;announcement;;;
4024;bohren;to drill;Der Nachbar bohrt schon seit heute Morgen Löcher in die Wand.;The neighbour has been drilling holes in the wall since this morning.;verb;يخرم;;bohrt;drilling;;;
4025;murmeln;to mumble;Er saß ganz allein am Tisch und murmelte leise vor sich hin.;He sat all alone at the table and mumbled quietly to himself.;verb;يبرطم;;murmelte;mumbled;;;
4026;widersetzen;to resist / to defy;Der junge Mann widersetzte sich den Anweisungen der Polizei.;The young man resisted the orders of the police.;verb;يعاند;;widersetzte;resisted;;;
4027;Daniels;Daniels;Herr Daniels arbeitet seit über zehn Jahren in unserer Firma.;Mr. Daniels has been working in our company for over ten years.;noun;دانيلز;m;;Daniels;;;
4028;installiert;installed / to install;Hast du das neue Update auf deinem Laptop schon installiert?;Have you already installed the new update on your laptop?;verb;سطّب;;;installed;;;
4029;säubern;to clean;Wir müssen die Küche nach der Feier gründlich säubern.;We need to thoroughly clean the kitchen after the party.;verb;ينضف;;;clean;;;
4030;Bunker;bunker;Im Krieg suchten die Menschen oft Schutz in einem unterirdischen Bunker.;During the war, people often sought shelter in an underground bunker.;noun;مخبأ;m;;bunker;;;
4031;reichlich;plenty / plentiful;Auf der Feier gab es reichlich Kuchen und kalte Getränke.;At the party there was plenty of cake and cold drinks.;adjective;كتير;;;plenty;;;
4032;gratis;free / complimentary;Zu jedem Kaffee gibt es in diesem Café einen Keks gratis dazu.;With every coffee in this café you get a cookie for free.;adjective;ببلاش;;;free;;;
4033;vorläufig;provisional / temporary;Diese Öffnungszeiten gelten nur vorläufig bis zum Ende des Monats.;These opening hours are only provisional until the end of the month.;adjective;مؤقت;;;provisional;;;
4034;eliminieren;to eliminate;Mit dieser Methode können wir das Fehlerrisiko fast völlig eliminieren.;With this method, we can almost completely eliminate the risk of error.;verb;يقضي على;;;eliminate;;;
4035;erworben;acquired / gained;Sie hat ihre guten Sprachkenntnisse während des Studiums im Ausland erworben.;She acquired her good language skills during her studies abroad.;verb;اكتسب;;;acquired;;;
4036;zurückbleiben;to stay behind / to fall behind;Beim Ausflug in den Wald sollte niemand alleine zurückbleiben.;On the trip into the forest, nobody should stay behind alone.;verb;يفضل ورا;;;stay behind;;;
4037;Gestank;stench / bad smell;Der Gestank aus der Mülltonne war in der Sommerhitze unerträglich.;The stench from the rubbish bin was unbearable in the summer heat.;noun;ريحة وحشة;m;;stench;;;
4038;auffliegen;to be exposed / to be uncovered;Der heimliche Betrug ist erst nach vielen Monaten aufgeflogen.;The secret fraud was only exposed after many months.;verb;يتفضح;;aufgeflogen;exposed;;;
4039;lindern;to relieve / to soothe;Ein warmer Tee mit Honig kann Halsschmerzen spürbar lindern.;Warm tea with honey can noticeably relieve a sore throat.;verb;يخفف;;;relieve;;;
4040;unverschämt;outrageous / impudent;Es ist wirklich unverschämt, wie unfreundlich dieser Kellner war.;It is really outrageous how unfriendly that waiter was.;adjective;قليل الأدب;;;outrageous;;;
4041;Tomaten;tomatoes;Ich habe auf dem Markt reife rote Tomaten für den Salat gekauft.;I bought ripe red tomatoes for the salad at the market.;noun;طماطم;f;;tomatoes;;;
4042;Album;album;Meine Lieblingsband hat gestern endlich ihr neues Album herausgebracht.;My favourite band finally released their new album yesterday.;noun;ألبوم;n;;album;;;
4043;Arnold;Arnold;Arnold geht jeden Samstagmorgen mit seinem Hund im Stadtpark spazieren.;Arnold goes for a walk in the city park with his dog every Saturday morning.;noun;أرنولد;m;;Arnold;;;
4044;Autopsie;autopsy;Die Ärzte führten eine Autopsie durch, um die genaue Todesursache festzustellen.;The doctors performed an autopsy to determine the exact cause of death.;noun;تشريح الجثة;f;;autopsy;;;
4045;definieren;to define;Kannst du diesen Fachbegriff mit einfachen Worten definieren?;Can you define this technical term using simple words?;verb;يعرّف;;;define;;;
4046;Heinrich;Heinrich;Heinrich hat gestern seinen sechzigsten Geburtstag mit vielen Gästen gefeiert.;Heinrich celebrated his sixtieth birthday yesterday with many guests.;noun;هاينريش;m;;Heinrich;;;
4047;Becher;cup / mug;Ich trinke jeden Morgen einen großen Becher Kaffee am Schreibtisch.;Every morning I drink a large cup of coffee at my desk.;noun;مج;m;;cup;;;
4048;süchtig;addicted;Er ist inzwischen süchtig nach diesem neuen Computerspiel geworden.;He has now become addicted to this new computer game.;adjective;مدمن;;;addicted;;;
4049;wiehern;to neigh / to whinny;Als der Bauer mit dem Heu kam, fingen die Pferde laut an zu wiehern.;When the farmer arrived with the hay, the horses began to neigh loudly.;verb;يصهل;;;neigh;;;
4050;Standpunkt;standpoint / point of view;Ich verstehe deinen Standpunkt, aber ich sehe das Ganze etwas anders.;I understand your standpoint, but I see the whole thing a bit differently.;noun;وجهة نظر;m;;standpoint;;;
4051;Sylvia;Sylvia;Sylvia hat gestern ihre neue Stelle im Kindergarten angefangen.;Sylvia started her new job at the nursery yesterday.;noun;سيلفيا;f;;Sylvia;;;
4052;beabsichtigt;intends / intended;Die Stadt beabsichtigt, nächstes Jahr eine neue Bibliothek zu bauen.;The city intends to build a new library next year.;verb;ناوي;;;intends;;;
4053;eingejagt;instilled / struck;Der laute Donner hat meiner kleinen Schwester furchtbare Angst eingejagt.;The loud thunder struck terrible fear into my little sister.;verb;رعّب;;;struck;;;
4054;hinkommen;to get there;Das Restaurant ist etwas versteckt, aber mit dem Bus sollten wir gut hinkommen.;The restaurant is somewhat hidden, but by bus we should easily get there.;verb;يوصل هناك;;;get there;;;
4055;hierbei;in doing so / in this;Wir renovieren das Haus, und hierbei hilft uns mein Onkel sehr viel.;We are renovating the house, and in doing so my uncle is helping us a lot.;adverb;في الموضوع ده;;;in doing so;;;
4056;somit;thus / consequently;Der letzte Zug fiel aus, somit mussten wir ein Taxi nach Hause nehmen.;The last train was cancelled, thus we had to take a taxi home.;adverb;وبكده;;;thus;;;
4057;Flitterwochen;honeymoon;Das frisch verheiratete Paar verbringt seine Flitterwochen in Italien.;The newly married couple is spending their honeymoon in Italy.;noun;شهر العسل;f;;honeymoon;;;
4058;ausgeglichen;balanced / well-balanced;Trotz vieler Probleme im Büro wirkt unser Chef immer sehr ruhig und ausgeglichen.;Despite many problems at the office, our boss always seems very calm and balanced.;adjective;متزن;;;balanced;;;
4059;frustriert;frustrated;Nach der erneuten Absage bei der Bewerbung war er wirklich frustriert.;After another rejection of his application, he was really frustrated.;adjective;محبط;;;frustrated;;;
4060;Gewerkschaft;trade union / labour union;Die Gewerkschaft fordert in den aktuellen Verhandlungen zehn Prozent mehr Lohn.;The trade union is demanding ten percent higher wages in the current negotiations.;noun;نقابة عمالية;f;;trade union;;;
4061;Ballon;balloon;Der bunte Ballon stieg langsam über den Bäumen in die Luft.;The colourful balloon slowly rose into the air above the trees.;noun;بالونة;m;;balloon;;;
4062;Wiederhören;goodbye (on phone);Vielen Dank für Ihren Anruf und auf Wiederhören!;Thank you very much for your call and goodbye!;noun;مع السلامة;n;;goodbye;;;
4063;peng;bang;Plötzlich machte es laut peng und der Reifen am Fahrrad war geplatzt.;Suddenly there was a loud bang and the bicycle tyre had burst.;interjection;طخ;;;bang;;;
4064;Baker;Baker;Herr Baker leitet seit letztem Jahr das neue Projekt in München.;Mr. Baker has been leading the new project in Munich since last year.;noun;بيكر;m;;Baker;;;
4065;finster;dark / gloomy;Im alten Keller war es so finster, dass wir die Taschenlampe anmachen mussten.;In the old cellar it was so dark that we had to turn on the torch.;adjective;ظلمة;;;dark;;;
4066;Hauptstadt;capital city / capital;Berlin ist die Hauptstadt von Deutschland und hat viele spannende Museen.;Berlin is the capital of Germany and has many exciting museums.;noun;عاصمة;f;;capital;;;
4067;Streichhölzer;matches;Hast du vielleicht eine Schachtel Streichhölzer, um den Kamin anzuzünden?;Do you happen to have a box of matches to light the fireplace?;noun;كبريت;n;;matches;;;
4068;geduldig;patient / patiently;Die Kinder warteten geduldig an der Haltestelle auf den Schulbus.;The children waited patiently at the stop for the school bus.;adjective;صبور;;;patiently;;;
4069;Anschuldigungen;accusations / allegations;Der Minister wies alle Anschuldigungen in der heutigen Pressekonferenz zurück.;The minister rejected all accusations in today's press conference.;noun;اتهامات;f;;accusations;;;
4070;ohnehin;anyway / in any case;Ich fahre gleich zum Supermarkt und kann dir ohnehin etwas mitbringen.;I'm heading to the supermarket in a moment and can bring you something anyway.;adverb;كده كده;;;anyway;;;
4071;Lebensmittel;groceries / food;Am Samstag kaufe ich alle Lebensmittel für die kommende Woche ein.;On Saturday I buy all the groceries for the coming week.;noun;مواد غذائية;n;;groceries;;;
4072;Samuel;Samuel;Samuel lernt seit ein paar Monaten fleißig Gitarre an der Musikschule.;Samuel has been diligently learning guitar at the music school for a few months.;noun;صموئيل;m;;Samuel;;;
4073;Viktor;Viktor;Viktor holt uns nachher mit dem Auto vom Bahnhof ab.;Viktor is picking us up from the train station by car later.;noun;فيكتور;m;;Viktor;;;
4074;angehörigen;relatives / family members;Die Ärzte haben die Angehörigen sofort über die Operation informiert.;The doctors immediately informed the relatives about the surgery.;noun;قرايب;m;Angehörigen;relatives;;;
4075;och;oh / ah;Och, wie schade, ich dachte, du kommst heute mit ins Kino.;Oh, what a shame, I thought you were coming along to the cinema today.;interjection;يا خسارة;;Och;Oh;;;
4076;Dolch;dagger;Im Museum haben wir einen antiken Dolch aus Silber gesehen.;In the museum we saw an antique silver dagger.;noun;خنجر;m;;dagger;;;
4077;Spitznamen;nickname;In der Schule gaben ihm seine Freunde einen lustigen Spitznamen.;At school, his friends gave him a funny nickname.;noun;اسم دلع;m;;nickname;;;
4078;angespannt;tense / strained;Vor der wichtigen Prüfung war die Stimmung im Raum sehr angespannt.;Before the important exam, the atmosphere in the room was very tense.;adjective;متوتر;;;tense;;;
4079;Liter;liter;Man sollte jeden Tag mindestens zwei Liter Wasser trinken.;One should drink at least two liters of water every day.;noun;لتر;m;;liters;;;
4080;Melanie;Melanie;Melanie hat mir heute ihren alten Laptop für die Uni geliehen.;Melanie lent me her old laptop for university today.;noun;ميلاني;f;;Melanie;;;
4081;herausfordern;to challenge;Ich möchte dich zu einer Partie Schach herausfordern.;I would like to challenge you to a game of chess.;verb;يتحدى;;;challenge;;;
4082;profitieren;to benefit / to profit;Beide Seiten können von dieser neuen Vereinbarung profitieren.;Both sides can benefit from this new agreement.;verb;يستفيد;;;benefit;;;
4083;schriftlich;in writing / written;Bitte schicken Sie mir die Kündigung noch einmal schriftlich zu.;Please send me the cancellation once again in writing.;adjective;كتابي;;;in writing;;;
4084;Bezahlung;payment / pay;Die Arbeit ist anstrengend, aber die Bezahlung ist wirklich fair.;The work is exhausting, but the pay is really fair.;noun;قبض;f;;pay;;;
4085;Exemplar;copy / specimen;In der Bibliothek gibt es nur noch ein einziges Exemplar von dem Buch.;In the library there is only a single copy of the book left.;noun;نسخة;n;;copy;;;
4086;angucken;to watch / to look at;Wollen wir uns heute Abend die neue Serie zusammen angucken?;Do we want to watch the new series together tonight?;verb;يتفرج على;;;watch;;;
4087;psychologische;psychological;Die Universität bietet eine kostenlose psychologische Beratung für Studierende an.;The university offers free psychological counseling for students.;adjective;نفسي;;;psychological;;;
4088;streben;to strive;Viele junge Leute streben nach einem erfolgreichen Berufsweg.;Many young people strive for a successful career path.;verb;يسعى;;;strive;;;
4089;Lesbe;lesbian;Sie hat ihren Eltern erzählt, dass sie eine Lesbe ist.;She told her parents that she is a lesbian.;noun;مثلية;f;;lesbian;;;
4090;Sternzeit;stardate;In fast jeder Folge von Raumschiff Enterprise wird die aktuelle Sternzeit genannt.;In almost every episode of Star Trek, the current stardate is mentioned.;noun;تاريخ نجمي;f;;stardate;;;
4091;glühen;to glow;Die Kohlen im Grill glühen schon und wir können gleich das Fleisch auflegen.;The coals in the barbecue are already glowing and we can put the meat on right away.;verb;يولّع / يتوهج;;;glowing;;;
4092;vergrößern;to enlarge / to increase;Die Firma plant, ihre Büroräume im nächsten Jahr deutlich zu vergrößern.;The company plans to significantly enlarge its office space next year.;verb;يكبّر;;;enlarge;;;
4093;vollendet;completed / perfected;Der Architekt hat den Bau des neuen Rathauses nach drei Jahren vollendet.;The architect completed the construction of the new town hall after three years.;verb;كمّل / خلّص;;;completed;;;
4094;Depression;depression;Nach dem schweren Verlust litt mein Onkel lange an einer schweren Depression.;After the heavy loss, my uncle suffered from severe depression for a long time.;noun;اكتئاب;f;;depression;;;
4095;Beverly;Beverly;Beverly hat uns gestern zum Abendessen in ihre neue Wohnung eingeladen.;Beverly invited us over to her new apartment for dinner yesterday.;noun;بيفرلي;f;;Beverly;;;
4096;Dankbarkeit;gratitude / thankfulness;Aus Dankbarkeit für seine Unterstützung schenkte sie ihm eine Schachtel Pralinen.;Out of gratitude for his support, she gave him a box of chocolates.;noun;امتنان / شكر;f;;gratitude;;;
4097;Ivan;Ivan;Ivan hat mir gestern geholfen, den schweren Schrank nach oben zu tragen.;Ivan helped me carry the heavy wardrobe upstairs yesterday.;noun;إيفان;m;;Ivan;;;
4098;knien;to kneel;Beim Unkrautjäten im Garten muss man oft lange auf dem Boden knien.;When weeding in the garden, you often have to kneel on the ground for a long time.;verb;يركع;;;kneel;;;
4099;Formel;formula;Ich kann mir diese komplizierte Formel in Mathe einfach nicht merken.;I simply cannot remember this complicated formula in math.;noun;معادلة / صيغة;f;;formula;;;
4100;Entführer;kidnapper / abductor;Die Polizei konnte den Entführer nach zwei Tagen in seinem Versteck fassen.;The police were able to catch the kidnapper in his hideout after two days.;noun;خاطف;m;;kidnapper;;;
4101;Insekten;insects;Im Sommer fliegen abends oft viele Insekten durch das offene Fenster ins Zimmer.;In summer, many insects often fly into the room through the open window in the evening.;noun;حشرات;n;;insects;;;
4102;beruht;is based on / rests on;Dieser spannende Film beruht auf einer wahren Begebenheit.;This exciting film is based on a true story.;verb;قايم على / مبني على;;;is based on;;;
4103;wiederfinden;to recover / to find again;Ich hoffe sehr, dass ich meine verlorene Geldbörse bald wiederfinden kann.;I really hope that I can recover my lost wallet soon.;verb;يلاقى تاني;;;recover;;;
4104;Adams;Adams;Herr Adams hat heute morgen seinen neuen Arbeitsvertrag unterschrieben.;Mr. Adams signed his new employment contract this morning.;noun;آدامز;m;;Adams;;;
4105;Begleitung;companion / accompaniment;Zu der Hochzeit meiner Cousine darf ich eine Begleitung mitbringen.;I am allowed to bring a companion to my cousin's wedding.;noun;مرافقة / صحبة;f;;companion;;;
4106;buchstäblich;literally;Nach dem langen Marathon war ich gestern Abend buchstäblich k.o.;After the long marathon, I was literally knocked out yesterday evening.;adverb;حرفياً;;;literally;;;
4107;durchgefallen;failed;Er hat leider nicht genug gelernt und ist bei der Führerscheinprüfung durchgefallen.;Unfortunately, he didn't study enough and failed the driving test.;verb;سقط;;;failed;;;
4108;Jet;jet / jet plane;Der Geschäftsmann fliegt oft mit einem privaten Jet zu wichtigen Terminen.;The businessman often flies to important appointments in a private jet.;noun;طيارة نفاثة;m;;jet;;;
4109;Demokratie;democracy;Freie Wahlen sind ein grundlegender Bestandteil jeder funktionierenden Demokratie.;Free elections are a fundamental component of every functioning democracy.;noun;ديمقراطية;f;;democracy;;;
4110;Kneipe;pub / bar;Nach der Arbeit trinken wir freitags gern noch ein Bier in der Kneipe um die Ecke.;After work on Fridays, we like to have a beer in the pub around the corner.;noun;بار / خمارة;f;;pub;;;
4111;zueinander;to each other / towards one another;Die beiden passen wirklich perfekt zueinander und heiraten bald.;The two of them really suit each other perfectly and are getting married soon.;adverb;لبعض;;;each other;;;
4112;Fiona;Fiona;Fiona hat mir ein wunderbares Buch zum Geburtstag geschenkt.;Fiona gave me a wonderful book for my birthday.;noun;فيونا;f;;Fiona;;;
4113;Israel;Israel;Meine Schwester hat vor zwei Jahren eine Rundreise durch Israel gemacht.;My sister took a round trip through Israel two years ago.;noun;إسرائيل;n;;Israel;;;
4114;ausweichen;to dodge / to swerve / to avoid;Der Autofahrer musste schnell ausweichen, um dem Hund auf der Straße nicht zu schaden.;The driver had to swerve quickly to avoid hitting the dog on the road.;verb;يتفادى / يوسع;;;swerve;;;
4115;stundenlang;for hours;Wegen des Streiks mussten die Passagiere stundenlang am Flughafen warten.;Because of the strike, the passengers had to wait for hours at the airport.;adverb;ساعات طويلة;;;for hours;;;
4116;Erdbeben;earthquake;Das schwere Erdbeben hat gestern mehrere Gebäude in der Stadt beschädigt.;The severe earthquake damaged several buildings in the city yesterday.;noun;زلزال;n;;earthquake;;;
4117;Willi;Willi;Onkel Willi bringt den Kindern immer etwas Süßes aus der Bäckerei mit.;Uncle Willi always brings the children something sweet from the bakery.;noun;فيلي;m;;Willi;;;
4118;verblüffend;astonishing / amazing;Die Ähnlichkeit zwischen den beiden Zwillingen ist wirklich verblüffend.;The similarity between the two twins is really astonishing.;adjective;مذهل / مدهش;;;astonishing;;;
4119;Stange;pole / bar;Er hielt sich im vollen Bus an der Stange fest, um nicht umzufallen.;He held onto the pole on the crowded bus so as not to fall over.;noun;ماسورة / عمود;f;;pole;;;
4120;Premierminister;prime minister;Der britische Premierminister hielt heute eine Rede vor dem Parlament.;The British prime minister delivered a speech before parliament today.;noun;رئيس الوزراء;m;;prime minister;;;
4121;Tänzerin;dancer;Sie arbeitet seit zwei Jahren als professionelle Tänzerin am Theater.;She has been working as a professional dancer at the theatre for two years.;noun;رقاصة;f;;dancer;;;
4122;Anpassung;adaptation / adjustment;Die Anpassung an das neue Schulsystem fiel den Kindern anfangs schwer.;The adaptation to the new school system was difficult for the children at first.;noun;تأقلم / تكيف;f;;adaptation;;;
4123;Randall;Randall;Hast du heute schon mit Randall über das neue Projekt gesprochen?;Have you spoken with Randall about the new project today?;noun;راندال;m;;Randall;;;
4124;gläubigen;faithful / devout;Jeden Sonntag versammeln sich die gläubigen Menschen in der Kirche.;Every Sunday, the faithful people gather in the church.;adjective;مؤمن;;;faithful;;;
4125;hungern;to starve / to go hungry;Niemand sollte in einem so reichen Land hungern müssen.;Nobody should have to starve in such a rich country.;verb;يجوع;;;starve;;;
4126;inklusive;inclusive of / including;Der Preis für das Hotelzimmer ist inklusive Frühstück.;The price for the hotel room is inclusive of breakfast.;prep;شامل;;;inclusive of;;;
4127;Empfehlung;recommendation;Auf seine Empfehlung hin habe ich das italienische Restaurant ausprobiert.;On his recommendation, I tried out the Italian restaurant.;noun;توصية;f;;recommendation;;;
4128;abfangen;to intercept / to catch;Die Polizei konnte den flüchtigen Täter noch am Bahnhof abfangen.;The police were able to intercept the fleeing perpetrator at the train station.;verb;يعترض;;;intercept;;;
4129;Mexikaner;Mexican;Mein neuer Kollege ist Mexikaner und spricht fließend Deutsch.;My new colleague is Mexican and speaks fluent German.;noun;مكسيكي;m;;Mexican;;;
4130;Anerkennung;recognition / appreciation;Für seine harte Arbeit hat er endlich die verdiente Anerkennung bekommen.;For his hard work, he finally received the well-deserved recognition.;noun;تقدير;f;;recognition;;;
4131;pink;pink;Ihre neue Tasche ist auffällig pink und gefällt ihr sehr.;Her new bag is strikingly pink and she likes it a lot.;adjective;بمبي;;;pink;;;
4132;scheu;shy / timid;Die neue Katze ist anfangs noch sehr scheu gegenüber Fremden.;The new cat is still very shy towards strangers at first.;adjective;خجول;;;shy;;;
4133;Casino;casino;Am Wochenende haben wir einen spannenden Abend im Casino verbracht.;At the weekend, we spent an exciting evening in the casino.;noun;كازينو;n;;casino;;;
4134;Ausbruch;breakout / escape;Zwei Häftlingen gelang gestern der Ausbruch aus dem Gefängnis.;Two prisoners succeeded in their escape from prison yesterday.;noun;هروب;m;;escape;;;
4135;Hausmeister;caretaker / janitor;Wenn die Heizung nicht funktioniert, musst du den Hausmeister anrufen.;If the heating isn't working, you have to call the caretaker.;noun;بواب;m;;caretaker;;;
4136;Inhalt;content;Der genaue Inhalt des Briefes war eine große Überraschung für alle.;The exact content of the letter was a big surprise for everyone.;noun;محتوى;m;;content;;;
4137;abstimmen;to vote / to coordinate;Die Abgeordneten werden morgen über das neue Gesetz abstimmen.;The members of parliament will vote on the new law tomorrow.;verb;يصوت;;;vote;;;
4138;Zusammenarbeit;cooperation / collaboration;Vielen Dank für die erfolgreiche Zusammenarbeit in den letzten Monaten.;Thank you very much for the successful cooperation over the past few months.;noun;تعاون;f;;cooperation;;;
4139;staunen;to be amazed / to marvel;Die Kinder staunten über die beeindruckenden Zaubertricks im Zirkus.;The children were amazed at the impressive magic tricks at the circus.;verb;يندهش;;staunten;were amazed;;;
4140;versäumt;missed / neglected;Ich habe gestern leider den letzten Zug nach Hause versäumt.;Unfortunately, I missed the last train home yesterday.;verb;يفوّت;;;missed;;;
4141;vorgesehen;intended / designated;Dieser Parkplatz ist nur für Mitarbeiter der Firma vorgesehen.;This parking space is intended only for company employees.;adjective;مخصص;;;intended;;;
4142;zutaten;ingredients;Hast du schon alle Zutaten für den Kuchen eingekauft?;Have you already bought all the ingredients for the cake?;noun;مكونات;f;Zutaten;ingredients;;;
4143;bedrückt;depressed / downcast;Seit dem Streit mit seinem Freund wirkt er sehr bedrückt.;Since the argument with his friend, he seems very depressed.;adjective;مهموم;;;depressed;;;
4144;eingebaut;built-in / installed;In der Küche ist der große Kühlschrank fest eingebaut.;In the kitchen, the large refrigerator is permanently built-in.;adjective;متركب;;;built-in;;;
4145;erschüttert;shaken / shocked;Die ganze Familie war nach der schlechten Nachricht tief erschüttert.;The whole family was deeply shaken after the bad news.;adjective;مصدوم;;;shaken;;;
4146;Pfoten;paws;Der Hund hat schmutzige Pfoten, weil er draußen im Schlamm gespielt hat.;The dog has dirty paws because he played outside in the mud.;noun;كفوف;f;;paws;;;
4147;Autogramm;autograph;Nach dem Konzert bat sie den Sänger um ein Autogramm.;After the concert, she asked the singer for an autograph.;noun;إمضاء;n;;autograph;;;
4148;mehrmals;several times / repeatedly;Ich habe mehrmals versucht, dich anzurufen, aber niemand ging ran.;I tried several times to call you, but nobody picked up.;adverb;كذا مرة;;;several times;;;
4149;Axt;axe;Er nahm die schwere Axt, um Brennholz für den Winter zu spalten.;He took the heavy axe to chop firewood for the winter.;noun;بلطة;f;;axe;;;
4150;Badewanne;bathtub;Nach einem langen Arbeitstag nehme ich gerne ein heißes Bad in der Badewanne.;After a long workday, I like taking a hot bath in the bathtub.;noun;بانيو;f;;bathtub;;;
4151;Buddha;Buddha;Im Wohnzimmer steht eine kleine goldene Statue von Buddha.;In the living room stands a small golden statue of Buddha.;noun;بوذا;m;;Buddha;;;
4152;Samurai;samurai;Der Samurai zog sein Schwert, um sein Dorf zu verteidigen.;The samurai drew his sword to defend his village.;noun;ساموراي;m;;samurai;;;
4153;Feuerwehr;fire department / fire brigade;Als der Rauch aufstieg, riefen die Nachbarn sofort die Feuerwehr.;When the smoke rose, the neighbours immediately called the fire department.;noun;المطافي;f;;fire department;;;
4154;Sydney;Sydney;Nächstes Jahr möchte meine Schwester Urlaub in Sydney machen.;Next year, my sister would like to go on vacation in Sydney.;noun;سيدني;n;;Sydney;;;
4155;Zeitplan;schedule / timetable;Wir müssen uns beeilen, um den engen Zeitplan einzuhalten.;We have to hurry in order to keep to the tight schedule.;noun;جدول زمني;m;;schedule;;;
4156;Aufschlag;surcharge / serve;Für Lieferungen am Sonntag verlangt die Firma einen zusätzlichen Aufschlag.;The company charges an additional surcharge for deliveries on Sunday.;noun;رسوم إضافية;m;;surcharge;;;
4157;primitiv;primitive;Die Werkzeuge der frühen Menschen waren im Vergleich zu heute sehr primitiv.;The tools of early humans were very primitive compared to today.;adjective;بدائي;;;primitive;;;
4158;insgesamt;altogether / in total;Die Reise hat insgesamt zwei Wochen gedauert.;The trip lasted two weeks altogether.;adverb;في المجمل;;;altogether;;;
4159;Ägypten;Egypt;Viele Touristen fliegen im Winter nach Ägypten, um die Sonne zu genießen.;Many tourists fly to Egypt in winter to enjoy the sun.;noun;مصر;n;;Egypt;;;
4160;Balkon;balcony;Im Sommer frühstücken wir am liebsten draußen auf dem Balkon.;In summer, we prefer having breakfast outside on the balcony.;noun;بلكونة;m;;balcony;;;
4161;angewiesen;reliant / dependent;Ohne eigenes Auto bin ich auf die öffentlichen Verkehrsmittel angewiesen.;Without my own car, I am reliant on public transport.;adjective;معتمد على;;;reliant;;;
4162;scheußlich;dreadful / hideous / awful;Das Wetter am Wochenende war einfach scheußlich mit ständigem Regen.;The weather at the weekend was simply dreadful with constant rain.;adjective;بشع;;;dreadful;;;
4163;Jakob;Jakob / Jacob;Mein bester Freund Jakob kommt heute Abend zum Abendessen vorbei.;My best friend Jakob is coming over for dinner this evening.;noun;يعقوب;m;;Jakob;;;
4164;Kamin;fireplace;Im Winter sitzen wir gerne gemütlich vor dem brennenden Kamin.;In winter, we like sitting cozily in front of the burning fireplace.;noun;دفاية;m;;fireplace;;;
4165;derzeit;currently / at present;Sie sucht derzeit nach einer neuen Wohnung im Stadtzentrum.;She is currently looking for a new apartment in the city center.;adverb;حالياً;;;currently;;;
4166;theoretisch;theoretical / theoretically;Theoretisch ist dein Plan gut, aber in der Praxis wird es schwierig.;Theoretically your plan is good, but in practice it will be difficult.;adjective;نظري;;;Theoretically;;;
4167;hinsehen;to look closely / to look;Man musste schon genau hinsehen, um den kleinen Fehler im Bild zu entdecken.;You had to look closely to discover the small mistake in the picture.;verb;يبص;;;look closely;;;
4168;mitbekommen;to notice / to catch;Ich habe von dem ganzen Lärm überhaupt nichts mitbekommen.;I did not notice anything of all that noise at all.;verb;ياخد باله;;;notice;;;
4169;Bestätigung;confirmation;Ich habe die Bestätigung für meine Buchung per E-Mail erhalten.;I received the confirmation for my booking by email.;noun;تأكيد;f;;confirmation;;;
4170;amüsant;amusing / entertaining;Der Film gestern Abend war wirklich sehr amüsant und kurzweilig.;The movie yesterday evening was really very amusing and entertaining.;adjective;مسلي;;;amusing;;;
4171;einleiten;to initiate / to launch;Die Polizei muss sofort Ermittlungen einleiten, um den Fall aufzuklären.;The police must immediately initiate investigations to solve the case.;verb;يبدأ;;;initiate;;;
4172;zurückverfolgen;to trace back;Die Ermittler konnten die Herkunft des Geldes lückenlos zurückverfolgen.;The investigators were able to trace back the origin of the money completely.;verb;يتتبع;;;trace back;;;
4173;Übertragung;broadcast / transmission;Die Übertragung des Fußballspiels wird heute Abend live im Fernsehen gezeigt.;The broadcast of the football match will be shown live on television tonight.;noun;بث;f;;broadcast;;;
4174;übertroffen;exceeded / surpassed;Das tolle Konzert hat gestern all unsere Erwartungen übertroffen.;The great concert exceeded all our expectations yesterday.;verb;عدّى;;;exceeded;;;
4175;Haustier;pet;Meine Kinder wünschen sich schon lange ein eigenes Haustier.;My children have wanted their own pet for a long time.;noun;حيوان أليف;n;;pet;;;
4176;Türklingel;doorbell;Ich habe die Musik so laut gehört, dass ich die Türklingel nicht bemerkt habe.;I was listening to music so loudly that I didn't notice the doorbell.;noun;جرس الباب;f;;doorbell;;;
4177;Zuneigung;affection;Der kleine Junge spürte sofort eine tiefe Zuneigung zu dem geretteten Kätzchen.;The little boy immediately felt a deep affection for the rescued kitten.;noun;عطف;f;;affection;;;
4178;Struktur;structure;Dieser Präsentation fehlt eine klare Struktur, deshalb kann man ihr schwer folgen.;This presentation lacks a clear structure, which is why it is difficult to follow.;noun;هيكل;f;;structure;;;
4179;Hawaii;Hawaii;Nächstes Jahr möchten wir im Sommer zwei Wochen Urlaub auf Hawaii machen.;Next year in summer we would like to spend a two-week vacation in Hawaii.;noun;هاواي;n;;Hawaii;;;
4180;Helena;Helena;Helena hat gestern ihre letzte Prüfung an der Universität erfolgreich bestanden.;Helena successfully passed her final exam at the university yesterday.;noun;هيلينا;f;;Helena;;;
4181;Konzept;concept / plan;Wir müssen zuerst ein neues Konzept entwickeln, bevor wir mit dem Projekt starten.;We first need to develop a new concept before we start the project.;noun;خطة;n;;concept;;;
4182;Sonnenschein;sunshine;Nach dem langen Regen haben wir am Wochenende endlich wieder warmen Sonnenschein.;After the long rain, we finally have warm sunshine again on the weekend.;noun;نور الشمس;m;;sunshine;;;
4183;Police;insurance policy;Ich habe die Police für meine Hausratversicherung in der obersten Schublade abgelegt.;I put the insurance policy for my household insurance in the top drawer.;noun;بوليصة تأمين;f;;insurance policy;;;
4184;Highway;highway;Wir fuhren stundenlang auf dem leeren Highway durch die weite Wüste.;We drove for hours on the empty highway through the vast desert.;noun;طريق سريع;m;;highway;;;
4185;Hit;hit song / hit;Das Lied lief den ganzen Sommer lang überall und war ein echter Hit.;The song played everywhere all summer long and was a real hit.;noun;أغنية مكسرة الدنيا;m;;hit;;;
4186;Kinderspiel;child's play / piece of cake;Mit der richtigen Anleitung war der Aufbau des Schranks wirklich ein reines Kinderspiel.;With the right instructions, assembling the wardrobe was really pure child's play.;noun;لعبة عيال;n;;child's play;;;
4187;unfähig;incapable / unable;Er war vor lauter Schock völlig unfähig, auch nur ein Wort herauszubringen.;Out of sheer shock, he was completely unable to utter even a single word.;adjective;مش قادر;;;unable;;;
4188;verblutet;bled to death;Der verletzte Hund wäre ohne die schnelle Hilfe des Tierarztes fast verblutet.;The injured dog would have almost bled to death without the vet's quick help.;verb;نزف لحد ما مات;;;bled to death;;;
4189;verbraucht;consumed / used up;Dieses alte Auto hat auf der langen Fahrt viel zu viel Benzin verbraucht.;This old car consumed far too much petrol on the long journey.;verb;استهلك;;;consumed;;;
4190;erstklassige;first-class / top-quality;Das Restaurant hat wirklich eine erstklassige Küche und sehr nettes Personal.;The restaurant really has first-class cuisine and very nice staff.;adjective;ممتازة;;;first-class;;;
4191;Doris;Doris;Doris bringt jeden Freitag selbst gebackenen Kuchen für die Kollegen ins Büro mit.;Doris brings homemade cake to the office for her colleagues every Friday.;noun;دوريس;f;;Doris;;;
4192;Privatleben;private life / personal life;Sie spricht bei der Arbeit grundsätzlich nie über ihr Privatleben.;She fundamentally never talks about her private life at work.;noun;حياة شخصية;n;;private life;;;
4193;sentimental;sentimental;Er wird immer ganz sentimental, wenn er alte Lieder aus seiner Jugendzeit hört.;He always gets quite sentimental when he listens to old songs from his youth.;adjective;عاطفي;;;sentimental;;;
4194;Ressourcen;resources;Wir müssen sorgsam mit Wasser umgehen, weil unsere natürlichen Ressourcen begrenzt sind.;We must be careful with water because our natural resources are limited.;noun;موارد;f;;resources;;;
4195;Kampagne;campaign;Die Stadt hat eine neue Kampagne gestartet, um das Fahrradfahren zu fördern.;The city launched a new campaign to promote cycling.;noun;حملة;f;;campaign;;;
4196;glücklicherweise;fortunately / luckily;Es gab einen heftigen Sturm, aber glücklicherweise wurde an unserem Haus nichts beschädigt.;There was a violent storm, but fortunately nothing was damaged on our house.;adverb;لحسن الحظ;;;fortunately;;;
4197;versiegelt;sealed;Der Umschlag mit den geheimen Dokumenten war mit rotem Wachs versiegelt.;The envelope with the secret documents was sealed with red wax.;verb;مختوم;;;sealed;;;
4198;inwiefern;to what extent / in what way;Ich verstehe ehrlich gesagt nicht, inwiefern mich dieses Problem überhaupt betrifft.;Honestly, I don't understand to what extent this problem even concerns me.;adverb;لأي مدى;;;to what extent;;;
4199;schnüffeln;to sniff / to snoop;Der Hund bleibt an jedem Baum stehen, um neugierig daran zu schnüffeln.;The dog stops at every tree to sniff curiously at it.;verb;يشمشم;;;sniff;;;
4200;einschließlich;including / inclusive of;Das Hotelzimmer kostet neunzig Euro pro Nacht, einschließlich des Frühstücks.;The hotel room costs ninety euros per night, including breakfast.;prep;بما في ذلك;;;including;;;
4201;zugeteilt;assigned / allocated;Jedem neuen Mitarbeiter wurde am ersten Tag ein fester Arbeitsplatz zugeteilt.;Every new employee was assigned a fixed workspace on their first day.;verb;اتخصص له;;;assigned;;;
4202;Logik;logic;Sein Verhalten widerspricht jeder gesunden Logik und macht überhaupt keinen Sinn.;His behavior defies all sound logic and makes no sense at all.;noun;منطق;f;;logic;;;
4203;Maschinenraum;engine room;Wegen des lauten Lärms muss man im Maschinenraum des Schiffes einen Gehörschutz tragen.;Because of the loud noise, you have to wear hearing protection in the ship's engine room.;noun;عنبر المحركات;m;;engine room;;;
4204;Mitbewohner;roommate / flatmate;Mein Mitbewohner und ich teilen uns die Miete und die Hausarbeit in der WG.;My flatmate and I share the rent and housework in the shared apartment.;noun;زميل السكن;m;;flatmate;;;
4205;psychisch;psychological / mental;Der ständige Druck bei der Arbeit hat ihn psychisch sehr stark belastet.;The constant pressure at work has put a lot of psychological strain on him.;adjective;نفسي;;;psychological;;;
4206;Anfänger;beginner / novice;Für einen absoluten Anfänger spielt er wirklich schon bemerkenswert gut Klavier.;For an absolute beginner, he really plays the piano remarkably well already.;noun;مبتدئ;m;;beginner;;;
4207;sofortige;immediate / prompt;Der Wasserschaden in der Küche verlangt eine sofortige Reparatur durch den Handwerker.;The water damage in the kitchen requires an immediate repair by the tradesman.;adjective;فوري;;;immediate;;;
4208;Claudia;Claudia;Claudia fährt am Wochenende mit ihren Freunden zum Wandern in die Berge.;Claudia is going hiking in the mountains with her friends this weekend.;noun;كلاوديا;f;;Claudia;;;
4209;Lagerhaus;warehouse / storehouse;Die Kisten mit den Ersatzteilen werden im großen Lagerhaus am Hafen aufbewahrt.;The boxes with the spare parts are stored in the large warehouse at the harbor.;noun;مخزن;n;;warehouse;;;
4210;Radar;radar;Das kleine Boot ist plötzlich völlig vom Radar der Küstenwache verschwunden.;The small boat suddenly completely disappeared from the coast guard's radar.;noun;رادار;m;;radar;;;
4211;Speck;bacon;Zum Frühstück brät er sich immer zwei Spiegeleier mit knusprigem Speck an.;For breakfast, he always fries two fried eggs with crispy bacon.;noun;بيكون;m;;bacon;;;
4212;beschränkt;limited / restricted;Die Zahl der Teilnehmer an diesem Workshop ist leider auf fünfzehn Personen beschränkt.;The number of participants in this workshop is unfortunately limited to fifteen people.;adjective;محدود;;;limited;;;
4213;verknallt;crushing / infatuated;Er ist schon seit der ersten Klasse heimlich in seine beste Freundin verknallt.;He has secretly had a crush on his best friend since first grade.;adjective;معجب بيها;;;had a crush;;;
4214;Finsternis;darkness / gloom;Als im ganzen Haus die Lichter ausgingen, standen wir plötzlich in völliger Finsternis.;When the lights went out in the whole house, we were suddenly standing in complete darkness.;noun;ضلمة;f;;darkness;;;
4215;Gin;gin;Er bestellte an der Hotelbar ein Glas Gin mit etwas Tonic Water und einer Scheibe Zitrone.;At the hotel bar, he ordered a glass of gin with some tonic water and a slice of lemon.;noun;جين;m;;gin;;;
4216;Juliette;Juliette;Juliette spricht fließend Französisch und lernt seit einem Jahr auch Deutsch in München.;Juliette speaks French fluently and has also been learning German in Munich for a year.;noun;جولييت;f;;Juliette;;;
4217;Fälschung;forgery / fake;Der Geldschein war so schlecht gedruckt, dass die Kassiererin die Fälschung sofort erkannte.;The banknote was printed so poorly that the cashier immediately recognized the forgery.;noun;تزوير;f;;forgery;;;
4218;Toni;Toni;Toni hat am Wochenende seinem Nachbarn dabei geholfen, den Garten umzugraben.;Toni helped his neighbor dig over the garden at the weekend.;noun;توني;m;;Toni;;;
4219;kindisch;childish / immature;Ich finde es ziemlich kindisch, wegen so einer kleinen Meinungsverschiedenheit gleich zu schmollen.;I think it is quite childish to sulk immediately over such a small disagreement.;adjective;طفولي;;;childish;;;
4220;Impuls;impulse / urge;In solchen Momenten sollte man nicht jedem ersten Impuls blind folgen, sondern kurz nachdenken.;In such moments, one should not blindly follow every first impulse, but think for a moment.;noun;دافع;m;;impulse;;;
4221;Sekte;cult / sect;Seine Familie war sehr erleichtert, als er den gefährlichen Einfluss dieser Sekte endlich hinter sich ließ.;His family was very relieved when he finally left behind the dangerous influence of this cult.;noun;طائفة;f;;cult;;;
4222;Ausschlag;rash / skin rash;Nach dem Kontakt mit der Pflanze bekam er einen stark juckenden Ausschlag auf der Haut.;After contact with the plant, he got a very itchy rash on his skin.;noun;طفح جلدي;m;;rash;;;
4223;beschlagnahmt;confiscated / seized;Die Polizei hat am Flughafen die gefälschten Pässe beschlagnahmt.;The police confiscated the fake passports at the airport.;verb;اتصادر;;;confiscated;;;
4224;diskret;discreet;Sie hat die Angelegenheit sehr diskret im Hintergrund geregelt.;She handled the matter very discreetly in the background.;adjective;كتوم;;;discreetly;;;
4225;mmm;mmm / yum;Oh mmm, dieser frische Apfelkuchen schmeckt wirklich fantastisch!;Oh mmm, this fresh apple pie tastes really fantastic!;interjection;ممم;;;mmm;;;
4226;Attentat;assassination attempt / attack;Der Politiker hat das schwere Attentat wie durch ein Wunder überlebt.;The politician survived the serious assassination attempt as if by a miracle.;noun;محاولة اغتيال;n;;assassination attempt;;;
4227;Kritik;criticism;Er kann mit konstruktiver Kritik leider überhaupt nicht umgehen.;Unfortunately, he cannot handle constructive criticism at all.;noun;نقد;f;;criticism;;;
4228;würgen;to gag / choke;Ich musste fast würgen, als ich an der sauren Milch gerochen habe.;I almost had to gag when I smelled the sour milk.;verb;يقرف ويرجع;;;gag;;;
4229;Pfannkuchen;pancake;Am Sonntagmorgen machen wir zum Frühstück oft frische Pfannkuchen.;On Sunday morning, we often make fresh pancakes for breakfast.;noun;بان كيك;m;;pancakes;;;
4230;Strahlung;radiation;Mittags sollte man sich vor der starken Strahlung der Sonne schützen.;At midday, one should protect oneself from the strong radiation of the sun.;noun;إشعاع;f;;radiation;;;
4231;nudeln;noodles / pasta;Zum Abendessen koche ich heute schnelle Nudeln mit Tomatensoße.;For dinner tonight, I am cooking quick pasta with tomato sauce.;noun;مكرونة;f;Nudeln;pasta;;;
4232;ungerecht;unfair / unjust;Die Schüler fanden die harte Benotung der Prüfung ziemlich ungerecht.;The students found the strict grading of the exam quite unfair.;adjective;ظالم;;;unfair;;;
4233;vermieten;to rent out / lease;Sie möchten ihre alte Wohnung an Studenten vermieten.;They want to rent out their old apartment to students.;verb;يأجر;;;rent out;;;
4234;Händler;dealer / merchant;Der Händler auf dem Wochenmarkt bietet frisches Obst und Gemüse an.;The merchant at the weekly market offers fresh fruit and vegetables.;noun;تاجر;m;;merchant;;;
4235;verpfiffen;snitched on / ratted out;Er hat seinen eigenen Komplizen bei der Polizei verpfiffen.;He ratted out his own accomplice to the police.;verb;فتّن عليه;;;ratted out;;;
4236;angeschrien;yelled at / screamed at;Der wütende Chef hat den Praktikanten vor allen Kollegen angeschrien.;The angry boss yelled at the intern in front of all colleagues.;verb;زعّق فيه;;;yelled at;;;
4237;begleichen;to settle / pay;Ich muss heute noch die offene Rechnung für das Internet begleichen.;I still have to settle the unpaid bill for the internet today.;verb;يسدد;;;settle;;;
4238;Flüssigkeit;liquid / fluid;Bei heißem Wetter muss man ausreichend Flüssigkeit zu sich nehmen.;In hot weather, you need to consume enough fluid.;noun;سائل;f;;fluid;;;
4239;Effekt;effect;Die neue Medizin zeigte schon nach wenigen Stunden einen spürbaren Effekt.;The new medicine showed a noticeable effect after just a few hours.;noun;مفعول;m;;effect;;;
4240;Sherry;sherry;Nach dem Abendessen tranken die Gäste ein kleines Glas Sherry.;After dinner, the guests drank a small glass of sherry.;noun;شيري;m;;sherry;;;
4241;Geschwister;siblings;Hast du eigentlich Geschwister oder bist du ein Einzelkind?;Do you actually have siblings, or are you an only child?;noun;إخوات;n;;siblings;;;
4242;Umarmung;hug / embrace;Sie begrüßte ihre beste Freundin am Bahnhof mit einer herzlichen Umarmung.;She greeted her best friend at the train station with a warm hug.;noun;حضن;f;;hug;;;
4243;Wale;whales;Auf unserer Bootstour vor der Küste haben wir riesige Wale gesehen.;On our boat tour off the coast, we saw giant whales.;noun;حيتان;m;;whales;;;
4244;Zustimmung;approval / consent;Der neue Plan fand sofort die breite Zustimmung der Kollegen.;The new plan immediately found the broad approval of the colleagues.;noun;موافقة;f;;approval;;;
4245;blamieren;to embarrass / disgrace;Er wollte sich vor dem gesamten Publikum nicht blamieren.;He didn't want to embarrass himself in front of the entire audience.;verb;يفضح نفسه;;;embarrass;;;
4246;geschmissen;thrown / tossed;Er hat den alten Zettel einfach in den Papierkorb geschmissen.;He simply threw the old note into the wastebasket.;verb;رمى;;;threw;;;
4247;unglücklicherweise;unfortunately;Ich habe unglücklicherweise meinen Schlüssel im Büro vergessen.;I unfortunately forgot my key in the office.;adverb;لسوء الحظ;;;unfortunately;;;
4248;Anwesen;estate / property;Die wohlhabende Familie besitzt ein großes Anwesen auf dem Land.;The wealthy family owns a large estate in the countryside.;noun;عزبة;n;;estate;;;
4249;Nachbarin;neighbor;Unsere freundliche Nachbarin gießt im Urlaub immer unsere Blumen.;Our friendly neighbor always waters our flowers during vacation.;noun;جارة;f;;neighbor;;;
4250;Stadtrat;city council;Der Stadtrat diskutiert heute über den Bau der neuen Straßenbahnlinie.;The city council is discussing the construction of the new tram line today.;noun;مجلس المدينة;m;;city council;;;
4251;Taschentuch;tissue / handkerchief;Hast du vielleicht ein Taschentuch für mich, ich muss niesen?;Do you happen to have a tissue for me, I need to sneeze?;noun;منديل;n;;tissue;;;
4252;Armband;bracelet;Zum Geburtstag schenkte er ihr ein wunderschönes goldenes Armband.;For her birthday, he gave her a beautiful gold bracelet.;noun;إسورة;n;;bracelet;;;
4253;Knöchel;ankle;Beim Joggen im Park ist sie umgeknickt und hat sich den Knöchel verstaucht.;While jogging in the park, she twisted her foot and sprained her ankle.;noun;كاحل;m;;ankle;;;
4254;leidenschaftlich;passionate / passionately;Mein Bruder spielt seit seiner Jugend leidenschaftlich gern Gitarre.;My brother has loved playing the guitar passionately since his youth.;adjective;بشغف;;;passionately;;;
4255;verbleib;whereabouts;Über den Verbleib der gestohlenen Gemälde ist bisher noch nichts bekannt.;Nothing is known so far about the whereabouts of the stolen paintings.;noun;مكان وجود;m;Verbleib;whereabouts;;;
4256;aufgezeichnet;recorded;Die Fernsehsendung wurde gestern live vor Publikum aufgezeichnet.;The television show was recorded yesterday live in front of an audience.;verb;اتسجل;;;recorded;;;
4257;Schüssel;bowl;Stell bitte die große Schüssel mit dem Salat auf den Esstisch.;Please put the big bowl with the salad on the dining table.;noun;سلطانية;f;;bowl;;;
4258;ausüben;to practice / exercise;Er darf seinen Beruf als Arzt vorerst nicht mehr ausüben.;He is not allowed to practice his profession as a doctor for now.;verb;يمارس;;;practice;;;
4259;Schlagzeilen;headlines;Der Skandal um den Minister machte tagelang große Schlagzeilen.;The scandal surrounding the minister made big headlines for days.;noun;عناوين رئيسية;f;;headlines;;;
4260;Formular;form;Bitte füllen Sie dieses Formular am Schalter vollständig aus.;Please fill out this form completely at the counter.;noun;استمارة;n;;form;;;
4261;Päckchen;small package / parcel;Der Postbote hat heute Morgen ein kleines Päckchen für dich abgegeben.;The mail carrier delivered a small package for you this morning.;noun;طرد صغير;n;;package;;;
4262;aufgefunden;found / discovered;Die vermisste Katze wurde glücklicherweise wohlbehalten im Garten aufgefunden.;Fortunately, the missing cat was found safe and sound in the garden.;verb;اتلاقى;;;found;;;
4263;spontan;spontaneous / spontaneously;Wir haben uns gestern ganz spontan zu einem Kaffee getroffen.;Yesterday, we met up quite spontaneously for a coffee.;adjective;تلقائي;;;spontaneously;;;
4264;Department;department;Sie arbeitet seit fünf Jahren im Department für Internationale Beziehungen.;She has worked in the department of international relations for five years.;noun;قسم;n;;department;;;
4265;Therapeuten;therapist / therapists;Nach dem schweren Unfall ging er regelmäßig zu einem erfahrenen Therapeuten.;After the serious accident, he went regularly to an experienced therapist.;noun;معالج نفسي;m;;therapist;;;
4266;Höhepunkt;highlight / climax;Das bunte Feuerwerk um Mitternacht war der absolute Höhepunkt des Festes.;The colorful fireworks at midnight was the absolute highlight of the festival.;noun;قمة;m;;highlight;;;
4267;effektiv;effective;Diese neue Lernmethode ist wirklich sehr effektiv für das Vokabellernen.;This new learning method is really very effective for vocabulary learning.;adjective;فعال;;;effective;;;
4268;Reparatur;repair;Die Reparatur der alten Waschmaschine war leider viel zu teuer.;Unfortunately, the repair of the old washing machine was much too expensive.;noun;تصليح;f;;repair;;;
4269;sterblichen;mortal;Wir sterblichen Menschen können nicht alles auf dieser Welt kontrollieren.;We mortal humans cannot control everything in this world.;adjective;فانين;;;mortal;;;
4270;polieren;to polish;Er möchte am Samstagnachmittag sein altes Auto gründlich polieren.;He wants to polish his old car thoroughly on Saturday afternoon.;verb;يلمّع;;;polish;;;
4271;sichtbar;visible;Die Spitze des Berges war trotz des dichten Nebels noch gut sichtbar.;The peak of the mountain was still clearly visible despite the dense fog.;adjective;باين;;;visible;;;
4272;zurückzahlen;to repay / pay back;Ich werde dir das geliehene Geld bis nächsten Monat zurückzahlen.;I will repay the borrowed money to you by next month.;verb;يسدد;;;repay;;;
4273;abgehört;wiretapped / bugged;Die Polizei hat das Telefon des Verdächtigen heimlich abgehört.;The police secretly wiretapped the suspect's phone.;verb;متصنت عليه;;;wiretapped;;;
4274;umgekommen;killed / perished;Bei dem schweren Autounfall ist zum Glück niemand umgekommen.;Fortunately, no one was killed in the serious car accident.;verb;مات;;;killed;;;
4275;Akademie;academy;Sie studiert Malerei an einer berühmten Akademie der Künste.;She is studying painting at a famous academy of the arts.;noun;أكاديمية;f;;academy;;;
4276;befassen;to deal with / to look into;Mit diesem komplizierten Thema müssen wir uns morgen ausführlich befassen.;We must deal with this complicated problem thoroughly tomorrow.;verb;يتعامل مع;;;deal with;;;
4277;entfliehen;to escape / to flee;Am Wochenende wollte er dem ganzen Stress im Büro entfliehen.;At the weekend he wanted to escape all the stress at the office.;verb;يهرب;;;escape;;;
4278;Schimmer;clue / glimmer;Ich habe ehrlich gesagt keinen blassen Schimmer, was hier passiert ist.;Honestly, I don't have the faintest clue what happened here.;noun;فكرة;m;;clue;;;
4279;ausgegraben;dug up / excavated;Die Archäologen haben in der Wüste eine uralte Münze ausgegraben.;The archaeologists dug up an ancient coin in the desert.;verb;نبش;;;dug up;;;
4280;peitsche;whip;Beim Reitunterricht hielt der Trainer eine lange Peitsche in der Hand.;During the riding lesson, the trainer held a long whip in his hand.;noun;كرباج;f;Peitsche;whip;;;
4281;Regie;direction;Er hat bei dem neuen Kinofilm zum ersten Mal selbst die Regie übernommen.;He took over the direction of the new cinema movie himself for the first time.;noun;إخراج;f;;direction;;;
4282;Samen;seed / seeds;Im Frühling pflanzen wir verschiedene Samen im Garten ein.;In spring, we plant various seeds in the garden.;noun;بذور;m;;seeds;;;
4283;realisiert;realized / implemented;Sie hat erst viel später realisiert, was eigentlich passiert war.;She only realized much later what had actually happened.;verb;استوعب;;;realized;;;
4284;siegel;seal;Der offizielle Brief trug ein rotes Siegel aus Wachs.;The official letter bore a red seal made of wax.;noun;ختم;n;Siegel;seal;;;
4285;Rhythmus;rhythm;Die Musik hatte einen schnellen Rhythmus, der sofort zum Tanzen einlud.;The music had a fast rhythm that immediately invited everyone to dance.;noun;ريتم;m;;rhythm;;;
4286;Donuts;donuts;Er hat heute Morgen frische Donuts für alle Kollegen mitgebracht.;He brought fresh donuts for all his colleagues this morning.;noun;دوناتس;m;;donuts;;;
4287;Ohrringe;earrings;Sie trug gestern Abend wunderschöne goldene Ohrringe zur Feier.;She wore beautiful gold earrings to the celebration yesterday evening.;noun;حلقان;m;;earrings;;;
4288;Chefin;female boss / boss;Unsere Chefin hat heute Morgen eine kurze Besprechung einberufen.;Our female boss called a short meeting this morning.;noun;مديرة;f;;female boss;;;
4289;Durchbruch;breakthrough;Den Forschern gelang nach jahrelanger Arbeit endlich ein großer Durchbruch.;After years of work, the researchers finally achieved a major breakthrough.;noun;طفرة;m;;breakthrough;;;
4290;Schnecke;snail / slug;Nach dem Regen kroch eine kleine Schnecke langsam über den Weg.;After the rain, a small snail crawled slowly across the path.;noun;حلزونة;f;;snail;;;
4291;Durchsuchungsbefehl;search warrant;Die Polizisten zeigten an der Tür einen gültigen Durchsuchungsbefehl vor.;The police officers showed a valid search warrant at the door.;noun;إذن تفتيش;m;;search warrant;;;
4292;kappe;cap;Im Sommer setzt er bei Sonnenschein immer eine sportliche Kappe auf.;In the summer he always puts on a sporty cap in the sunshine.;noun;كاب;f;Kappe;cap;;;
4293;präzise;precise / exact;Die Ärztin gab uns eine sehr präzise Erklärung der Behandlung.;The doctor gave us a very precise explanation of the treatment.;adjective;دقيق;;;precise;;;
4294;rahmen;frame;Sie kaufte einen schönen hölzernen Rahmen für das alte Foto.;She bought a nice wooden frame for the old photo.;noun;برواز;m;Rahmen;frame;;;
4295;reingefallen;fallen for / tricked;Ich bin gestern leider voll auf diesen dummen Scherz reingefallen.;Unfortunately, I completely fell for that silly joke yesterday.;verb;اتخدع;;;fell for;;;
4296;nachgeben;to give in / to yield;Im Streit mit seinem kleinen Bruder wollte er einfach nicht nachgeben.;In the argument with his little brother, he simply did not want to give in.;verb;يتنازل;;;give in;;;
4297;Kennzeichen;license plate / mark;Die Zeugin hat sich das Kennzeichen des flüchtigen Autos aufgeschrieben.;The witness wrote down the license plate of the fleeing car.;noun;نمرة العربية;n;;license plate;;;
4298;abgeht;is going on;Hast du eigentlich mitbekommen, was da drüben gerade abgeht?;Did you actually notice what is going on over there right now?;verb;بيحصل;;;is going on;;;
4299;klon;clone;Der kleine Junge sieht aus wie ein Klon seines Vaters.;The little boy looks like a clone of his father.;noun;نسخة طبق الأصل;m;Klon;clone;;;
4300;pennen;to sleep / to crash;Am Wochenende konnte ich endlich mal wieder bis mittags pennen.;At the weekend, I was finally able to sleep until noon again.;verb;ينام;;;sleep;;;
4301;andeuten;to hint / to imply;Ich wollte damit nur andeuten, dass wir bei der Sache vorsichtig sein sollten.;I only wanted to hint with that that we should be careful with the matter.;verb;يلمح;;;hint;;;
4302;himmlisch;heavenly / divine;Dieser frisch gebackene Apfelkuchen schmeckt einfach himmlisch.;This freshly baked apple cake simply tastes heavenly.;adjective;تحفة;;;heavenly;;;
4303;zerquetscht;crushed / squashed;Die reife Tomate wurde ganz unten im Einkaufsbeutel zerquetscht.;The ripe tomato was crushed at the very bottom of the shopping bag.;verb;مفعوص;;;crushed;;;
4304;Feuerwerk;fireworks;An Silvester haben wir um Mitternacht das bunte Feuerwerk bewundert.;On New Year's Eve at midnight, we admired the colorful fireworks.;noun;ألعاب نارية;n;;fireworks;;;
4305;Quark;quark / curd cheese;Zum Frühstück esse ich gerne frischen Quark mit Früchten.;For breakfast, I like to eat fresh quark with fruits.;noun;جبنة قريش;m;;quark;;;
4306;einschüchtern;to intimidate;Lass dich von seinen unfreundlichen Blicken bloß nicht einschüchtern.;Don't let yourself be intimidated by his unfriendly looks.;verb;يخوف;;;intimidated;;;
4307;Agnes;Agnes;Agnes hat uns gestern Abend zum gemütlichen Abendessen eingeladen.;Agnes invited us to a cozy dinner yesterday evening.;noun;أجنيس;f;;Agnes;;;
4308;Arizona;Arizona;Mein Onkel verbringt den Winter immer im sonnigen Arizona.;My uncle always spends the winter in sunny Arizona.;noun;أريزونا;n;;Arizona;;;
4309;Verzweiflung;despair / desperation;In seiner Verzweiflung wandte er sich hilfesuchend an seine Familie.;In his despair, he turned to his family for help.;noun;يأس;f;;despair;;;
4310;Prophezeiung;prophecy;Niemand im Dorf schenkte der düsteren Prophezeiung des alten Mannes Glauben.;No one in the village believed the old man's dark prophecy.;noun;نبوءة;f;;prophecy;;;
4311;Erlebnis;experience / adventure;Der Urlaub am Meer war für die ganze Familie ein wunderschönes Erlebnis.;The vacation by the sea was a wonderful experience for the whole family.;noun;تجربة;n;;experience;;;
4312;Herzschlag;heartbeat;Nach dem schnellen Dauerlauf spürte sie ihren beschleunigten Herzschlag.;After the fast run, she felt her accelerated heartbeat.;noun;دقة قلب;m;;heartbeat;;;
4313;steigern;to increase / to boost;Durch regelmäßiges Training konnte er seine sportliche Leistung deutlich steigern.;Through regular training, he was able to noticeably increase his athletic performance.;verb;يزود;;;increase;;;
4314;Bruch;fracture / break;Nach dem Sturz mit dem Fahrrad stellte der Arzt einen leichten Bruch im Arm fest.;After falling off the bicycle, the doctor diagnosed a slight fracture in the arm.;noun;كسر;m;;fracture;;;
4315;Kansas;Kansas;Während ihrer Reise durch die USA fuhren sie auch mehrere Tage durch Kansas.;During their trip across the USA, they also drove through Kansas for several days.;noun;كانساس;n;;Kansas;;;
4316;traditionelle;traditional;Auf dem Dorffest trugen viele Besucher traditionelle Kleidung.;At the village festival, many visitors wore traditional clothing.;adjective;تقليدي;;;traditional;;;
4317;keineswegs;by no means / not at all;Dieser Plan ist keineswegs so sicher, wie viele Leute am Anfang dachten.;This plan is by no means as certain as many people thought at first.;adverb;خالص;;;by no means;;;
4318;verschrieben;prescribed;Der Hausarzt hat mir gegen die starke Erkältung ein wirksames Medikament verschrieben.;The family doctor prescribed an effective medication for my severe cold.;verb;كتب روشتة;;;prescribed;;;
4319;Kollegin;colleague / female colleague;Meine neue Kollegin hat sich bereits sehr gut in das Team eingearbeitet.;My new female colleague has already settled into the team very well.;noun;زميلة;f;;female colleague;;;
4320;Zwischenfall;incident;Die große Veranstaltung verlief friedlich und ohne jeden unangenehmen Zwischenfall.;The large event went peacefully and without any unpleasant incident.;noun;حادث عارض;m;;incident;;;
4321;Invasion;invasion;Im Geschichtsunterricht sprachen die Schüler über die Invasion der alliierten Truppen.;In history class, the students spoke about the invasion by Allied troops.;noun;غزو;f;;invasion;;;
4322;Enttäuschung;disappointment;Nach dem verpassten Finale stand ihm die Enttäuschung deutlich ins Gesicht geschrieben.;After the missed final, the disappointment was clearly written on his face.;noun;خيبة أمل;f;;disappointment;;;
4323;Berufung;appeal;Sein Anwalt hat beschlossen, gegen das Urteil Berufung einzulegen.;His lawyer decided to file an appeal against the verdict.;noun;استئناف;f;;appeal;;;
4324;Mordfall;murder case;Die Kriminalpolizei ermittelt in einem mysteriösen Mordfall.;The criminal police are investigating a mysterious murder case.;noun;قضية قتل;m;;murder case;;;
4325;Wärter;keeper / guard;Der Wärter öffnet jeden Morgen pünktlich die Tore des Zoos.;The keeper opens the zoo gates on time every morning.;noun;حارس;m;;keeper;;;
4326;uralte;ancient / age-old;Im Schlossgarten steht eine uralte Eiche, die Schatten spendet.;In the castle garden stands an ancient oak tree that provides shade.;adjective;قديمة جداً;;;ancient;;;
4327;wiedererkennen;to recognize;Ich konnte meinen alten Schulfreund nach zehn Jahren sofort wiedererkennen.;After ten years, I was able to immediately recognize my old school friend.;verb;يتعرف على;;;recognize;;;
4328;Lamm;lamb;Auf der grünen Wiese lief ein kleines weißes Lamm seiner Mutter hinterher.;On the green meadow, a little white lamb was running after its mother.;noun;خروف صغير;n;;lamb;;;
4329;erkältet;sick with a cold / having a cold;Er kann heute nicht zur Arbeit kommen, weil er stark erkältet ist.;He cannot come to work today because he is sick with a cold.;adjective;عنده برد;;;sick with a cold;;;
4330;enthüllen;to unveil / to reveal;Der Bürgermeister wird morgen das neue Denkmal im Stadtpark enthüllen.;The mayor will unveil the new monument in the city park tomorrow.;verb;يزيح الستار عن / يكشف;;;unveil;;;
4331;maximal;at most / maximum;Die Reparatur meines Laptops wird maximal zwei Tage dauern.;The repair of my laptop will take a maximum of two days.;adverb;بالكتير;;;maximum;;;
4332;streicheln;to pet / to stroke;Mein kleiner Sohn liebt es, die schlafende Katze sanft zu streicheln.;My little son loves to gently pet the sleeping cat.;verb;يطبطب على;;;pet;;;
4333;umstellt;surrounded;Die Polizei hat das Versteck der Einbrecher komplett umstellt.;The police completely surrounded the burglars' hideout.;verb;حاصر;;;surrounded;;;
4334;Sackgasse;dead end;Wir haben falsch abgebogen und sind in einer ruhigen Sackgasse gelandet.;We took a wrong turn and ended up in a quiet dead end.;noun;سكة مقفولة;f;;dead end;;;
4335;kurier;courier / messenger;Der Kurier brachte den dringenden Brief direkt an die Haustür.;The courier brought the urgent letter directly to the front door.;noun;ساعي / موصلاتي;m;Kurier;courier;;;
4336;stellvertretender;deputy / acting;Herr Schmidt arbeitet seit diesem Monat als stellvertretender Schulleiter.;Mr. Schmidt has been working as deputy principal since this month.;adjective;نائب;;;deputy;;;
4337;Ausstellung;exhibition;Wir haben am Sonntag eine interessante Ausstellung moderner Kunst besucht.;We visited an interesting exhibition of modern art on Sunday.;noun;معرض;f;;exhibition;;;
4338;Theo;Theo;Theo bringt heute zum Frühstück frische Brötchen vom Bäcker mit.;Theo is bringing fresh rolls from the bakery for breakfast today.;noun;تيو;m;;Theo;;;
4339;Ego;ego;Sein riesiges Ego stand einer echten Versöhnung immer im Weg.;His huge ego always stood in the way of a real reconciliation.;noun;إيجو / أنانية;n;;ego;;;
4340;Kuba;Cuba;Sie hat drei unvergessliche Wochen Urlaub auf Kuba verbracht.;She spent three unforgettable weeks on vacation in Cuba.;noun;كوبا;n;;Cuba;;;
4341;bestohlen;robbed;Der Tourist wurde in der voll besetzten U-Bahn bestohlen.;The tourist was robbed on the crowded subway.;verb;اتسرق;;;robbed;;;
4342;defekt;broken / defective;Der Fahrstuhl im Bürogebäude ist leider schon seit gestern defekt.;The elevator in the office building has unfortunately been broken since yesterday.;adjective;عطلان / بايظ;;;broken;;;
4343;voneinander;from each other;Die beiden Geschwister wohnen weit voneinander entfernt.;The two siblings live far away from each other.;adverb;عن بعض;;;from each other;;;
4344;unauffällig;inconspicuous;Der Polizist versuchte, sich in der Menschenmenge unauffällig zu verhalten.;The police officer tried to remain inconspicuous in the crowd.;adjective;مش ملفت للنظر;;;inconspicuous;;;
4345;Birne;pear;Ich habe mir als gesunden Nachmittagssnack eine süße Birne geschält.;I peeled a sweet pear as a healthy afternoon snack.;noun;كمثرى;f;;pear;;;
4346;Einwohner;residents / inhabitants;Das kleine Dorf zählt nur knapp dreihundert Einwohner.;The small village has just under three hundred residents.;noun;سكان / مواطنين;m;;residents;;;
4347;anstoßen;to toast;Wir sollten alle gemeinsam auf deinen großen Erfolg anstoßen!;We should all toast to your great success together!;verb;يشرب نخب / يحتفل بكاس;;;toast;;;
4348;eingeben;to enter / to input;Sie müssen die vierstellige Geheimzahl am Automaten eingeben.;You must enter the four-digit PIN at the machine.;verb;يدخل / يكتب;;;enter;;;
4349;Gipfel;summit / peak;Vom Gipfel des Berges hat man eine atemberaubende Aussicht ins Tal.;From the summit of the mountain, you have a breathtaking view into the valley.;noun;قمة;m;;summit;;;
4350;hauch;hint / breath;Eine Prise Zimt verleiht dem Kuchen einen feinen Hauch von Weihnachten.;A pinch of cinnamon gives the cake a subtle hint of Christmas.;noun;لمحة / نسمة;m;Hauch;hint;;;
4351;herrje;good grief / oh dear;Ach herrje, ich habe vergessen, den Herd rechtzeitig auszuschalten!;Oh dear, I forgot to turn off the stove on time!;interjection;يا خبر / يا ساتر;;;Oh dear;;;
4352;Araber;Arab;Mein netter Nachbar ist gebürtiger Araber und kocht fantastisches Essen.;My kind neighbor is a native Arab and cooks fantastic food.;noun;عربي;m;;Arab;;;
4353;Medaille;medal;Die junge Sportlerin gewann bei dem Wettkampf eine silberne Medaille.;The young athlete won a silver medal at the competition.;noun;ميدالية;f;;medal;;;
4354;Treibstoff;fuel;Moderne Flugzeuge verbrauchen auf langen Strecken deutlich weniger Treibstoff.;Modern airplanes consume significantly less fuel on long flights.;noun;وقود / بنزين;m;;fuel;;;
4355;falten;to fold;Kannst du mir bitte dabei helfen, die trockene Wäsche ordentlich zu falten?;Can you please help me fold the dry laundry neatly?;verb;يطبق / يتني;;;fold;;;
4356;lokalisieren;to locate;Der Techniker konnte den genauen Fehler im System schnell lokalisieren.;The technician was able to quickly locate the exact bug in the system.;verb;يحدد مكان;;;locate;;;
4357;rechtmäßig;legitimate / lawful;Er konnte nachweisen, dass er der rechtmäßige Besitzer des Hauses ist.;He was able to prove that he is the legitimate owner of the house.;adjective;شرعي / قانوني;;;legitimate;;;
4358;reue;remorse / regret;Er zeigte nach dem heftigen Streit aufrichtige Reue für seine harten Worte.;After the fierce argument, he showed sincere remorse for his harsh words.;noun;ندم;f;Reue;remorse;;;
4359;rumgemacht;made out;Die beiden Teenager haben gestern Abend heimlich im Park rumgemacht.;The two teenagers secretly made out in the park yesterday evening.;verb;باسوا بعض;;;made out;;;
4360;Auswirkungen;effects / impacts;Die neue Steuer hat spürbare Auswirkungen auf viele kleine Unternehmen.;The new tax has noticeable effects on many small businesses.;noun;تأثيرات / عواقب;f;;effects;;;
4361;Arbeitsplatz;workplace / job;Sie hat ihren neuen Arbeitsplatz im Großraumbüro sehr gemütlich eingerichtet.;She set up her new workplace in the open-plan office very comfortably.;noun;مكان الشغل / وظيفة;m;;workplace;;;
4362;Lizenz;license;Um diese Software geschäftlich zu nutzen, braucht man eine gültige Lizenz.;To use this software for business, one needs a valid license.;noun;رخصة / تصريح;f;;license;;;
4363;verschluckt;swallowed;Das kleine Kind hat beim schnellen Trinken etwas Wasser verschluckt.;The little child swallowed some water while drinking quickly.;verb;بلع / زور;;;swallowed;;;
4364;vertuschen;to cover up / to hush up;Die Firma versuchte erfolglos, den schweren Fehler vor den Kunden zu vertuschen.;The company tried unsuccessfully to cover up the serious mistake from customers.;verb;يداري / يغطي على;;;cover up;;;
4365;wiederhaben;to have back;Er wollte sein altes Fahrrad unbedingt wiederhaben.;He definitely wanted to have back his old bicycle.;verb;يرجعله / يسترده;;;have back;;;
4366;zurückbekommen;to get back;Sie hofft, ihr gestohlenes Portemonnaie von der Polizei zurückbekommen zu können.;She hopes to be able to get back her stolen wallet from the police.;verb;يرجعله / يسترد;;;get back;;;
4367;Manuel;Manuel;Manuel hat sich für das neue Semester an der Universität eingeschrieben.;Manuel enrolled at the university for the new semester.;noun;مانويل;m;;Manuel;;;
4368;Salon;salon;Sie lässt sich die Haare immer in einem vornehmen Salon in der Innenstadt schneiden.;She always gets her hair cut at an upscale salon downtown.;noun;صالون;m;;salon;;;
4369;Beutel;bag / pouch;Er packte das frische Gemüse an der Kasse in einen wiederverwendbaren Beutel.;He packed the fresh vegetables into a reusable bag at the checkout.;noun;كيس;m;;bag;;;
4370;silbernen;silver;Sie trug zu dem festlichen Abendkleid eine Kette mit einem silbernen Stern.;She wore a necklace with a silver star with the festive evening dress.;adjective;فضي;;;silver;;;
4371;Lücke;gap;Im Gartenzaun gab es eine schmale Lücke, durch die der Hund entkam.;There was a narrow gap in the garden fence through which the dog escaped.;noun;فجوة / فتحة;f;;gap;;;
4372;Staatsanwaltschaft;public prosecutor's office;Die Staatsanwaltschaft hat gestern offiziell Anklage wegen Betrugs erhoben.;The public prosecutor's office officially filed charges for fraud yesterday.;noun;النيابة العامة;f;;public prosecutor's office;;;
4373;Entwurf;draft / design;Er hat seinem Chef den ersten Entwurf des Berichts vorgelegt.;He submitted the first draft of the report to his boss.;noun;مسودة;m;;draft;;;
4374;Amerikas;America's / of America;Die Wirtschaft Amerikas hat in den letzten Jahren große Veränderungen erlebt.;America's economy has experienced major changes in recent years.;noun;أمريكا;n;;America's;;;
4375;Look;look / style;Ihr neuer Look steht ihr wirklich sehr gut.;Her new look really suits her very well.;noun;لوك;m;;look;;;
4376;hingezogen;drawn / attracted;Er fühlte sich schon seit Langem zu dieser Stadt hingezogen.;He had felt drawn to this city for a long time.;verb;منجذب;;;drawn;;;
4377;Beobachtung;observation / surveillance;Der Patient blieb über Nacht zur Beobachtung im Krankenhaus.;The patient stayed overnight in the hospital for observation.;noun;مراقبة;f;;observation;;;
4378;vorliegen;to be available / to be on hand;Die genauen Testergebnisse sollten uns bis morgen früh vorliegen.;The exact test results should be available to us by tomorrow morning.;verb;يكون متوفر;;;available;;;
4379;hamburger;hamburger / burger;Nach dem Training hat er sich einen saftigen Hamburger mit Pommes bestellt.;After practice he ordered a juicy hamburger with fries.;noun;همبرجر;m;Hamburger;hamburger;;;
4380;Vaterland;homeland / fatherland;Nach vielen Jahren im Ausland kehrte sie in ihr Vaterland zurück.;After many years abroad, she returned to her homeland.;noun;وطن;n;;homeland;;;
4381;Unterkunft;accommodation / lodging;Für unseren Urlaub in den Bergen haben wir eine gemütliche Unterkunft gebucht.;For our vacation in the mountains, we booked cozy accommodation.;noun;سكن;f;;accommodation;;;
4382;pest;plague / pestilence;Im Mittelalter starben unzählige Menschen an der Pest.;In the Middle Ages, countless people died of the plague.;noun;طاعون;f;Pest;plague;;;
4383;aufeinander;on each other / for each other;In einer guten Familie passt man immer gut aufeinander auf.;In a good family, people always take good care of each other.;adverb;على بعض;;;each other;;;
4384;Cocktail;cocktail;An der Strandbar bestellte sie sich einen erfrischenden Cocktail mit Zitrone.;At the beach bar, she ordered a refreshing cocktail with lemon.;noun;كوكتيل;m;;cocktail;;;
4385;Geier;vulture;Hoch über den Felsen kreiste ein großer Geier am Himmel.;High above the rocks, a large vulture circled in the sky.;noun;نسر;m;;vulture;;;
4386;Phoenix;phoenix;Nach der Insolvenz stand das Unternehmen wie ein Phoenix aus der Asche wieder auf.;After bankruptcy, the company rose again like a phoenix from the ashes.;noun;طائر العنقاء;m;;phoenix;;;
4387;homosexuell;homosexual / gay;Er hat seinen Freunden offen erzählt, dass er homosexuell ist.;He openly told his friends that he is gay.;adjective;مثلي;;;gay;;;
4388;kaiserliche;imperial;Die kaiserliche Familie besaß früher mehrere prachtvolle Schlösser im Land.;The imperial family used to own several magnificent palaces in the country.;adjective;إمبراطوري;;;imperial;;;
4389;Halluzinationen;hallucinations;Wegen des starken Schlafmangels hatte er am Abend leichte Halluzinationen.;Because of severe lack of sleep, he had slight hallucinations in the evening.;noun;هلاوس;f;;hallucinations;;;
4390;überflüssig;unnecessary / superfluous;Seine unhöfliche Bemerkung beim Abendessen war völlig überflüssig.;His rude remark at dinner was completely unnecessary.;adjective;ملوش لزمة;;;unnecessary;;;
4391;Schlachtfeld;battlefield;Nach der wilden Kindergeburtstagsfeier sah das Wohnzimmer wie ein Schlachtfeld aus.;After the wild children's birthday party, the living room looked like a battlefield.;noun;ميدان المعركة;n;;battlefield;;;
4392;Untergang;sinking / downfall;Der dramatische Untergang des Schiffes beschäftigte damals die ganze Welt.;The dramatic sinking of the ship occupied the whole world back then.;noun;سقوط;m;;sinking;;;
4393;Neugier;curiosity;Aus reiner Neugier öffnete sie das alte Paket, das vor der Tür lag.;Out of pure curiosity, she opened the old package lying in front of the door.;noun;فضول;f;;curiosity;;;
4394;Brandy;brandy;Mein Großvater gönnt sich am Abend gern ein kleines Glas Brandy.;My grandfather likes to treat himself to a small glass of brandy in the evening.;noun;براندي;m;;brandy;;;
4395;Geschöpf;creature;Im dichten Dschungel entdeckten die Forscher ein faszinierendes kleines Geschöpf.;In the dense jungle, the researchers discovered a fascinating little creature.;noun;مخلوق;n;;creature;;;
4396;Hintertür;back door;Er schlich sich leise durch die geöffnete Hintertür aus dem Haus.;He quietly snuck out of the house through the open back door.;noun;باب خلفي;f;;back door;;;
4397;Schweizer;Swiss / Swiss person;Mein Nachbar ist Schweizer und bringt aus der Heimat oft leckere Schokolade mit.;My neighbor is Swiss and often brings delicious chocolate back from his home country.;noun;سويسري;m;;Swiss;;;
4398;Turnier;tournament;Am kommenden Wochenende nimmt unser Verein an einem großen Turnier teil.;Next weekend our club is participating in a major tournament.;noun;بطولة;n;;tournament;;;
4399;kneifen;to chicken out / to pinch;Jetzt hast du fest zugesagt, also darfst du nicht im letzten Moment kneifen.;Now you have firmly promised, so you must not chicken out at the last moment.;verb;يرجع في كلامه;;;chicken out;;;
4400;Astronauten;astronauts;Die beiden Astronauten kehrten nach einem langen Einsatz sicher zur Erde zurück.;The two astronauts returned safely to Earth after a long mission.;noun;رواد فضاء;m;;astronauts;;;
4401;erniedrigt;humiliated / degraded;Der Chef hat den Angestellten vor den versammelten Kollegen erniedrigt.;The boss humiliated the employee in front of the assembled colleagues.;verb;متهان;;;humiliated;;;
4402;zurückfahren;to drive back / to scale back;Nach dem langen Ausflug wollten wir vor Einbruch der Dunkelheit zurückfahren.;After the long outing, we wanted to drive back before nightfall.;verb;يرجع بالعربية;;;drive back;;;
4403;Pressekonferenz;press conference;Auf der heutigen Pressekonferenz stellte der Trainer die neue Taktik vor.;At today's press conference, the coach presented the new tactics.;noun;مؤتمر صحفي;f;;press conference;;;
4404;Sofia;Sofia;Sofia hat heute ihre letzte Prüfung an der Universität erfolgreich bestanden.;Sofia successfully passed her last exam at university today.;noun;صوفيا;f;;Sofia;;;
4405;fördern;to foster / to promote / to encourage;Gute Lehrer fördern die Stärken und Talente ihrer Schüler gezielt.;Good teachers foster their students' strengths and talents in a targeted way.;verb;يشجع;;;foster;;;
4406;Gabel;fork;Er aß seine Nudeln mit einer Gabel und einem Löffel.;He ate his pasta with a fork and a spoon.;noun;شوكة;f;;fork;;;
4407;gesündigt;sinned;Ich habe gestern bei meiner strengen Diät gesündigt und Schokolade gegessen.;Yesterday I sinned on my strict diet and ate chocolate.;verb;غلط;;;sinned;;;
4408;Picknick;picnic;Am sonnigen Nachmittag haben wir ein gemütliches Picknick im Park gemacht.;On the sunny afternoon, we had a pleasant picnic in the park.;noun;فسحة;n;;picnic;;;
4409;plündern;to loot / to plunder;Nach dem Spiel versuchten Randalierer, mehrere Geschäfte in der Innenstadt zu plündern.;After the game, rioters tried to loot several shops in the city center.;verb;ينهب;;;loot;;;
4410;staatliche;state / public;Die staatliche Universität bietet in diesem Semester viele neue Kurse an.;The state university offers many new courses this semester.;adjective;حكومي;;;state;;;
4411;einsehen;to realize / to understand;Er wollte nach dem Streit seinen eigenen Fehler einfach nicht einsehen.;After the argument, he simply did not want to realize his own mistake.;verb;يقتنع;;;realize;;;
4412;gierig;greedy;Sein Partner war sehr gierig und verlangte die Hälfte des gesamten Geldes.;His partner was very greedy and demanded half of all the money.;adjective;طماع;;;greedy;;;
4413;Kamm;comb;Sie nahm einen hölzernen Kamm aus der Tasche und kämmte ihre Haare.;She took a wooden comb out of her bag and combed her hair.;noun;مشط;m;;comb;;;
4414;sogenannten;so-called;Die sogenannten Experten konnten für das plötzliche Problem keine Erklärung finden.;The so-called experts could find no explanation for the sudden problem.;adjective;المزعوم;;;so-called;;;
4415;Griechen;Greeks;Die alten Griechen haben einen tiefen Einfluss auf die europäische Kultur ausgeübt.;The ancient Greeks exerted a profound influence on European culture.;noun;يونانيين;m;;Greeks;;;
4416;versinken;to sink / to drown;Das schwere Holzboot drohte bei starkem Wellengang im See zu versinken.;The heavy wooden boat threatened to sink in the lake during rough waves.;verb;يغرق;;;sink;;;
4417;vorziehen;to prefer;Im Sommer würde ich ein Glas Wasser jedem heißen Tee vorziehen.;In the summer, I would prefer a glass of water to any hot tea.;verb;يفضل;;;prefer;;;
4418;hinreißend;gorgeous / enchanting;Sie sah auf der Hochzeit in ihrem eleganten Kleid wirklich hinreißend aus.;She looked truly gorgeous in her elegant dress at the wedding.;adjective;فاتن;;;gorgeous;;;
4419;Madison;Madison;Madison hat heute ihren Freunden von den Plänen für den Urlaub erzählt.;Madison told her friends about the plans for the vacation today.;noun;ماديسون;f;;Madison;;;
4420;Grundlage;basis / foundation;Ehrlichkeit ist die wichtigste Grundlage für eine langjährige Freundschaft.;Honesty is the most important foundation for a long-standing friendship.;noun;أساس;f;;foundation;;;
4421;Waisen;orphans;Die Organisation sammelt regelmäßig Spenden für hilflose Waisen in Not.;The organization regularly collects donations for helpless orphans in need.;noun;يتامى;f;;orphans;;;
4422;Delta;delta;Vor der Mündung ins Meer teilt sich der mächtige Fluss in ein breites Delta.;Before emptying into the sea, the mighty river branches into a wide delta.;noun;دلتا;n;;delta;;;
4423;vorbeischauen;to drop by / to stop by;Ich wollte nach der Arbeit noch kurz bei dir auf einen Kaffee vorbeischauen.;I wanted to drop by your place briefly for a coffee after work.;verb;يعدي على;;;drop by;;;
4424;Ermordung;murder / assassination;Die Kriminalpolizei ermittelt weiterhin wegen der Ermordung des Politikers.;The criminal police are still investigating the murder of the politician.;noun;اغتيال;f;;murder;;;
4425;bevorsteht;lies ahead / is imminent;Wir wissen alle, welche große Herausforderung uns in den nächsten Wochen bevorsteht.;We all know what a big challenge lies ahead of us in the coming weeks.;verb;مستنينا;;;lies ahead of;;;
4426;undankbar;ungrateful / thankless;Sei bitte nicht so undankbar, sie hat sich wirklich große Mühe gegeben.;Please don't be so ungrateful, she really made a big effort.;adjective;ناكر للجميل;;;ungrateful;;;
4427;Isabelle;Isabelle;Isabelle hat gestern eine neue Arbeitsstelle in München angetreten.;Isabelle started a new job in Munich yesterday.;noun;إيزابيل;f;;Isabelle;;;
4428;bluffen;to bluff;Beim Pokern muss man manchmal überzeugend bluffen, um zu gewinnen.;In poker you sometimes have to bluff convincingly to win.;verb;يبلّف;;;bluff;;;
4429;dastehen;to stand there;Niemand möchte am Ende vor den Kollegen mit leeren Händen dastehen.;Nobody wants to end up standing there empty-handed in front of colleagues.;verb;يقف;;;standing there;;;
4430;nachlassen;to subside / to ease off;Der starke Wind sollte im Laufe des Nachmittags allmählich nachlassen.;The strong wind should gradually subside during the course of the afternoon.;verb;يهدا;;;subside;;;
4431;Stapel;stack / pile;Auf seinem Schreibtisch liegt ein hoher Stapel ungelesener Rechnungen.;There is a tall stack of unread bills lying on his desk.;noun;كومة;m;;stack;;;
4432;tagsüber;during the day;Im Sommer ist es tagsüber meistens viel zu heiß für Sport im Freien.;In summer it is usually far too hot during the day for outdoor sports.;adverb;بالنهار;;;during the day;;;
4433;Hindernis;obstacle / hurdle;Die fehlende Finanzierung war das größte Hindernis für unser neues Projekt.;The lack of funding was the biggest obstacle to our new project.;noun;عقبة;n;;obstacle;;;
4434;Roberts;Robert's / Roberts;Wir haben gestern zufällig Roberts alten Wagen vor dem Supermarkt gesehen.;We happened to see Robert's old car in front of the supermarket yesterday.;noun;بتاع روبرت;m;;Robert's;;;
4435;beraubt;robbed / deprived;Der Reisende wurde am späten Abend am Bahnhof seiner Wertsachen beraubt.;The traveler was robbed of his valuables at the train station late in the evening.;verb;اتسرق;;;robbed;;;
4436;Garantie;warranty / guarantee;Der Händler gibt auf diesen neuen Laptop drei Jahre volle Garantie.;The dealer gives a full three-year warranty on this new laptop.;noun;ضمان;f;;warranty;;;
4437;Abwesenheit;absence;Während seiner urlaubsbedingten Abwesenheit hat eine Kollegin seine E-Mails beantwortet.;During his vacation-related absence, a colleague answered his emails.;noun;غياب;f;;absence;;;
4438;ausländischen;foreign;In dieser Abteilung arbeiten viele Kollegen mit ausländischen Wurzeln.;In this department many colleagues with foreign roots work together.;adjective;أجنبي;;;foreign;;;
4439;Fledermaus;bat;Gestern Nacht flatterte eine kleine Fledermaus durch das offene Fenster herein.;Last night a small bat fluttered in through the open window.;noun;خفاش;f;;bat;;;
4440;Hinterhalt;ambush;Die Streife geriet in der dunklen Gasse unerwartet in einen Hinterhalt.;The patrol unexpectedly ran into an ambush in the dark alley.;noun;كمين;m;;ambush;;;
4441;aufladen;to charge / to load;Bevor wir losfahren, muss ich noch kurz mein Smartphone aufladen.;Before we leave, I still need to charge my smartphone briefly.;verb;يشحن;;;charge;;;
4442;erwidern;to reply / to retort;Er war so überrascht von ihrer Frage, dass er gar nichts erwidern konnte.;He was so surprised by her question that he could not reply anything.;verb;يرد;;;reply;;;
4443;lausige;lousy / rotten;Für die anstrengende Arbeit am Wochenende gab es nur eine lausige Bezahlung.;For the exhausting work on the weekend there was only lousy pay.;adjective;رديء;;;lousy;;;
4444;Daphne;Daphne;Daphne hat uns am Wochenende zu ihrer Einweihungsparty eingeladen.;Daphne invited us to her housewarming party at the weekend.;noun;دافني;f;;Daphne;;;
4445;Grimm;wrath / fury / rage;Er spürte tiefen Grimm in sich aufsteigen, als er von der Ungerechtigkeit hörte.;He felt deep wrath rising within him when he heard about the injustice.;noun;غيظ;m;;wrath;;;
4446;stier;bull;Auf der grünen Weide stand ein kräftiger schwarzer Stier.;A powerful black bull stood on the green pasture.;noun;تور;m;Stier;bull;;;
4447;zäh;tough / chewy;Das Fleisch im Restaurant war leider ziemlich zäh und schwer zu kauen.;The meat at the restaurant was unfortunately quite tough and hard to chew.;adjective;بيشد;;;tough;;;
4448;unbewaffnet;unarmed;Die Demonstranten waren völlig unbewaffnet und verhielten sich friedlich.;The protesters were completely unarmed and behaved peacefully.;adjective;أعزل;;;unarmed;;;
4449;unverzüglich;immediately / promptly;Bitte rufen Sie uns unverzüglich an, sobald Sie neue Informationen haben.;Please call us immediately as soon as you have new information.;adverb;فوراً;;;immediately;;;
4450;verriegelt;bolted / locked;Vor dem Schlafengehen hat er die Haustür von innen sicher verriegelt.;Before going to bed, he securely bolted the front door from the inside.;verb;قفل بالترباس;;;bolted;;;
4451;End;ending / end;Der Film war sehr spannend und hatte zum Glück ein schönes Happy End.;The movie was very exciting and fortunately had a nice happy ending.;noun;نهاية;n;;ending;;;
4452;Regal;shelf / bookcase;Ich habe die Bücher ordentlich in das neue Regal im Wohnzimmer gestellt.;I put the books neatly onto the new shelf in the living room.;noun;رف;n;;shelf;;;
4453;einheimischen;local / native;Auf dem Wochenmarkt kaufen wir gerne Obst von den einheimischen Bauern.;At the weekly market we like to buy fruit from the local farmers.;adjective;محلي;;;local;;;
4454;hocken;to sit around / to squat;Warum musst du bei diesem schönen Wetter den ganzen Tag drinnen hocken?;Why do you have to sit around inside all day in this beautiful weather?;verb;يقعد مركون;;;sit around;;;
4455;Gunst;favor / goodwill;Er hat hart gearbeitet, um die Gunst seiner neuen Chefin zu gewinnen.;He worked hard to win the favor of his new boss.;noun;رضا;f;;favor;;;
4456;Fahrkarte;ticket;Vergiss nicht, vor dem Einsteigen in die Bahn eine gültige Fahrkarte zu kaufen.;Don't forget to buy a valid ticket before boarding the train.;noun;تذكرة;f;;ticket;;;
4457;Partnerin;partner (female);Er führt das kleine Café gemeinsam mit seiner langjährigen geschäftlichen Partnerin.;He runs the small café together with his long-time business partner.;noun;شريكة;f;;partner;;;
4458;Todesursache;cause of death;Der Gerichtsmediziner konnte die genaue Todesursache erst nach der Obduktion feststellen.;The coroner was only able to determine the exact cause of death after the autopsy.;noun;سبب الوفاة;f;;cause of death;;;
4459;polnisch;Polish;Sein neuer Kollege stammt aus Krakau und spricht fließend polnisch.;His new colleague comes from Krakow and speaks Polish fluently.;adjective;بولندي;;;Polish;;;
4460;Barkeeper;bartender;Der freundliche Barkeeper mixte an der Theke einen leckeren Cocktail für uns.;The friendly bartender mixed a delicious cocktail for us at the bar counter.;noun;ساقي / بارمان;m;;bartender;;;
4461;Maulwurf;mole;Ein Maulwurf hat über Nacht mehrere große Erdhügel im Rasen aufgeworfen.;A mole threw up several large mounds of earth in the lawn overnight.;noun;خلد;m;;mole;;;
4462;verrecken;to croak / to perish;In dieser sengenden Hitze würde jedes Tier ohne frisches Wasser schnell verrecken.;In this scorching heat, any animal would quickly perish without fresh water.;verb;يفطس;;;perish;;;
4463;Einbrecher;burglar;Der maskierte Einbrecher stieg mitten in der Nacht durch das Kellerfenster ein.;The masked burglar broke in through the basement window in the middle of the night.;noun;حرامي بيوت;m;;burglar;;;
4464;Käfer;beetle / bug;Im Garten krabbelte ein kleiner grüner Käfer vorsichtig über ein Blatt.;In the garden, a small green beetle crawled cautiously across a leaf.;noun;خنفسة;m;;beetle;;;
4465;Welpen;puppies;Die junge Hündin kümmert sich sehr liebevoll um ihre vier kleinen Welpen.;The young female dog takes very loving care of her four little puppies.;noun;جراوي;m;;puppies;;;
4466;Kitt;glue / bond / putty;Gegenseitiges Vertrauen ist der Kitt, der jede langjährige Beziehung zusammenhält.;Mutual trust is the glue that holds every long-term relationship together.;noun;معجون;m;;glue;;;
4467;schimpfen;to scold / to rant;Die Mutter musste mit den Kindern schimpfen, weil sie das Zimmer nicht aufgeräumt hatten.;The mother had to scold the children because they had not tidied up the room.;verb;يهزق;;;scold;;;
4468;Provinz;province / countryside;Nach zehn Jahren in der Großstadt zog er wieder zurück in die ruhige Provinz.;After ten years in the big city, he moved back to the quiet province.;noun;إقليم;f;;province;;;
4469;Überzeugung;conviction / belief;Ich bin der festen Überzeugung, dass wir gemeinsam eine gute Lösung finden werden.;I am of the firm conviction that we will find a good solution together.;noun;اقتناع;f;;conviction;;;
4470;Lebewesen;living being / creature;Sauberes Wasser ist die wichtigste Lebensgrundlage für jedes Lebewesen auf der Erde.;Clean water is the most important livelihood for every living being on Earth.;noun;كائن حي;n;;living being;;;
4471;Venedig;Venice;Im nächsten Sommer möchten wir unbedingt für ein langes Wochenende nach Venedig fahren.;Next summer we definitely want to travel to Venice for a long weekend.;noun;فينيسيا;n;;Venice;;;
4472;dauerhaft;permanent / lasting;Wir suchen nach einer dauerhaften Lösung für dieses schwierige Problem.;We are looking for a permanent solution to this difficult problem.;adjective;دايم;;dauerhaften;permanent;;;
4473;indische;Indian;Ich probiere heute zum ersten Mal die traditionelle indische Küche aus.;Today I am trying traditional Indian cuisine for the first time.;adjective;هندي;;;Indian;;;
4474;raushalten;to stay out of / to keep out of;Du solltest dich lieber aus diesem Streit raushalten.;You should rather stay out of this argument.;verb;يبعد نفسه عن;;;stay out of;;;
4475;Kompanie;company (military) / company;Der Hauptmann übernahm das Kommando über die gesamte Kompanie.;The captain took command of the entire company.;noun;سرية;f;;company;;;
4476;türken;to fake / to manipulate;Er versuchte heimlich, die Testergebnisse vor der Prüfung zu türken.;He secretly tried to fake the test results before the exam.;verb;يزوّر;;;fake;;;
4477;Amigo;pal / buddy;Komm schon, mein lieber Amigo, wir schaffen das zusammen!;Come on, my dear pal, we can do this together!;noun;صاحبي;m;;pal;;;
4478;Friseur;hairdresser / barber;Ich muss heute unbedingt noch zum Friseur gehen, meine Haare sind viel zu lang.;I definitely need to go to the hairdresser today, my hair is way too long.;noun;حلاق;m;;hairdresser;;;
4479;Tinte;ink;Mein Füller hat keine Tinte mehr, hast du einen Kugelschreiber für mich?;My fountain pen has no more ink, do you have a ballpoint pen for me?;noun;حبر;f;;ink;;;
4480;Boxer;boxer;Der junge Boxer trainiert jeden Tag hart für seinen nächsten Kampf.;The young boxer trains hard every day for his next fight.;noun;ملاكم;m;;boxer;;;
4481;Drogendealer;drug dealer;Die Polizei konnte den gesuchten Drogendealer gestern Abend festnehmen.;The police were able to arrest the wanted drug dealer yesterday evening.;noun;تاجر مخدرات;m;;drug dealer;;;
4482;Treffpunkt;meeting point / meeting place;Der Brunnen auf dem Marktplatz ist unser vereinbarter Treffpunkt.;The fountain on the market square is our agreed meeting point.;noun;مكان المقابلة;m;;meeting point;;;
4483;flachgelegt;slept with / laid;Er hat damit geprahlt, dass er gestern ein Mädchen im Club flachgelegt hat.;He bragged that he slept with a girl from the club yesterday.;verb;نام مع;;;slept with;;;
4484;gigantische;gigantic / enormous;Vor dem Hotel stand eine gigantische Skulptur aus Marmor.;In front of the hotel stood a gigantic marble sculpture.;adjective;عملاق;;;gigantic;;;
4485;losfahren;to drive off / to set off;Wir sollten jetzt losfahren, sonst kommen wir wegen des Berufsverkehrs zu spät.;We should set off now, otherwise we will be late because of rush hour traffic.;verb;يتحرك بالعربية;;;set off;;;
4486;Schildkröte;turtle / tortoise;Im Garten kriecht eine kleine Schildkröte langsam über das Gras.;In the garden, a small turtle crawls slowly across the grass.;noun;سلحفة;f;;turtle;;;
4487;Woods;Woods;Herr Woods hat die Unterlagen pünktlich im Büro abgegeben.;Mr. Woods handed in the documents at the office on time.;noun;وودز;m;;Woods;;;
4488;Unruhe;restlessness / unrest;Die plötzliche Nachricht sorgte für große Unruhe unter den Mitarbeitern.;The sudden news caused great unrest among the employees.;noun;قلق;f;;unrest;;;
4489;solide;solid / sound;Sein Vorschlag bietet eine solide Grundlage für unsere weiteren Pläne.;His proposal offers a solid foundation for our further plans.;adjective;متين;;;solid;;;
4490;umzingelt;surrounded / encircled;Die Polizisten haben das verlassene Lagerhaus schnell umzingelt.;The police officers quickly surrounded the abandoned warehouse.;verb;حاصر;;;surrounded;;;
4491;vormachen;to fool / to kid (oneself);Du solltest dir nichts vormachen, die Sache ist endgültig vorbei.;You should not kid yourself, the matter is over for good.;verb;يضحك على;;;kid yourself;;;
4492;Ella;Ella;Ella hat uns heute zum Abendessen eingeladen.;Ella invited us over for dinner today.;noun;إيلا;f;;Ella;;;
4493;Kräuter;herbs;Frische Kräuter wie Basilikum und Petersilie machen die Tomatensoße viel leckerer.;Fresh herbs like basil and parsley make the tomato sauce much tastier.;noun;أعشاب;n;;herbs;;;
4494;Truthahn;turkey;Zu Thanksgiving bereitet meine Familie immer einen gefüllten Truthahn zu.;For Thanksgiving, my family always prepares a stuffed turkey.;noun;ديك رومي;m;;turkey;;;
4495;bereden;to discuss / to talk over;Wir sollten dieses wichtige Thema morgen in Ruhe persönlich bereden.;We should discuss this important topic tomorrow in peace and in person.;verb;يناقش;;;discuss;;;
4496;niedergeschlagen;dejected / downcast;Nach dem verlorenen Spiel wirkte das ganze Team ziemlich niedergeschlagen.;After the lost game, the whole team seemed quite dejected.;adjective;محبط;;;dejected;;;
4497;qualifiziert;qualified;Sie ist für diese anspruchsvolle Stelle im Marketing bestens qualifiziert.;She is extremely qualified for this demanding position in marketing.;adjective;مؤهل;;;qualified;;;
4498;Jahreszeit;season;Der Herbst ist für viele Menschen die schönste Jahreszeit im ganzen Jahr.;Autumn is the most beautiful season of the whole year for many people.;noun;فصل من فصول السنة;f;;season;;;
4499;Buben;boys / lads;Die Buben spielen jeden Nachmittag auf der Straße Fußball.;The boys play football in the street every afternoon.;noun;ولاد;m;;boys;;;
4500;Buchhalter;accountant / bookkeeper;Unser Buchhalter prüft am Monatsende alle Rechnungen und Belege sorgfältig.;Our accountant carefully checks all invoices and receipts at the end of the month.;noun;محاسب;m;;accountant;;;
4501;Herkunft;origin / background;Er ist sehr stolz auf seine Herkunft und erzählt oft von seiner Heimatstadt.;He is very proud of his origin and often talks about his hometown.;noun;أصل;f;;origin;;;
4502;schwedisch;Swedish;Sie spricht fließend schwedisch und arbeitet als Übersetzerin in Stockholm.;She speaks fluent Swedish and works as a translator in Stockholm.;adjective;سويدي;;;Swedish;;;
4503;visier;visor / sights;Er klappte das Visier seines Motorradhelms herunter, bevor er losfuhr.;He flipped down the visor of his motorcycle helmet before setting off.;noun;واقي الخوذة;n;Visier;visor;;;
4504;Perücke;wig;Für das Theaterstück trug der Schauspieler eine blonde Perücke.;For the theater play, the actor wore a blonde wig.;noun;باروكة;f;;wig;;;
4505;Fritz;Fritz;Mein Nachbar Fritz repariert am Wochenende gerne alte Fahrräder.;My neighbor Fritz likes repairing old bicycles on weekends.;noun;فريتز;m;;Fritz;;;
4506;heikel;tricky / delicate;Die Situation nach dem Streit ist wirklich sehr heikel.;The situation after the argument is really very tricky.;adjective;شائك;;;tricky;;;
4507;gen;towards / heading for;Am frühen Morgen machten sich die Wanderer gen Süden auf den Weg.;Early in the morning, the hikers set off towards the south.;prep;ناحية;;;towards;;;
4508;ausser;except / except for;Niemand im Büro wusste von der Überraschung, ausser ihrer besten Freundin.;Nobody in the office knew about the surprise, except for her best friend.;prep;ما عدا;;;except for;;;
4509;Patrouille;patrol;Die nächtliche Patrouille sicherte das gesamte Gelände rund um die Kaserne.;The night patrol secured the entire area around the barracks.;noun;دورية;f;;patrol;;;
4510;Aspirin;aspirin;Ich habe starke Kopfschmerzen und nehme jetzt eine Tablette Aspirin.;I have a severe headache and am taking an aspirin tablet now.;noun;أسبرين;n;;aspirin;;;
4511;Detroit;Detroit;Mein Onkel hat viele Jahre in der Automobilindustrie in Detroit gearbeitet.;My uncle worked in the automotive industry in Detroit for many years.;noun;ديترويت;n;;Detroit;;;
4512;beistehen;to stand by / to support;Wahre Freunde werden dir in schweren Zeiten immer beistehen.;True friends will always stand by you in difficult times.;verb;يقف جنب;;;stand by;;;
4513;Schwangerschaft;pregnancy;Während ihrer Schwangerschaft hat sie sich besonders gesund ernährt.;During her pregnancy, she ate especially healthily.;noun;حمل;f;;pregnancy;;;
4514;Flittchen;floozy / hussy;Sie regte sich furchtbar auf und beschimpfte ihre Rivalin als billiges Flittchen.;She got terribly upset and called her rival a cheap floozy.;noun;واحدة فالتة;n;;floozy;;;
4515;Griffin;Griffin;Herr Griffin leitet seit drei Jahren die Rechtsabteilung unserer Firma.;Mr. Griffin has been heading our company's legal department for three years.;noun;جريفين;m;;Griffin;;;
4516;improvisieren;to improvise;Weil wir die Zutaten nicht im Haus hatten, mussten wir beim Kochen improvisieren.;Because we didn't have the ingredients at home, we had to improvise while cooking.;verb;يرتجل;;;improvise;;;
4517;gezerrt;strained / pulled;Beim gestrigen Fußballtraining hat er sich einen Muskel im Oberschenkel gezerrt.;During yesterday's soccer training, he strained a muscle in his thigh.;verb;شد;;;strained;;;
4518;Rekord;record;Der Läufer hat beim gestrigen Marathon einen neuen Rekord aufgestellt.;The runner set a new record in yesterday's marathon.;noun;رقم قياسي;m;;record;;;
4519;Trauma;trauma;Nach dem schweren Unfall brauchte er viele Monate, um das Trauma zu überwinden.;After the serious accident, he needed many months to overcome the trauma.;noun;صدمة;n;;trauma;;;
4520;Apotheke;pharmacy / drugstore;Ich hole schnell die verschriebenen Medikamente aus der Apotheke um die Ecke.;I will quickly get the prescribed medications from the pharmacy around the corner.;noun;صيدلية;f;;pharmacy;;;
4521;Lippenstift;lipstick;Sie hat vor dem Spiegel einen roten Lippenstift aufgetragen.;She applied red lipstick in front of the mirror.;noun;روج;m;;lipstick;;;
4522;Tresor;safe / vault;Die wichtigen Dokumente und der Schmuck liegen sicher im Tresor.;The important documents and jewelry are stored safely in the safe.;noun;خزنة;m;;safe;;;
4523;Cross;cross-country run / cross race;Am kommenden Samstag nimmt mein Bruder an einem anstrengenden Cross durch den Wald teil.;Next Saturday, my brother is taking part in an exhausting cross-country run through the forest.;noun;سباق اختراق ضاحية;m;;cross-country run;;;
4524;Erlösung;salvation / relief;Nach den anstrengenden Prüfungen war der Beginn der Ferien eine echte Erlösung.;After the exhausting exams, the start of the holidays was a real relief.;noun;فرج / راحة;f;;relief;;;
4525;Wohnwagen;caravan / camper trailer;Im Sommer fahren wir mit dem Wohnwagen an einen schönen See in Schweden.;In the summer, we travel with the caravan to a beautiful lake in Sweden.;noun;كرفان;m;;caravan;;;
4526;Seide;silk;Dieses elegante Kleid fühlt sich sehr weich an, weil es aus reiner Seide besteht.;This elegant dress feels very soft because it is made of pure silk.;noun;حرير;f;;silk;;;
4527;unruhig;restless / uneasy;Vor dem wichtigen Vorstellungsgespräch war er die ganze Zeit furchtbar unruhig.;Before the important job interview, he was terribly restless the whole time.;adjective;قلقان / مش على بعضه;;;restless;;;
4528;drunter;underneath / below;Es zieht heute ganz schön, zieh dir am besten ein warmes T-Shirt drunter.;It's quite drafty today, you'd better wear a warm T-shirt underneath.;adverb;تحته / تحت;;;underneath;;;
4529;Bösewicht;villain / bad guy;Am Ende des spannenden Films wird der gerissene Bösewicht von der Polizei geschnappt.;At the end of the thrilling movie, the cunning villain is caught by the police.;noun;شرير;m;;villain;;;
4530;Vollmond;full moon;Bei Vollmond kann meine Mutter nachts oft nur sehr schwer einschlafen.;During a full moon, my mother can often only fall asleep with great difficulty at night.;noun;بدر / قمر كامل;m;;full moon;;;
4531;weggeschickt;sent away / dismissed;Der Hausmeister hat die spielenden Kinder sofort vom Rasen weggeschickt.;The caretaker immediately sent away the playing children from the lawn.;verb;مشاه / طرده;;;sent away;;;
4532;Abkürzung;shortcut / abbreviation;Wenn wir die Abkürzung durch den Park nehmen, kommen wir pünktlich an.;If we take the shortcut through the park, we will arrive on time.;noun;طريق مختصر / اختصار;f;;shortcut;;;
4533;Dynamit;dynamite;Die Bauarbeiter benutzten etwas Dynamit, um die schwere Felswand zu sprengen.;The construction workers used some dynamite to blast the heavy rock face.;noun;ديناميت;n;;dynamite;;;
4534;Tequila;tequila;Er bestellte für uns an der Bar jeweils ein Glas Tequila mit Zitrone und Salz.;He ordered a glass of tequila with lemon and salt for each of us at the bar.;noun;تكيلا;m;;tequila;;;
4535;hierhergekommen;come here / came here;Bist du bei diesem stürmischen Wetter wirklich zu Fuß hierhergekommen?;Did you really come here on foot in this stormy weather?;verb;جه هنا;;;come here;;;
4536;demnächst;soon / shortly;Mein bester Freund möchte demnächst für ein paar Monate ins Ausland reisen.;My best friend wants to travel abroad for a couple of months soon.;adverb;قريّب / عن قريب;;;soon;;;
4537;stehenbleiben;to stop / to stand still;An einer roten Fußgängerampel musst du grundsätzlich sofort stehenbleiben.;At a red pedestrian light, you must always stop immediately.;verb;يقف / يثبت مكانه;;;stop;;;
4538;Adern;veins;Nach dem schweißtreibenden Krafttraining traten die Adern an seinen Armen deutlich hervor.;After the sweaty strength training, the veins on his arms stood out clearly.;noun;عروق;f;;veins;;;
4539;Chauffeur;chauffeur / driver;Der elegante Chauffeur öffnete der Dame höflich die Wagentür.;The elegant chauffeur politely opened the car door for the lady.;noun;سواق خصوصي;m;;chauffeur;;;
4540;repräsentieren;to represent;Unsere talentierten Athleten repräsentieren ihre Schule bei dem landesweiten Wettbewerb.;Our talented athletes represent their school at the nationwide competition.;verb;يمثّل;;;represent;;;
4541;spionieren;to spy;Er weigerte sich strikt, im Büro für die Konkurrenz zu spionieren.;He strictly refused to spy for the competition at the office.;verb;يتجسس;;;spy;;;
4542;Marianne;Marianne (female name);Gestern habe ich meine nette Nachbarin Marianne auf dem Wochenmarkt getroffen.;Yesterday, I met my nice neighbor Marianne at the weekly market.;noun;ماريان;f;;Marianne;;;
4543;gutmachen;to make up for / to make amends;Ich habe deinen Geburtstag leider verpasst und möchte das mit einem Abendessen gutmachen.;Unfortunately I missed your birthday and would like to make up for it with dinner.;verb;يعوّض / يصلح غلطته;;;make up for;;;
4544;schlauch;hose / tube;Er holt den langen Schlauch aus dem Schuppen, um die Tomaten im Garten zu gießen.;He gets the long hose from the shed to water the tomatoes in the garden.;noun;خرطوم;m;Schlauch;hose;;;
4545;Ameisen;ants;Auf der Picknickdecke haben sich plötzlich jede Menge Ameisen versammelt.;Suddenly, a whole lot of ants gathered on the picnic blanket.;noun;نمل;f;;ants;;;
4546;Abraham;Abraham (male name);In der Schule lernen die Kinder heute über das Leben von Abraham Lincoln.;In school today, the children are learning about the life of Abraham Lincoln.;noun;إبراهيم;m;;Abraham;;;
4547;Heiligkeit;holiness / sanctity;Viele Gläubige versammelten sich auf dem Platz, um Seine Heiligkeit den Papst zu sehen.;Many believers gathered in the square to see His Holiness the Pope.;noun;قداسة;f;;Holiness;;;
4548;Investition;investment;Der Kauf der neuen Solaranlage war für unsere Familie eine sehr sinnvolle Investition.;Buying the new solar power system was a very sensible investment for our family.;noun;استثمار;f;;investment;;;
4549;Kassette;cassette / tape;Mein Vater besitzt noch eine alte Kassette mit seinen Lieblingsliedern aus den Achtzigern.;My father still owns an old cassette with his favorite songs from the eighties.;noun;شريط كاسيت;f;;cassette;;;
4550;Scharfschützen;snipers / sharpshooters;Während des Staatsbesuchs sicherten Scharfschützen die Dächer der umliegenden Gebäude.;During the state visit, snipers secured the roofs of the surrounding buildings.;noun;قناصة;m;;snipers;;;
4551;Senat;senate;Der Senat der Stadt berät heute über die Finanzierung der neuen Stadtbahn.;The city's senate is deliberating today on funding the new light rail line.;noun;مجلس الشيوخ / مجلس محلي;m;;senate;;;
4552;kitzelt;tickles;Hör bitte auf damit, die weiche Feder kitzelt mich am Hals.;Please stop doing that, the soft feather tickles my neck.;verb;بيزغزغ;;;tickles;;;
4553;Falke;falcon / hawk;Hoch über dem Feld kreiste ein Falke auf der Suche nach kleinen Mäusen.;High above the field, a falcon circled looking for little mice.;noun;صقر;m;;falcon;;;
4554;Kapelle;chapel;Das junge Brautpaar möchte in einer kleinen historischen Kapelle in den Bergen heiraten.;The young bridal couple wants to get married in a small historic chapel in the mountains.;noun;كنيسة صغيرة;f;;chapel;;;
4555;heimkommen;to come home;Ich bin heute so müde, dass ich nach der Arbeit einfach nur früh heimkommen will.;I am so tired today that I just want to come home early after work.;verb;يرجع البيت / يروّح;;;come home;;;
4556;Architekt;architect;Der Architekt zeigte uns gestern die fertigen Baupläne für das neue Einfamilienhaus.;Yesterday, the architect showed us the completed blueprints for the new single-family home.;noun;مهندس معماري;m;;architect;;;
4557;Konzentration;concentration / focus;Beim Autofahren bei dichtem Nebel braucht man stets höchste Konzentration.;When driving in dense fog, one always needs utmost concentration.;noun;تركيز;f;;concentration;;;
4558;Landschaft;landscape / scenery;Vom Berggipfel aus genossen wir den atemberaubenden Blick über die hügelige Landschaft.;From the mountain summit, we enjoyed the breathtaking view across the hilly landscape.;noun;منظر طبيعي / ريف;f;;landscape;;;
4559;geweiht;consecrated / dedicated;Der Bischof hat die neugebaute Kirche gestern feierlich geweiht.;The bishop solemnly consecrated the newly built church yesterday.;verb;كرّس / قدّس;;;consecrated;;;
4560;Generator;generator;Als der Strom ausfiel, schaltete das Krankenhaus sofort einen großen Generator ein.;When the power failed, the hospital immediately switched on a large generator.;noun;مولد كهرباء;m;;generator;;;
4561;gemäß;according to / in accordance with;Gemäß den neuen Richtlinien müssen alle Rechnungen digital eingereicht werden.;According to the new guidelines, all invoices must be submitted digitally.;prep;طبقاً لـ / بحسب;;;According to;;;
4562;Gärtner;gardener;Der erfahrene Gärtner schneidet jeden Frühling die Obstbäume fachgerecht zurück.;Every spring, the experienced gardener professionally prunes back the fruit trees.;noun;جنايني;m;;gardener;;;
4563;schütten;to pour;Kannst du bitte vorsichtig etwas heißes Wasser in die Teekanne schütten?;Could you please carefully pour some hot water into the teapot?;verb;يصب / يكب;;;pour;;;
4564;Polizistin;policewoman / female police officer;Die hilfsbereite Polizistin brachte das weinende Kind sicher zu seinen Eltern zurück.;The helpful policewoman brought the crying child safely back to its parents.;noun;ظابطة شرطة;f;;policewoman;;;
4565;angepisst;pissed off / annoyed;Er war total angepisst, weil sein Zug schon wieder eine halbe Stunde Verspätung hatte.;He was totally pissed off because his train was half an hour late again.;adjective;متغاظ / متضايق على آخره;;;pissed off;;;
4566;türkisch;Turkish;Wir haben gestern Abend in einem gemütlichen türkischen Restaurant um die Ecke gegessen.;Yesterday evening we ate at a cozy Turkish restaurant around the corner.;adjective;تركي;;türkischen;Turkish;;;
4567;Nachfolger;successor;Der Schuldirektor geht bald in den Ruhestand und sucht bereits einen geeigneten Nachfolger.;The school principal is retiring soon and is already looking for a suitable successor.;noun;خليفة / بديل;m;;successor;;;
4568;Klub;club;Am Samstagabend trifft sich unsere Clique immer in einem beliebten Klub in der Altstadt.;On Saturday evening, our group always meets in a popular club in the old town.;noun;نادي;m;;club;;;
4569;zwiebeln;onions;Für die Soße musst du zuerst zwei frische Zwiebeln in kleine Würfel schneiden.;For the sauce, you first need to cut two fresh onions into small cubes.;noun;بصل;f;Zwiebeln;onions;;;
4570;Quittung;receipt;Vergessen Sie nicht, die Quittung mitzunehmen, falls Sie den Pullover umtauschen möchten.;Don't forget to take the receipt with you in case you want to exchange the sweater.;noun;وصل / إيصال;f;;receipt;;;
4571;Scan;scan;Der Arzt schaute sich den Scan meines verletzten Knies am Computerbildschirm genau an.;The doctor examined the scan of my injured knee closely on the computer screen.;noun;سكان / مسح ضوئي;m;;scan;;;
4572;Wettkampf;competition / contest;Sie hat viele Wochen hart trainiert, um bei diesem wichtigen Wettkampf zu gewinnen.;She trained hard for many weeks in order to win this important competition.;noun;مسابقة / منافسة;m;;competition;;;
4573;raffiniert;clever / ingenious / sophisticated;Sein neuer Trick beim Kochen ist einfach, aber wirklich raffiniert.;His new trick in cooking is simple, but really ingenious.;adjective;ذكي ومحبوك / حريف;;;ingenious;;;
4574;überwiesen;transferred (money) / wire-transferred;Ich habe dir das Geld für das Konzertticket gestern per Online-Banking überwiesen.;I transferred the money for the concert ticket to you yesterday via online banking.;verb;حوّل (فلوس);;;transferred;;;
4575;Garderobe;coat rack / cloakroom;Du kannst deinen nassen Mantel gerne vorne an die Garderobe hängen.;You can gladly hang your wet coat on the coat rack at the front.;noun;شماعة هدوم / غرفة ملابس;f;;coat rack;;;
4576;Kleingeld;change / small change;Hast du vielleicht etwas Kleingeld für den Parkscheinautomaten dabei?;Do you perhaps have some small change on you for the parking ticket machine?;noun;فكة;n;;small change;;;
4577;Zauberei;magic / sorcery;Gutes Brot zu backen ist keine Zauberei, man braucht nur etwas Geduld.;Baking good bread is no magic, you just need some patience.;noun;سحر;f;;magic;;;
4578;allmählich;gradually / little by little;Nach dem langen Spaziergang im kalten Wind wurde uns allmählich wieder warm.;After the long walk in the cold wind, we gradually became warm again.;adverb;تدريجياً / شوية شوية;;;gradually;;;
4579;überholt;outdated / obsolete;Viele alte Regeln in diesem Betrieb gelten heute als völlig überholt.;Many old rules in this company are considered completely outdated today.;adjective;قديم / بطل يستعمل;;;outdated;;;
4580;Griechenland;Greece;Wir verbringen unseren Sommerurlaub dieses Jahr auf einer sonnigen Insel in Griechenland.;We are spending our summer vacation this year on a sunny island in Greece.;noun;اليونان;n;;Greece;;;
4581;Heilung;healing / recovery;Nach der Operation verlief die Heilung der Wunde erfreulicherweise ohne Probleme.;After the surgery, the healing of the wound fortunately went without problems.;noun;شفاء / علاج;f;;healing;;;
4582;irischen;Irish;Am Wochenende haben wir einen gemütlichen Abend in einem irischen Pub verbracht.;At the weekend, we spent a cozy evening in an Irish pub.;adjective;أيرلندي;;;Irish;;;
4583;Kristall;crystal;Im Museum für Naturkunde haben wir einen riesigen funkelnden Kristall bestaunt.;In the natural history museum, we marveled at a huge sparkling crystal.;noun;كريستال / بلورة;m;;crystal;;;
4584;Wrack;wreck / wreckage;Die Taucher entdeckten auf dem Meeresgrund das Wrack eines gesunkenen Schiffes.;The divers discovered the wreck of a sunken ship on the ocean floor.;noun;حطام;n;;wreck;;;
4585;Jeans;jeans;Ich ziehe mir schnell eine bequeme Jeans und einen Pullover an.;I'll quickly put on a comfortable pair of jeans and a sweater.;noun;بنطلون جينز;f;;pair of jeans;;;
4586;Nachtisch;dessert;Als Nachtisch gibt es heute leckeren Apfelkuchen mit Vanilleeis.;For dessert today, there is delicious apple cake with vanilla ice cream.;noun;تحلية / حلو;m;;dessert;;;
4587;Nickerchen;nap;Nach dem Mittagessen mache ich am Wochenende gerne ein kurzes Nickerchen auf dem Sofa.;After lunch, I like to take a short nap on the sofa on the weekend.;noun;تعسيلة / قيلولة;n;;nap;;;
4588;einstecken;to pocket / to plug in;Vor dem Verlassen des Hauses solltest du deinen Hausschlüssel unbedingt einstecken.;Before leaving the house, you should definitely pocket your house key.;verb;يحط في جيبه;;;pocket;;;
4589;stillgestanden;stood at attention;Die Soldaten haben während des Appells über eine Stunde lang stillgestanden.;The soldiers stood at attention for over an hour during the roll call.;verb;وقف انتباه;;;stood at attention;;;
4590;ausfindig;located / tracked down (used with 'machen');Die Polizei konnte den wichtigen Zeugen nach wochenlanger Suche endlich ausfindig machen.;The police were finally able to track down the important witness after weeks of searching.;adjective;يعثر على / يوصَل لـ;;;track down;;;
4591;Jammer;pity / shame;Es ist wirklich ein Jammer, dass das gemütliche Café an der Ecke schließen musste.;It is really a pity that the cozy cafe on the corner had to close.;noun;حسرة / خسارة;m;;pity;;;
4592;Josef;Josef / Joseph (male name);Mein Nachbar Josef arbeitet seit vielen Jahren als Gärtner im Stadtpark.;My neighbor Josef has been working as a gardener in the city park for many years.;noun;يوسف;m;;Josef;;;
4593;Zuhälter;pimp;Der berüchtigte Zuhälter wurde gestern Abend von der Kriminalpolizei festgenommen.;The notorious pimp was arrested yesterday evening by the criminal police.;noun;قواد;m;;pimp;;;
4594;ausgestorben;deserted / extinct;Am späten Sonntagabend wirkt die Fußgängerzone in der Innenstadt wie ausgestorben.;Late on Sunday evening, the pedestrian zone in the downtown area seems completely deserted.;adjective;مهجور وخالي / منقرض;;;deserted;;;
4595;Freundchen;buster / pal (warning);Pass bloß auf, Freundchen, so einen Ton lasse ich mir von dir nicht gefallen!;You just watch out, buster, I won't put up with that kind of tone from you!;noun;يا شاطر / يا حلو (تحذير);n;;buster;;;
4596;auskommen;to get by / to manage;Mit ihrem geringen Gehalt als Praktikantin kann sie im teuren München kaum auskommen.;With her low salary as an intern, she can hardly get by in expensive Munich.;verb;يمشي حاله / يكفي نفسه;;;get by;;;
4597;auswendig;by heart / from memory;Für die Theateraufführung musste die Schauspielerin den gesamten Text auswendig lernen.;For the theater performance, the actress had to learn the entire text by heart.;adverb;صم / عن ظهر قلب;;;by heart;;;
4598;erbrechen;to vomit / to throw up;Nach dem Verzehr von schlechtem Essen musste sich das Kind in der Nacht mehrmals erbrechen.;After consuming bad food, the child had to vomit several times during the night.;verb;يرجّع / يستفرغ;;;vomit;;;
4599;protestieren;to protest;Viele Bürger versammelten sich vor dem Rathaus, um friedlich gegen das neue Bauprojekt zu protestieren.;Many citizens gathered in front of the town hall to protest peacefully against the new construction project.;verb;يحتج / يعترض;;;protest;;;
4600;juhu;yay / yippee;Als die Kinder hörten, dass es heute Eis gibt, riefen alle begeistert »Juhu!«.;When the children heard that there was ice cream today, everyone shouted enthusiastically 'Yay!'.;interjection;هيّه! / يا سلام!;;Juhu;Yay;;;
4601;pflücken;to pick / to pluck;Im Sommer fahren wir gerne aufs Land, um frische Erdbeeren direkt vom Feld zu pflücken.;In the summer, we like to drive to the countryside to pick fresh strawberries directly from the field.;verb;يقطف;;;pick;;;
4602;Heer;army / military land forces;Nach seinem Schulabschluss hat er zwei Jahre lang freiwillig im Heer gedient.;After graduating from school, he voluntarily served in the army for two years.;noun;جيش;n;;army;;;
4603;Lichtjahre;light-years;Die nächste Galaxie ist viele Millionen Lichtjahre von unserem Sonnensystem entfernt.;The nearest galaxy is many millions of light-years away from our solar system.;noun;سنين ضوئية;n;;light-years;;;
4604;Liga;league;Unsere Handballmannschaft spielt seit dieser Saison sehr erfolgreich in der zweiten Liga.;Our handball team has been playing very successfully in the second league since this season.;noun;دوري / رابطة;f;;league;;;
4605;Oskar;Oskar (male name);Mein kleiner Neffe Oskar freut sich schon riesig auf seinen ersten Schultag.;My little nephew Oskar is already really looking forward to his first day of school.;noun;أوسكار;m;;Oskar;;;
4606;eingefroren;frozen;Wegen der extremen Kälte im Winter waren die Wasserrohre im alten Keller komplett eingefroren.;Because of the extreme cold in winter, the water pipes in the old basement were completely frozen.;adjective;متجمّد;;;frozen;;;
4607;Ironie;irony;Man konnte die feine Ironie in seiner Stimme sofort heraushören.;One could immediately hear the subtle irony in his voice.;noun;سخرية / تهكّم;f;;irony;;;
4608;hiervon;of this / from this;Der Chef wusste überhaupt nichts hiervon und war von der Nachricht völlig überrascht.;The boss knew nothing at all of this and was completely surprised by the news.;adverb;من ده / عن ده;;;of this;;;
4609;Abwechslung;variety / change of pace;Ein Spaziergang am See am Wochenende war eine willkommene Abwechslung zum stressigen Arbeitsalltag.;A walk by the lake on the weekend was a welcome change from stressful everyday work.;noun;تغيير / تنويع;f;;change;;;
4610;Roland;Roland (male name);Mein Arbeitskollege Roland hat mir heute freundlicherweise bei der Reparatur des Druckers geholfen.;My colleague Roland kindly helped me today with repairing the printer.;noun;رولاند;m;;Roland;;;
4611;färbt;dyes / colors;Meine Schwester färbt sich vor jedem Sommerurlaub die Haare hellbraun.;My sister dyes her hair light brown before every summer vacation.;verb;بيصبغ / بيلوّن;;;dyes;;;
4612;konfrontiert;confronted;Der Abteilungsleiter hat den Mitarbeiter direkt mit den Beschwerden der Kunden konfrontiert.;The department head directly confronted the employee with the customer complaints.;verb;واجه / واجه بـ;;;confronted;;;
4613;lesbisch;lesbian;Sie spricht ganz offen darüber, dass sie lesbisch ist und seit Jahren in einer glücklichen Beziehung lebt.;She speaks quite openly about being lesbian and living in a happy relationship for years.;adjective;مثلية (ست);;;lesbian;;;
4614;tobt;rages;Draußen tobt gerade ein heftiger Schneesturm, deshalb bleiben wir lieber drinnen.;Outside, a violent snowstorm is raging right now, so we would rather stay inside.;verb;بيهيج / قالب الدنيا;;;is raging;;;
4615;Altar;altar;Vor Beginn der Trauung legte die Braut einen wunderschönen Blumenstrauß auf den Altar.;Before the wedding began, the bride placed a gorgeous bouquet of flowers on the altar.;noun;مذبح / هيكل;m;;altar;;;
4616;Privileg;privilege;Es ist ein großes Privileg, in einem sicheren und wohlhabenden Land aufwachsen zu dürfen.;It is a great privilege to be allowed to grow up in a safe and prosperous country.;noun;امتياز / ميزة;n;;privilege;;;
4617;Schottland;Scotland;Nächsten Sommer planen wir eine zweiwöchige Rundreise mit dem Wohnmobil durch Schottland.;Next summer, we are planning a two-week road trip by camper through Scotland.;noun;اسكتلندا;n;;Scotland;;;
4618;roh;raw / uncooked;Man sollte Geflügelfleisch niemals roh essen, um Infektionen zu vermeiden.;One should never eat poultry raw in order to avoid infections.;adjective;نيّ;;;raw;;;
4619;Ehrlichkeit;honesty / sincerity;In einer guten Beziehung schätze ich Ehrlichkeit viel mehr als bequeme Lügen.;In a good relationship, I value honesty much more than comfortable lies.;noun;صراحة / أمانة;f;;honesty;;;
4620;Bemerkung;remark / comment;Seine unpassende Bemerkung während der Besprechung sorgte für betretenes Schweigen bei allen Kollegen.;His inappropriate remark during the meeting caused awkward silence among all colleagues.;noun;ملاحظة / تعليق;f;;remark;;;
4621;Basketball;basketball;Mein kleiner Bruder spielt jeden Freitag nach der Schule mit seinen Freunden Basketball.;My little brother plays basketball with his friends every Friday after school.;noun;كرة سلة;m;;basketball;;;
4622;Distanz;distance;Trotz der weiten Distanz zwischen unseren Wohnorten telefonieren wir fast jeden Sonntag.;Despite the long distance between our homes, we call each other almost every Sunday.;noun;مسافة / بُعد;f;;distance;;;
4623;Johannes;Johannes (male name);Mein Kollege Johannes bringt heute leckeren Kuchen für das ganze Team mit.;My colleague Johannes is bringing delicious cake for the whole team today.;noun;يوهانس;m;;Johannes;;;
4624;Literatur;literature;In meiner Freizeit interessiere ich mich sehr für klassische deutsche Literatur.;In my free time, I am very interested in classic German literature.;noun;أدب;f;;literature;;;
4625;Rex;Rex (name);Unser Nachbar geht jeden Morgen pünktlich um sieben mit seinem Hund Rex spazieren.;Our neighbor goes for a walk every morning at seven sharp with his dog Rex.;noun;ريكس;m;;Rex;;;
4626;lästig;annoying / bothersome;Die ständigen Werbeanrufe auf meinem Handy sind wirklich extrem lästig.;The constant promotional calls on my mobile phone are really extremely annoying.;adjective;مزعج / رخم;;;annoying;;;
4627;teuflisch;devilish / fiendish;Dieses schwere Rätsel in der Zeitung ist wirklich teuflisch schwer zu lösen.;This hard puzzle in the newspaper is really devilishly hard to solve.;adjective;شيطاني / صعب جداً;;;devilishly;;;
4628;Verlobung;engagement / betrothal;Das junge Paar feierte seine Verlobung im kleinen Kreis mit engen Freunden.;The young couple celebrated their engagement in a small circle with close friends.;noun;خطوبة;f;;engagement;;;
4629;Gramm;gram;Für das Rezept brauchst du genau zweihundert Gramm Mehl und etwas Zucker.;For the recipe you need exactly two hundred grams of flour and some sugar.;noun;جرام;n;;grams;;;
4630;involviert;involved;Er war von Anfang an in alle wichtigen Entscheidungen des Projekts involviert.;He was involved in all the important decisions of the project right from the start.;adjective;متورط / مشارك;;;involved;;;
4631;runtergefallen;fallen down;Meine Lieblingstasse ist vom Küchentisch runtergefallen und sofort in Stücke zerbrochen.;My favorite mug fell down from the kitchen table and immediately broke into pieces.;verb;وقع;;;fell down;;;
4632;sonderbar;strange / peculiar;Es ist wirklich sonderbar, dass er heute ohne ein einziges Wort gegangen ist.;It is really strange that he left today without saying a single word.;adjective;غريب / عجيب;;;strange;;;
4633;Gatte;husband / spouse;Ihr Gatte wartet draußen vor dem Geschäft im Auto auf sie.;Her husband is waiting for her outside the shop in the car.;noun;زوج;m;;husband;;;
4634;Pension;guesthouse / pension;Während unseres Urlaubs in den Bergen haben wir in einer gemütlichen Pension übernachtet.;During our vacation in the mountains, we stayed at a cozy guesthouse.;noun;بنسيون / فندق صغير;f;;guesthouse;;;
4635;durchdringen;to penetrate / to pierce;Die Sonnenstrahlen konnten den dichten Nebel am frühen Morgen kaum durchdringen.;The sunbeams could hardly penetrate the dense early morning fog.;verb;يخترق / ينفذ;;;penetrate;;;
4636;Anker;anchor;Das kleine Schiff warf vor der Insel den Anker, um dort sicher die Nacht zu verbringen.;The small ship dropped anchor off the island to spend the night there safely.;noun;هلَب / مرساة;m;;anchor;;;
4637;höllisch;hellish / extreme;Nach dem langen Spaziergang taten mir die Füße in den neuen Schuhen höllisch weh.;After the long walk, my feet hurt like hell in the new shoes.;adjective;جهنمي / جامد جداً;;;like hell;;;
4638;Umgang;contact / interaction / handling;Sie hat bei der Arbeit viel Umgang mit Menschen und ist dabei immer sehr freundlich.;In her job, she has a lot of contact with people and is always very friendly.;noun;تعامل / اختلاط;m;;contact;;;
4639;Auszeichnung;award / distinction;Für seine herausragende Arbeit erhielt der junge Wissenschaftler eine bedeutende Auszeichnung.;For his outstanding work, the young scientist received an important award.;noun;جايزة / تكريم;f;;award;;;
4640;Dallas;Dallas (city);Mein Bruder fliegt nächste Woche geschäftlich für ein paar Tage nach Dallas.;My brother is flying to Dallas next week for a few days on business.;noun;دالاس;n;;Dallas;;;
4641;Erziehung;upbringing / education;Bei der Erziehung von Kindern sind klare Regeln und viel Geduld besonders wichtig.;In the upbringing of children, clear rules and a lot of patience are especially important.;noun;تربية;f;;upbringing;;;
4642;Ludwig;Ludwig (male name);Mein Onkel Ludwig kocht am Wochenende gerne für die ganze Familie.;My uncle Ludwig likes to cook for the whole family on weekends.;noun;لودفيج;m;;Ludwig;;;
4643;Millionär;millionaire;Er träumt schon seit seiner Jugend davon, eines Tages als Unternehmer Millionär zu werden.;Since his youth, he has dreamed of becoming a millionaire one day as an entrepreneur.;noun;مليونير;m;;millionaire;;;
4644;außerordentlich;extraordinary / exceptionally;Das Essen in dem kleinen italienischen Restaurant war gestern außerordentlich gut.;The food at the small Italian restaurant was exceptionally good yesterday.;adjective;بشكل استثنائي / فوق العادة;;;exceptionally;;;
4645;erhängt;hanged;Die Polizei teilte mit, dass sich der Verdächtige in seiner Zelle erhängt hat.;The police announced that the suspect hanged himself in his cell.;verb;شنق;;;hanged;;;
4646;Einkaufszentrum;shopping mall / shopping center;Am Samstagnachmittag gehen viele Familien zum Bummeln in das neue Einkaufszentrum.;On Saturday afternoon, many families go for a stroll in the new shopping mall.;noun;مول / مركز تجاري;n;;shopping mall;;;
4647;Kröte;toad;Im feuchten Gras hinter dem Garten haben die Kinder eine kleine Kröte entdeckt.;In the damp grass behind the garden, the children discovered a small toad.;noun;ضفدعة / علجوم;f;;toad;;;
4648;Alkoholiker;alcoholic;Er hat eingesehen, dass er ein Alkoholiker ist, und nimmt jetzt an einer Therapie teil.;He realized that he is an alcoholic and is now participating in therapy.;noun;مدمن كحول / خمرجي;m;;alcoholic;;;
4649;öde;dull / desolate / boring;Ohne meine Freunde fand ich den verregneten Sonntag zu Hause ziemlich öde.;Without my friends, I found the rainy Sunday at home quite dull.;adjective;ممل / كئيب;;;dull;;;
4650;Bildschirm;screen / monitor;Wenn man zu lange auf den hellen Bildschirm starrt, fangen die Augen an zu brennen.;If you stare at the bright screen for too long, your eyes start to burn.;noun;شاشة;m;;screen;;;
4651;erbitte;to request / to ask for;Wegen der dringenden Angelegenheit erbitte ich Ihre zeitnahe Rückmeldung.;Due to the urgent matter, I request your prompt feedback.;verb;يطلب / يرجو;;;request;;;
4652;Spezialisten;specialists / experts;Für diese komplizierte Operation zogen die Ärzte erfahrene Spezialisten hinzu.;For this complicated surgery, the doctors brought in experienced specialists.;noun;متخصصين / خبراء;m;;specialists;;;
4653;zurückschicken;to send back / to return;Falls das Hemd nicht richtig passt, kannst du es innerhalb von zwei Wochen zurückschicken.;If the shirt does not fit properly, you can send it back within two weeks.;verb;يرجّع / يبعت تاني;;;send it back;;;
4654;Freizeit;free time / leisure time;In meiner Freizeit gehe ich gerne spazieren oder lese ein spannendes Buch.;In my free time, I like to go for walks or read an exciting book.;noun;وقت الفراغ;f;;free time;;;
4655;Raubüberfall;robbery / holdup;Nach dem bewaffneten Raubüberfall auf das Juweliergeschäft sucht die Polizei nach Zeugen.;After the armed robbery of the jewelry store, the police are looking for witnesses.;noun;سطو مسلح / سرقة بالإكراه;m;;robbery;;;
4656;Haushalt;household;Wir teilen uns die Aufgaben im Haushalt wie Kochen und Putzen immer gerecht auf.;We always divide chores in the household like cooking and cleaning fairly.;noun;شغل البيت / ميزانية;m;;household;;;
4657;identisch;identical;Die beiden Jacken sehen zwar völlig identisch aus, haben aber unterschiedliche Größen.;The two jackets look completely identical, but they have different sizes.;adjective;متطابق / زي بعض بالظبط;;;identical;;;
4658;Substanz;substance;Die weiße Substanz im Reagenzglas reagierte sofort mit dem warmen Wasser.;The white substance in the test tube reacted immediately with the warm water.;noun;مادة;f;;substance;;;
4659;Hotelzimmer;hotel room;Unser gemütliches Hotelzimmer hatte ein großes Fenster mit Blick auf die Altstadt.;Our cozy hotel room had a large window overlooking the old town.;noun;أوضة فندق;n;;hotel room;;;
4660;Krüppel;cripple;Der verletzte Soldat wollte nicht sein ganzes Leben lang als Krüppel bemitleidet werden.;The injured soldier did not want to be pitied as a cripple for the rest of his life.;noun;كسيح / أعرج;m;;cripple;;;
4661;Tugend;virtue;Pünktlichkeit gilt in vielen deutschen Unternehmen nach wie vor als wichtige Tugend.;Punctuality is still regarded as an important virtue in many German companies.;noun;فضيلة;f;;virtue;;;
4662;abwenden;to avert / to prevent;Durch eine Notbremsung konnte der Fahrer den Zusammenstoß im letzten Moment abwenden.;Through emergency braking, the driver was able to avert the collision at the last moment.;verb;يتفادى / يمنع;;;avert;;;
4663;abstoßend;repulsive / revolting;Ich fand das arrogante Verhalten des Mannes den Kellnern gegenüber absolut abstoßend.;I found the man's arrogant behavior towards the waiters absolutely repulsive.;adjective;مقزز / منفر;;;repulsive;;;
4664;minderjährig;underage / minor;Weil sie noch minderjährig ist, braucht sie für die Reise die Erlaubnis ihrer Eltern.;Because she is still underage, she needs her parents' permission for the trip.;adjective;قاصر / تحت السن;;;underage;;;
4665;Lux;lux (unit of illuminance);In modernen Büros sollte die Helligkeit am Schreibtisch mindestens fünfhundert Lux betragen.;In modern offices, the brightness at the desk should be at least five hundred lux.;noun;لوكس (وحدة قياس شدة الضوء);n;;lux;;;
4666;Sänger;singer;Der bekannte Sänger begeisterte seine Fans mit einer großartigen Show auf der Bühne.;The famous singer thrilled his fans with a great show on stage.;noun;مغني / مطرب;m;;singer;;;
4667;Techniker;technician;Der freundliche Techniker reparierte unsere Waschmaschine innerhalb von einer halben Stunde.;The friendly technician repaired our washing machine within half an hour.;noun;فني / تقني;m;;technician;;;
4668;Uhrzeit;time of day / time;Sag mir bitte Bescheid, welche Uhrzeit dir für unser Treffen am besten passt.;Please let me know what time suits you best for our meeting.;noun;الوقت / ميعاد;f;;time;;;
4669;aufgedeckt;uncovered / exposed;Die investigative Reporterin hat den Skandal um gefälschte Testergebnisse aufgedeckt.;The investigative reporter uncovered the scandal surrounding falsified test results.;verb;كشف / فضح;;;uncovered;;;
4670;schiefgehen;to go wrong;Wir haben den ganzen Ablauf gründlich geprobt, damit bei der Feier nichts schiefgehen kann.;We rehearsed the entire procedure thoroughly so that nothing can go wrong at the celebration.;verb;يبوظ / يفشل;;;go wrong;;;
4671;zusammenleben;to live together / to cohabit;Viele Paare möchten erst einmal ein paar Jahre zusammenleben, bevor sie heiraten.;Many couples want to live together for a few years first before getting married.;verb;يعيشوا مع بعض;;;live together;;;
4672;Sonde;probe;Die unbemannte Sonde sammelt seit mehreren Monaten wichtige Daten über die Atmosphäre des Planeten.;The unmanned probe has been collecting important data about the planet's atmosphere for several months.;noun;مسبار / مجس;f;;probe;;;
4673;bösartig;malignant / malicious;Zum Glück hat die Untersuchung gezeigt, dass die Geschwulst nicht bösartig ist.;Fortunately, the examination showed that the growth is not malignant.;adjective;خبيث / شرير;;;malignant;;;
4674;überaus;extremely / exceedingly;Der neue Kollege im Büro war vom ersten Tag an überaus hilfsbereit.;The new colleague in the office was extremely helpful from day one.;adverb;جداً / للغاية;;;extremely;;;
4675;Metropolis;metropolis;In einer riesigen Metropolis gibt es Tag und Nacht immer etwas zu erleben.;In a huge metropolis, there is always something to experience day and night.;noun;مدينة ضخمة / حاضرة;f;;metropolis;;;
4676;verjagt;chased away / driven away;Unser Hund hat die fremde Katze sofort aus dem Garten verjagt.;Our dog immediately chased the strange cat away from the garden.;verb;طرد / طفّش;;;chased;;;
4677;Überwachungskameras;surveillance cameras / security cameras;Am Bahnhof wurden vor Kurzem neue Überwachungskameras installiert.;New surveillance cameras were recently installed at the train station.;noun;كاميرات مراقبة;f;;surveillance cameras;;;
4678;Autobahn;highway / motorway;Wegen eines Unfalls standen wir fast zwei Stunden auf der Autobahn im Stau.;Because of an accident, we were stuck in a traffic jam on the highway for almost two hours.;noun;طريق سريع / أوتوبان;f;;highway;;;
4679;Anordnung;order / directive / instruction;Auf direkte Anordnung des Chefs mussten alle Berichte noch heute fertiggestellt werden.;By direct order of the boss, all reports had to be completed today.;noun;أمر / تعليمات;f;;order;;;
4680;Mumm;guts / courage;Er hatte einfach nicht den Mumm, seiner Freundin die Wahrheit zu sagen.;He simply didn't have the guts to tell his girlfriend the truth.;noun;جرأة / شجاعة;m;;guts;;;
4681;Verkäufer;salesperson / shop assistant / seller;Der freundliche Verkäufer hat mich beim Kauf des Laptops ausführlich beraten.;The friendly salesperson advised me in detail when purchasing the laptop.;noun;بياع / بائع;m;;salesperson;;;
4682;alarmieren;to alert / to alarm;Als der Nachbar den Rauch bemerkte, musste er sofort die Feuerwehr alarmieren.;When the neighbor noticed the smoke, he had to alert the fire department immediately.;verb;يبلّغ / ينبّه;;;alert;;;
4683;kritisieren;to criticize;Es ist leicht zu kritisieren, aber viel schwerer, selbst einen besseren Vorschlag zu machen.;It is easy to criticize, but much harder to make a better suggestion yourself.;verb;ينتقد;;;criticize;;;
4684;schaukeln;to swing / to rock;Die Kinder gehen jeden Nachmittag in den Park, um dort vergnügt zu schaukeln.;The children go to the park every afternoon to swing happily there.;verb;يتمرجح / يتهز;;;swing;;;
4685;zerschlagen;to smash / to shatter;Bei dem Streit ist eine teure Vase auf dem Boden zerschlagen worden.;During the argument, an expensive vase was smashed on the floor.;verb;يكسّر / يحطم;;;smashed;;;
4686;Angreifer;attacker / assailant;Die Polizei konnte den flüchtigen Angreifer noch in der Nähe des Parks festnehmen.;The police were able to arrest the fleeing attacker near the park.;noun;مهاجم / معتدي;m;;attacker;;;
4687;Schülerin;schoolgirl / female student;Die fleißige Schülerin bekam für ihren Aufsatz die beste Note der Klasse.;The hardworking schoolgirl got the best grade in the class for her essay.;noun;تلميذة / طالبة;f;;schoolgirl;;;
4688;Zeitalter;age / era;Wir leben heute in einem Zeitalter, in dem fast jeder ein Smartphone besitzt.;Today we live in an age where almost everyone owns a smartphone.;noun;عصر / زمن;n;;age;;;
4689;schminken;to put on makeup / to make up;Sie braucht morgens meistens eine halbe Stunde, um sich für die Arbeit zu schminken.;She usually needs half an hour in the morning to put on makeup for work.;verb;تحط ميك اب / تتمكيج;;;put on makeup;;;
4690;hinzu;in addition / to it / moreover;Es kommt noch hinzu, dass wir morgen sehr früh zum Flughafen aufbrechen müssen.;In addition, we have to set off very early tomorrow for the airport.;adverb;بالإضافة لده / كمان;;;In addition;;;
4691;Veranstaltung;event / function;Wegen des starken Regens wurde die Veranstaltung kurzfristig in die Halle verlegt.;Due to heavy rain, the event was moved to the hall on short notice.;noun;فعالية / إيفنت;f;;event;;;
4692;Mythos;myth;Dass Kaffee dem Körper Wasser entzieht, ist laut neuen Studien nur ein Mythos.;That coffee dehydrates the body is according to new studies just a myth.;noun;أسطورة;m;;myth;;;
4693;umfallen;to fall over / to tip over;Stell das Glas bitte vorsichtig ab, damit es bei der Erschütterung nicht umfallen kann.;Please put the glass down carefully so that it cannot fall over from the vibration.;verb;يقع / يتقلب;;;fall over;;;
4694;ve;packaging unit (abbr. VE);Eine VE dieser Batterien enthält vier Stück in der Blisterpackung.;One packaging unit of these batteries contains four pieces in the blister pack.;noun;وحدة تعبئة;f;VE;packaging unit;;;
4695;wimmelt;to teem / to swarm;An einem warmen Sommertag wimmelt es im Freibad nur so von Besuchern.;On a warm summer day, the outdoor pool is simply teeming with visitors.;verb;مليان / بيغلي بـ;;;teeming;;;
4696;verlängern;to extend / to renew;Ich muss nächste Woche im Bürgeramt meinen Personalausweis verlängern.;I have to renew my identity card at the citizen center next week.;verb;يمدّد / يجدد;;;renew;;;
4697;Abgrund;abyss / precipice;Vom Aussichtspunkt aus blickten die Wanderer direkt in den tiefen Abgrund.;From the viewpoint, the hikers looked straight into the deep abyss.;noun;هاوية;m;;abyss;;;
4698;Gleis;track / platform;Der Zug nach München fährt heute pünktlich von Gleis drei ab.;The train to Munich departs on time today from track three.;noun;رصيف قطر / شريط القطر;n;;track;;;
4699;Judith;Judith;Judith hat gestern eine neue Stelle als Architektin in Berlin angetreten.;Judith started a new job as an architect in Berlin yesterday.;noun;جوديث;f;;Judith;;;
4700;annähernd;approximately / nearly;Die Renovierung der Wohnung hat annähernd zehntausend Euro gekostet.;The renovation of the apartment cost approximately ten thousand euros.;adverb;تقريباً;;;approximately;;;
4701;herhören;to listen / to pay attention;Bitte alle einmal kurz herhören, denn ich habe wichtige Neuigkeiten für euch!;Everyone please listen up for a moment, because I have important news for you!;verb;يسمع / يركز;;;listen up;;;
4702;radikale;radical / drastic;Der neue Trainer forderte eine radikale Umstellung der gesamten Mannschaft.;The new coach demanded a radical overhaul of the entire team.;adjective;جذري / راديكالي;;;radical;;;
4703;Matrosen;sailors;Nach monatelanger Fahrt kehrten die müden Matrosen sicher in den Heimathafen zurück.;After months of voyaging, the tired sailors returned safely to their home port.;noun;بحارة;m;;sailors;;;
4704;zärtlich;tender / affectionate;Sie nahm seine Hand und lächelte ihn zärtlich an.;She took his hand and smiled at him tenderly.;adjective;حنون / برقة;;;tenderly;;;
4705;suspendiert;suspended / to suspend;Der Beamte wurde bis zum Abschluss der internen Ermittlungen suspendiert.;The civil servant was suspended until the conclusion of internal investigations.;verb;موقوف عن العمل / معلّق;;;suspended;;;
4706;Ähnlichkeit;similarity / resemblance;Es gibt eine verblüffende Ähnlichkeit zwischen dem Jungen und seinem Großvater.;There is an astonishing resemblance between the boy and his grandfather.;noun;شبه / تشابه;f;;resemblance;;;
4707;Ermittler;investigator / detective;Der erfahrene Ermittler fand am Tatort eine wichtige Spur.;The experienced investigator found an important clue at the crime scene.;noun;محقق;m;;investigator;;;
4708;Glückspilz;lucky person / lucky devil;Was für ein Glückspilz du bist, dass du den Hauptgewinn gewonnen hast!;What a lucky person you are to have won the grand prize!;noun;محظوظ / واد محظوظ;m;;lucky person;;;
4709;Kanzler;chancellor;Der Kanzler reist morgen zu wichtigen Gesprächen nach Brüssel.;The chancellor travels to Brussels tomorrow for important talks.;noun;مستشار (رئيس وزراء ألمانيا);m;;chancellor;;;
4710;ausgerastet;freaked out / flipped out;Als sein Computer plötzlich abstürzte, ist mein Bruder völlig ausgerastet.;When his computer suddenly crashed, my brother completely freaked out.;verb;فقد أعصابه / اتعصب جامد;;;freaked out;;;
4711;Diät;diet;Vor dem Sommerurlaub möchte sie mit einer gesunden Diät ein paar Kilo abnehmen.;Before the summer vacation, she wants to lose a few kilos with a healthy diet.;noun;رجيم / دايت;f;;diet;;;
4712;umher;around / about;Weil er nicht schlafen konnte, irrte er nachts unruhig im Haus umher.;Because he couldn't sleep, he wandered around restlessly in the house at night.;adverb;حوالين / رايح جاي;;;around;;;
4713;Axel;Axel;Axel holt heute Nachmittag seine Kinder von der Grundschule ab.;Axel is picking up his children from elementary school this afternoon.;noun;أكسيل;m;;Axel;;;
4714;Serienmörder;serial killer;In der neuen Fernsehkrimiserie jagt die Ermittlerin einen gerissenen Serienmörder.;In the new TV crime series, the investigator is hunting a cunning serial killer.;noun;قاتل متسلسل;m;;serial killer;;;
4715;Sünder;sinner;Niemand ist ohne Fehler, denn jeder Mensch ist manchmal ein Sünder.;Nobody is without fault, because every person is sometimes a sinner.;noun;مذنب / خاطئ;m;;sinner;;;
4716;christlichen;Christian;Nächstenliebe ist einer der wichtigsten Werte in der christlichen Tradition.;Charity is one of the most important values in the Christian tradition.;adjective;مسيحي;;;Christian;;;
4717;bann;spell / charm / thrall;Der spannende Film zog das gesamte Publikum sofort in seinen Bann.;The thrilling film immediately cast a spell over the entire audience.;noun;سحر / أسر;m;Bann;spell;;;
4718;Outfit;outfit;Für das Vorstellungsgespräch wählte er ein besonders schickes Outfit aus.;For the job interview, he selected a particularly chic outfit.;noun;طقم / لبس;n;;outfit;;;
4719;Wanze;bug / bedbug / wiretap;Der Detektiv fand eine winzige Wanze, die unter der Lampe versteckt war.;The detective found a tiny bug that was hidden under the lamp.;noun;بقّة / جهاز تصنت;f;;bug;;;
4720;Christina;Christina;Christina hat gestern ihrer besten Freundin zum Geburtstag gratuliert.;Christina congratulated her best friend on her birthday yesterday.;noun;كريستينا;f;;Christina;;;
4721;Clan;clan;Zu Feiertagen kommt der gesamte Clan der Familie zusammen und feiert gemeinsam.;On holidays, the entire clan of the family comes together and celebrates together.;noun;عشيرة / عيلة;m;;clan;;;
4722;erkundigt;inquired / asked;Am Bahnhof hat er sich höflich nach der Verspätung des Zuges erkundigt.;At the train station, he politely inquired about the delay of the train.;verb;استفسر / سأل;;;inquired;;;
4723;schrauben;to screw / to tinker;Er schraubt am Wochenende stundenlang an seinem alten Fahrrad.;He spends hours on the weekend tinkering with his old bicycle.;verb;يفك ويركب / يظبط;;schraubt;tinkering;;;
4724;spendieren;to treat / to buy (someone something);Mein Chef hat uns allen zum Geburtstag ein Mittagessen spendiert.;My boss treated us all to lunch for his birthday.;verb;يعزم / يعزم على;;spendiert;treated;;;
4725;Chemikalien;chemicals;Im Labor muss man beim Umgang mit giftigen Chemikalien Schutzkleidung tragen.;In the laboratory, you must wear protective clothing when handling toxic chemicals.;noun;كيماويات / مواد كيميائية;f;;chemicals;;;
4726;Massaker;massacre;Die Geschichtsbücher berichten über ein furchtbares Massaker während des Krieges.;The history books report on a terrible massacre during the war.;noun;مذبحة / مجزرة;n;;massacre;;;
4727;ehrenwerte;honorable / respectable;Das ist wirklich eine ehrenwerte Geste, um den Nachbarn zu helfen.;That really is an honorable gesture to help the neighbors.;adjective;محترم / شريف;;;honorable;;;
4728;fällig;due / payable;Die Monatsmiete ist immer am ersten Tag des Monats fällig.;The monthly rent is always due on the first day of the month.;adjective;مستحق / ميعاده جه;;;due;;;
4729;voreilig;hasty / premature;Wir sollten keine voreiligen Entscheidungen treffen, bevor wir alle Details kennen.;We should not make hasty decisions before we know all the details.;adjective;متسرع / متصربع;;voreiligen;hasty;;;
4730;Begräbnis;funeral / burial;Zur Beileidsbekundung kamen viele Freunde zum Begräbnis des Nachbarn.;To express their condolences, many friends came to the neighbor's funeral.;noun;جنازة / دفنة;n;;funeral;;;
4731;Hamburg;Hamburg;Nächste Woche fahre ich geschäftlich für zwei Tage nach Hamburg.;Next week I am traveling to Hamburg on business for two days.;noun;هامبورغ;n;;Hamburg;;;
4732;Arena;arena / stadium;Das Fußballspiel findet heute Abend in einer ausverkauften Arena statt.;The football match is taking place tonight in a sold-out arena.;noun;حلبة / صالة مغطاة / ستاد;f;;arena;;;
4733;Klaviermusik;piano music;Beim Abendessen läuft im Restaurant oft entspannende Klaviermusik.;During dinner, relaxing piano music often plays in the restaurant.;noun;مزيكا بيانو;f;;piano music;;;
4734;Kreuzung;intersection / crossroads;An der roten Ampel an der Kreuzung musst du kurz anhalten.;At the red traffic light at the intersection, you have to stop briefly.;noun;تقاطع / مفترق طرق;f;;intersection;;;
4735;Auszeit;break / time-out;Nach dieser anstrengenden Projektphase gönne ich mir eine kurze Auszeit.;After this demanding project phase, I am treating myself to a short break.;noun;استراحة / بريك;f;;break;;;
4736;intim;intimate;Die kleine Geburtstagsfeier fand in einer sehr intimen Atmosphäre statt.;The small birthday party took place in a very intimate atmosphere.;adjective;حميمي / خاص جداً;;intimen;intimate;;;
4737;Lire;lira / lire;Mein Großvater hat noch ein paar alte Münzen aus der Zeit der italienischen Lire aufbewahrt.;My grandfather still kept a few old coins from the time of the Italian lira.;noun;ليرة;f;;lira;;;
4738;eingeweiht;in the loop / privy / initiated;Nur die engsten Mitarbeiter sind in die neuen Pläne der Geschäftsleitung eingeweiht.;Only the closest colleagues are in the loop about the management's new plans.;adjective;مطلع على السر / عارف بالموضوع;;;in the loop;;;
4739;neutral;neutral / impartial;Als Schiedsrichter muss man bei jedem Spiel völlig neutral bleiben.;As a referee, you have to remain completely neutral during every match.;adjective;محايد;;;neutral;;;
4740;taktische;tactical;Der Trainer hat vor der zweiten Halbzeit kluge taktische Änderungen vorgenommen.;Before the second half, the coach made clever tactical changes.;adjective;تكتيكي;;;tactical;;;
4741;Spezialität;specialty;Selbstgemachte Pasta ist die Spezialität dieses kleinen italienischen Restaurants.;Homemade pasta is the specialty of this small Italian restaurant.;noun;أكلة مشهورة / تخصص;f;;specialty;;;
4742;Babylon;Babylon;Die Hängenden Gärten von Babylon gehörten zu den sieben Weltwundern der Antike.;The Hanging Gardens of Babylon were among the seven wonders of the ancient world.;noun;بابل;n;;Babylon;;;
4743;München;Munich;Im Herbst reisen viele Touristen nach München, um das Oktoberfest zu erleben.;In autumn, many tourists travel to Munich to experience Oktoberfest.;noun;ميونيخ;n;;Munich;;;
4744;Rechtsanwalt;lawyer / attorney;Vor der Unterschrift des Vertrages hat er sich von einem erfahrenen Rechtsanwalt beraten lassen.;Before signing the contract, he consulted with an experienced lawyer.;noun;محامي;m;;lawyer;;;
4745;hysterisch;hysterical;Als sie die Spinne an der Wand sah, fing sie hysterisch an zu schreien.;When she saw the spider on the wall, she hysterically started screaming.;adjective;هيستيري / منفعل بجنون;;;hysterically;;;
4746;füreinander;for each other / for one another;In einer guten Freundschaft ist man immer füreinander da.;In a good friendship, people are always there for each other.;adverb;لبعض / عشان بعض;;;for each other;;;
4747;Attentäter;assassin / attacker;Die Polizei konnte den bewaffneten Attentäter kurz nach der Tat festnehmen.;The police were able to arrest the armed attacker shortly after the crime.;noun;مغتال / منفذ الهجوم;m;;attacker;;;
4748;verschlüsselt;encrypted;Diese moderne App überträgt alle privaten Nachrichten verschlüsselt.;This modern app transmits all private messages encrypted.;adjective;متشفر;;;encrypted;;;
4749;Mischung;mixture / blend;Der Tee ist eine aromatische Mischung aus Kräutern und getrockneten Früchten.;The tea is an aromatic mixture of herbs and dried fruits.;noun;خلطة / مزيج;f;;mixture;;;
4750;Yankees;Yankees;Mein Bruder schaut sich gerne die Spiele der New York Yankees im Fernsehen an.;My brother likes watching the New York Yankees games on television.;noun;اليانكيز;m;;Yankees;;;
4751;angefordert;requested;Die Behörde hat gestern weitere Unterlagen für meinen Antrag angefordert.;The authority requested additional documents for my application yesterday.;verb;طلب / استدعى;;;requested;;;
4752;aufreißen;to rip open / to tear open;Du musst vorsichtig sein, wenn du die Verpackung aufreißen willst.;You have to be careful if you want to rip open the packaging.;verb;يفتح بسرعة / يمزع;;;rip open;;;
4753;misstrauisch;suspicious / distrustful;Er blickte sich misstrauisch um, weil er ein seltsames Geräusch gehört hatte.;He looked around suspiciously because he had heard a strange noise.;adjective;شكاك / متشكك;;;suspiciously;;;
4754;träger;sluggish / lethargic;Nach dem schweren Mittagessen fühlte ich mich noch viel träger als am Morgen.;After the heavy lunch, I felt much more sluggish than in the morning.;adjective;كسلان أكتر / خامل;;;more sluggish;;;
4755;Baltimore;Baltimore;Mein Onkel hat mehrere Jahre lang als Arzt in Baltimore gelebt.;My uncle lived as a doctor in Baltimore for several years.;noun;بالتيمور;n;;Baltimore;;;
4756;Lucia;Lucia;Lucia hat uns gestern zum Abendessen in ihre neue Wohnung eingeladen.;Lucia invited us to dinner at her new apartment yesterday.;noun;لوسيا;f;;Lucia;;;
4757;phantastisch;fantastic / wonderful;Der Ausblick von den Bergen über das Tal war einfach phantastisch.;The view from the mountains over the valley was simply fantastic.;adjective;خيالي / رائع / تحفة;;;fantastic;;;
4758;Entlassung;discharge / dismissal;Nach erfolgreicher Behandlung im Krankenhaus steht seiner Entlassung nichts mehr im Wege.;After successful treatment in the hospital, nothing stands in the way of his discharge.;noun;تسريح / إقالة / خروج من المستشفى;f;;discharge;;;
4759;konkret;concrete / specific;Hast du schon einen konkreten Vorschlag, wie wir das Problem lösen können?;Do you already have a specific suggestion on how we can solve the problem?;adjective;محدد / واضح / ملموس;;konkreten;specific;;;
4760;igitt;yuck / ew;Igitt, die Milch schmeckt total sauer und ist bestimmt abgelaufen!;Yuck, the milk tastes completely sour and is definitely expired!;interjection;يع / إيه ده / يا ساتر;;;Yuck;;;
4761;Stipendium;scholarship / grant;Sie hat sich um ein Stipendium für ihr Masterstudium im Ausland beworben.;She applied for a scholarship for her master's studies abroad.;noun;منحة دراسية;n;;scholarship;;;
4762;spirituelle;spiritual;Viele Menschen suchen durch Meditation neue spirituelle Kraft für ihren Alltag.;Many people seek new spiritual strength for their everyday lives through meditation.;adjective;روحاني / روحي;;;spiritual;;;
4763;zuliebe;for the sake of;Seiner Gesundheit zuliebe geht er jeden Morgen eine halbe Stunde spazieren.;For the sake of his health, he goes for a half-hour walk every morning.;prep;عشان خاطر / في سبيل;;;For the sake of;;;
4764;Archiv;archive / records;Alte Dokumente der Stadt werden sorgfältig im Archiv aufbewahrt.;Old city documents are carefully kept in the archive.;noun;أرشيف;n;;archive;;;
4765;Jon;Jon;Gestern habe ich Jon im Supermarkt getroffen und kurz mit ihm gesprochen.;Yesterday I met Jon at the supermarket and talked with him briefly.;noun;جون;m;;Jon;;;
4766;Julius;Julius;Mein kleiner Neffe heißt Julius und geht seit gestern in die Schule.;My little nephew is called Julius and started going to school yesterday.;noun;يوليوس;m;;Julius;;;
4767;Monitor;monitor / screen;Für mein Homeoffice habe ich mir einen größeren Monitor gekauft.;For my home office, I bought a larger monitor.;noun;شاشة / مونيتور;m;;monitor;;;
4768;Vulkan;volcano;Auf der Insel gibt es einen aktiven Vulkan, der regelmäßig Rauch ausstößt.;On the island there is an active volcano that regularly spews smoke.;noun;بركان;m;;volcano;;;
4769;boom;boom / bang;Plötzlich machte es laut boom, als die schwere Kiste zu Boden fiel.;Suddenly there was a loud boom when the heavy box fell to the floor.;interjection;بوم / صوت هبدة;;;boom;;;
4770;senior;senior;Nach jahrelanger Erfahrung wurde sie zur senior Projektleiterin befördert.;After years of experience, she was promoted to senior project manager.;adjective;كبير / رئيسي / سينيور;;;senior;;;
4771;Luxus;luxury;Ein eigenes Schwimmbad im Garten ist ein teurer Luxus.;A private swimming pool in the garden is an expensive luxury.;noun;رفاهية;m;;luxury;;;
4772;Handschrift;handwriting;Deine Handschrift ist wirklich sehr schön und leicht zu lesen.;Your handwriting is really very beautiful and easy to read.;noun;خط الإيد;f;;handwriting;;;
4773;angekündigt;announced;Die Fluggesellschaft hat für morgen einen großen Streik angekündigt.;The airline announced a major strike for tomorrow.;verb;أعلن;;;announced;;;
4774;ausbreiten;to spread out / spread;Wir können unsere Decke im Park auf der Wiese ausbreiten.;We can spread out our blanket on the lawn in the park.;verb;يفرش / يبسط;;;spread out;;;
4775;rückgängig;reversible / undoable;Leider kann man diesen folgenschweren Fehler nicht mehr rückgängig machen.;Unfortunately, you can no longer undo this serious mistake.;adjective;يتراجع فيه / يلغي;;;undo;;;
4776;verflixt;darn it / darn;Verflixt, jetzt habe ich meinen Zug um zwei Minuten verpasst!;Darn it, now I missed my train by two minutes!;interjection;يا ساتر! / نيلة!;;;Darn it;;;
4777;Höschen;panties / briefs;Sie kaufte sich ein bequemes Höschen aus reiner Baumwolle.;She bought comfortable panties made of pure cotton.;noun;كلوت / لباس;n;;panties;;;
4778;fix;quick / fast;Warte kurz auf mich, ich trinke nur noch fix meinen Kaffee aus.;Wait for me a moment, I will just quickly finish my coffee.;adjective;سريع / أوام;;;quickly;;;
4779;wahrnehmen;to perceive / notice;Im dichten Nebel konnte man die Scheinwerfer der Autos kaum noch wahrnehmen.;In the dense fog, one could barely perceive the car headlights.;verb;يلمح / يدرك;;;perceive;;;
4780;züchten;to breed / cultivate;Mein Onkel züchtet seit vielen Jahren Bienen in seinem Garten.;My uncle has been breeding bees in his garden for many years.;verb;يربي / يزرع;;züchtet;breeding;;;
4781;Stripperin;stripper;Für seinen Junggesellenabschied haben seine Kumpels eine Stripperin gebucht.;For his bachelor party, his buddies booked a stripper.;noun;رقاصة استربتيز;f;;stripper;;;
4782;Vagina;vagina;Die Frauenärztin erklärte die Behandlung einer leichten Infektion der Vagina.;The gynecologist explained the treatment of a mild infection of the vagina.;noun;مهبل;f;;vagina;;;
4783;Branche;industry / sector;Er arbeitet schon seit über zehn Jahren erfolgreich in der Werbebranche.;He has been working successfully in the advertising sector for over ten years.;noun;مجال / قطاع;f;;sector;;;
4784;Galerie;gallery;Am Samstag besuchten wir eine moderne Galerie mit Gemälden junger Künstler.;On Saturday, we visited a modern gallery with paintings by young artists.;noun;معرض فني / جاليري;f;;gallery;;;
4785;Schwindel;dizziness / vertigo;Als sie nach dem langen Sitzen plötzlich aufstand, überkam sie ein leichter Schwindel.;When she stood up suddenly after sitting for a long time, a slight dizziness overcame her.;noun;دوخة / دوار;m;;dizziness;;;
4786;Ärmel;sleeve;Er krempelte die Ärmel seines Hemdes hoch und machte sich an die Arbeit.;He rolled up the sleeves of his shirt and got to work.;noun;كم;m;;sleeves;;;
4787;Absatz;heel / paragraph;An ihrem linken Schuh ist gestern beim Tanzen der Absatz abgebrochen.;Yesterday, the heel on her left shoe broke off while dancing.;noun;كعب (جزمة) / فقرة;m;;heel;;;
4788;Feuerzeug;lighter;Hast du ein Feuerzeug dabei, um die Geburtstagskerzen anzuzünden?;Do you have a lighter on you to light the birthday candles?;noun;ولاعة;n;;lighter;;;
4789;Lin;Lin (name);Lin hat uns gestern zum gemeinsamen Kochen in ihre Wohnung eingeladen.;Lin invited us to her apartment yesterday to cook together.;noun;لين;f;;Lin;;;
4790;Mi;Wed. / Wednesday;Die Arztpraxis ist am Mi nur bis zwölf Uhr geöffnet.;The doctor's office is only open until twelve o'clock on Wed.;noun;الأربع (يوم الأربعاء);m;;Wed;;;
4791;Rückseite;back / reverse side;Die genaue Anleitung für das Gerät findest du auf der Rückseite der Packung.;You can find the exact instructions for the device on the back of the package.;noun;الضهر / الجهة الخلفية;f;;back;;;
4792;Teresa;Teresa (female name);Teresa hat vor kurzem ihr Medizinstudium an der Universität erfolgreich abgeschlossen.;Teresa recently completed her medical studies at the university successfully.;noun;تيريزا;f;;Teresa;;;
4793;abspielen;to play;Mein alter Computer kann diese hochauflösenden Videodateien nicht mehr flüssig abspielen.;My old computer can no longer smoothly play these high-resolution video files.;verb;يشغل (فيديو أو صوت);;;play;;;
4794;bedauerlich;regrettable / unfortunate;Es ist wirklich bedauerlich, dass das geplante Schulfest wegen des starken Regens ausfallen musste.;It is really regrettable that the planned school festival had to be cancelled due to the heavy rain.;adjective;مؤسف / محزن;;;regrettable;;;
4795;bestreiten;to deny / dispute;Niemand im Team konnte bestreiten, dass sie bei dem Projekt hervorragende Arbeit geleistet hatte.;No one on the team could deny that she had done excellent work on the project.;verb;ينكر / يجحد;;;deny;;;
4796;bezeugen;to testify / witness;Mehrere Nachbarn konnten den Vorfall auf der Straße vor Gericht bezeugen.;Several neighbors were able to testify to the incident on the street in court.;verb;يشهد على;;;testify to;;;
4797;reimt;rhymes / to rhyme;Das Wort »Haus« reimt sich im Gedicht auf das Wort »Maus«.;The word 'Haus' rhymes with the word 'Maus' in the poem.;verb;ماشي مع القافية / بيقفّي;;;rhymes;;;
4798;verschickt;sent / dispatched;Der Online-Shop hat das bestellte Paket bereits heute Vormittag verschickt.;The online shop already sent the ordered package this morning.;verb;بعت / شحن;;;sent;;;
4799;Barbie;Barbie / Barbie doll;Das kleine Mädchen wünscht sich zum Geburtstag eine neue Barbie mit passenden Kleidern.;The little girl wants a new Barbie with matching clothes for her birthday.;noun;باربي (عروسة);f;;Barbie;;;
4800;Martini;martini;Er bestellte an der gemütlichen Hotelbar einen trockenen Martini mit einer Olive.;He ordered a dry martini with an olive at the cozy hotel bar.;noun;مارتيني (مشروب);m;;martini;;;
4801;letztens;the other day / recently;Ich habe letztens zufällig meine alte Lehrerin im Supermarkt getroffen.;The other day, I ran into my old teacher by chance at the supermarket.;adverb;من قريب / من كام يوم;;;The other day;;;
4802;schweiß;sweat / perspiration;Nach dem anstrengenden Training tropfte ihm der Schweiß von der Stirn.;After the exhausting workout, sweat was dripping from his forehead.;noun;عرق;m;Schweiß;sweat;;;
4803;selig;blissful / peaceful;Das erschöpfte Kind schlief nach dem langen Ausflug tief und selig in seinem Bett.;The exhausted child slept deeply and peacefully in his bed after the long excursion.;adjective;هانئ / في سلام ومبسوط;;;peacefully;;;
4804;untertauchen;to go into hiding / submerge;Nach dem Skandal musste der Verdächtige für mehrere Wochen bei Freunden untertauchen.;After the scandal, the suspect had to go into hiding at friends' places for several weeks.;verb;يستخبى / يختفي;;;go into hiding;;;
4805;Fähre;ferry;Wir haben pünktlich die Fähre genommen, um auf die schöne Insel überzusetzen.;We took the ferry on time to cross over to the beautiful island.;noun;معدية / عبّارة;f;;ferry;;;
4806;Herbert;Herbert (male name);Herbert repariert in seiner Freizeit gerne alte Uhren in der kleinen Werkstatt.;In his spare time, Herbert likes to repair old clocks in the small workshop.;noun;هربرت;m;;Herbert;;;
4807;Pinguin;penguin;Im Zoo beobachteten wir einen niedlichen Pinguin, der geschickt durch das kalte Wasser schwamm.;At the zoo, we watched a cute penguin swimming skillfully through the cold water.;noun;بطريق;m;;penguin;;;
4808;abgeschlachtet;slaughtered / massacred;In historischen Kriegen wurden oft ganze Dörfer grausam abgeschlachtet.;In historical wars, entire villages were often cruelly slaughtered.;verb;اتدبح / انذبح;;;slaughtered;;;
4809;erlegt;brought down / killed (game);Der Förster hat gestern Abend ein krankes Wildschwein im Wald erlegt.;Yesterday evening, the forester brought down a sick wild boar in the forest.;verb;اصطاد / قنص;;;brought down;;;
4810;jämmerlich;miserable / pitiful;Das verlassene Kätzchen miaute im kalten Regen ganz jämmerlich.;The abandoned kitten meowed quite pitifully in the cold rain.;adjective;بائس / يقطع القلب;;;pitifully;;;
4811;Hannibal;Hannibal (male name);Hannibal überquerte in der Antike mit seinen Kriegselefanten die verschneiten Alpen.;In antiquity, Hannibal crossed the snow-covered Alps with his war elephants.;noun;حنبعل / هانيبال;m;;Hannibal;;;
4812;Vati;dad / daddy;Mein kleiner Sohn wartet schon ungeduldig an der Tür, bis Vati nach Hause kommt.;My little son is already waiting impatiently at the door until dad comes home.;noun;بابا;m;;dad;;;
4813;Karton;cardboard box / box;Ich habe das alte Geschirr vorsichtig in einen stabilen Karton gepackt.;I carefully packed the old dishes into a sturdy cardboard box.;noun;كرتونة;m;;cardboard box;;;
4814;Klippe;cliff;Wir wanderten vorsichtig an der Kante der hohen Klippe entlang und blickten auf das Meer.;We hiked carefully along the edge of the high cliff and looked at the sea.;noun;جرف صخري / حافة صخرية;f;;cliff;;;
4815;bitteschön;here you go / you are welcome;Hier ist Ihre Rechnung und das passende Wechselgeld, bitteschön!;Here is your bill and the exact change, here you go!;interjection;اتفضل / عفواً;;;here you go;;;
4816;bund;federal government / federation;Der Bund stellt zusätzliche finanzielle Mittel für die Sanierung der Schulen bereit.;The federal government is providing additional financial funds for the renovation of schools.;noun;الحكومة الاتحادية;m;Bund;federal government;;;
4817;Kragen;collar;Wegen des eisigen Windes stellte er den Kragen seines Mantels schützend auf.;Because of the icy wind, he turned up the collar of his coat protectively.;noun;ياقة (قميص أو بلطو);m;;collar;;;
4818;Stiftung;foundation / charity;Die gemeinnützige Stiftung vergibt jedes Jahr Stipendien an begabte junge Musiker.;Every year, the non-profit foundation awards scholarships to talented young musicians.;noun;مؤسسة (خيرية);f;;foundation;;;
4819;Trauzeuge;best man / wedding witness;Sein Bruder begleitete ihn als Trauzeuge zum Standesamt.;His brother accompanied him to the registry office as his best man.;noun;إشبين العريس / شاهد الجواز;m;;best man;;;
4820;nervig;annoying / irritating;Es ist wirklich nervig, wenn der Computer mitten bei der Arbeit plötzlich abstürzt.;It is really annoying when the computer suddenly crashes in the middle of work.;adjective;مستفز / ينرفز;;;annoying;;;
4821;stabilisieren;to stabilize;Die Ärzte konnten den Blutdruck des verletzten Patienten im Rettungswagen stabilisieren.;The doctors were able to stabilize the injured patient's blood pressure in the ambulance.;verb;يثبّت / يستقر;;;stabilize;;;
4822;Sprecher;spokesperson / speaker;Der offizielle Sprecher der Polizei beantwortete geduldig die Fragen der Reporter.;The official spokesperson for the police patiently answered the reporters' questions.;noun;متحدث رسمي / مذيع;m;;spokesperson;;;
4823;Gewahrsam;custody / detention;Die Polizei nahm den Verdächtigen für weitere Befragungen in Gewahrsam.;The police took the suspect into custody for further questioning.;noun;حجز / حبس احتياطي;m;;custody;;;
4824;verabreicht;administered / to administer;Die Krankenschwester hat dem Patienten pünktlich seine Medizin verabreicht.;The nurse administered the medicine to the patient on time.;verb;إدّى / حقن;;;administered;;;
4825;Matratze;mattress;Nach dem Umzug habe ich mir eine neue, sehr bequeme Matratze gekauft.;After moving, I bought a new, very comfortable mattress.;noun;مرتبة;f;;mattress;;;
4826;Lösegeld;ransom;Die Entführer forderten eine Million Euro Lösegeld für die Freilassung der Geisel.;The kidnappers demanded one million euros in ransom for the release of the hostage.;noun;فدية;n;;ransom;;;
4827;Reinigung;cleaning / dry cleaners;Ich muss meinen Anzug vor der Hochzeit noch schnell in die Reinigung bringen.;I still need to quickly take my suit to the dry cleaners before the wedding.;noun;دراي كلين / تنضيف;f;;dry cleaners;;;
4828;Erkenntnis;insight / realization;Aus dieser schwierigen Erfahrung habe ich eine wichtige Erkenntnis gewonnen.;I gained an important insight from this difficult experience.;noun;معرفة / إدراك;f;;insight;;;
4829;hinüber;over / across;Er ging schnell zum Bäcker auf der anderen Straßenseite hinüber.;He quickly went over to the bakery on the other side of the street.;adverb;لهناك / على الناحية التانية;;;over;;;
4830;zivilisiert;civilized;In einer Demokratie sollte man sich jederzeit zivilisiert verhalten.;In a democracy, one should behave in a civilized manner at all times.;adjective;متحضر;;;civilized;;;
4831;Charley;Charley;Mein Kollege Charley bringt jeden Freitag leckere Muffins fürs Büro mit.;My colleague Charley brings delicious muffins to the office every Friday.;noun;تشارلي;m;;Charley;;;
4832;Gegenzug;return / return move;Ich helfe dir beim Umzug, und im Gegenzug kochst du heute Abend für uns.;I'll help you move, and in return you cook for us tonight.;noun;في المقابل / نظير;m;;in return;;;
4833;Goa;Goa;Sie haben ihren letzten Urlaub an den wunderschönen Stränden von Goa verbracht.;They spent their last vacation on the beautiful beaches of Goa.;noun;جوا;n;;Goa;;;
4834;ohrfeige;slap / slap in the face;Für diese freche Bemerkung hat er von seiner Schwester eine Ohrfeige bekommen.;He got a slap in the face from his sister for that cheeky remark.;noun;قلم / كف;f;Ohrfeige;slap in the face;;;
4835;Dimension;dimension / scale;Das Hochwasser hat Schäden von völlig unerwarteter Dimension angerichtet.;The flood caused damage of a completely unexpected dimension.;noun;بُعد / حجم;f;;dimension;;;
4836;Todesstrafe;death penalty / capital punishment;In den meisten europäischen Ländern wurde die Todesstrafe schon vor langer Zeit abgeschafft.;In most European countries, the death penalty was abolished a long time ago.;noun;عقوبة الإعدام;f;;death penalty;;;
4837;Glanz;shine / gloss / gleam;Nach dem Polieren hatte der alte Holztisch wieder einen wunderschönen Glanz.;After polishing, the old wooden table had a wonderful shine again.;noun;لمعة / بريق;m;;shine;;;
4838;anderthalb;one and a half;Die Fahrt mit dem Zug nach Berlin dauert ungefähr anderthalb Stunden.;The train ride to Berlin takes about one and a half hours.;adjective;واحد ونص;;;one and a half;;;
4839;töricht;foolish / silly;Es war wirklich töricht von mir, ihm mein ganzes Erspartes anzuvertrauen.;It was really foolish of me to entrust him with all my savings.;adjective;غبي / طايش;;;foolish;;;
4840;Überdosis;overdose;Er wurde nach einer Überdosis von Schlaftabletten sofort ins Krankenhaus gebracht.;He was immediately taken to the hospital after an overdose of sleeping pills.;noun;جرعة زايدة;f;;overdose;;;
4841;Comics;comics / comic books;Als Kind habe ich am Wochenende stundenlang Comics gelesen.;As a child, I used to read comic books for hours on the weekend.;noun;قصص مصورة / كوميكس;m;;comic books;;;
4842;Hospital;hospital;Nach dem schweren Unfall wurde der Verletzte sofort ins nächste Hospital gebracht.;After the serious accident, the injured person was immediately taken to the nearest hospital.;noun;مستشفى;n;;hospital;;;
4843;Kinn;chin;Er hat sich beim Rasieren heute Morgen am Kinn geschnitten.;He cut himself on the chin while shaving this morning.;noun;دقن;n;;chin;;;
4844;Sophia;Sophia;Sophia hat mir versprochen, mir morgen bei den Hausaufgaben zu helfen.;Sophia promised to help me with my homework tomorrow.;noun;سوفيا;f;;Sophia;;;
4845;durstig;thirsty;Nach dem langen Lauf im Park war ich furchtbar durstig.;After the long run in the park, I was terribly thirsty.;adjective;عطشان;;;thirsty;;;
4846;entzündet;inflamed;Die kleine Schnittwunde an seinem Daumen ist rot und stark entzündet.;The small cut on his thumb is red and severely inflamed.;adjective;ملتهب;;;inflamed;;;
4847;europäischen;European;Viele junge Leute möchten an einer europäischen Universität studieren.;Many young people would like to study at a European university.;adjective;أوروبي;;;European;;;
4848;vorhanden;available / present / existing;Leider sind im Lager derzeit keine passenden Ersatzteile vorhanden.;Unfortunately, no matching spare parts are currently available in the warehouse.;adjective;موجود / متوفر;;;available;;;
4849;Schnurrbart;mustache;Mein Großvater trägt schon seit über vierzig Jahren einen dichten Schnurrbart.;My grandfather has been wearing a thick mustache for over forty years.;noun;شنب;m;;mustache;;;
4850;Schuldgefühle;feelings of guilt / guilt;Sie hatte tagelang schwere Schuldgefühle, weil sie ihren besten Freund angelogen hatte.;She had strong feelings of guilt for days because she had lied to her best friend.;noun;إحساس بالذنب;n;;feelings of guilt;;;
4851;Ursprung;origin / source;Die Forscher versuchen seit Monaten, den wahren Ursprung dieser Krankheit herauszufinden.;For months, researchers have been trying to find out the true origin of this disease.;noun;أصل / مصدر;m;;origin;;;
4852;missachtet;disregarded / ignored / to disregard;Der Autofahrer hat das rote Signal an der Kreuzung völlig missachtet.;The driver completely disregarded the red light at the intersection.;verb;تجاهل / ما احترمش;;;disregarded;;;
4853;Überstunden;overtime / overtime hours;Weil ein Kollege krank war, musste ich diese Woche viele Überstunden machen.;Because a colleague was sick, I had to work a lot of overtime this week.;noun;ساعات إضافية / أوفر تايم;f;;overtime;;;
4854;ungeduldig;impatient;Die Kinder wurden nach einer Stunde im Wartezimmer langsam sehr ungeduldig.;The children were slowly becoming very impatient after an hour in the waiting room.;adjective;قليل الصبر / مستعجل;;;impatient;;;
4855;übergehen;to overlook / pass over / transition;Wir sollten diesen wichtigen Punkt in der Diskussion nicht einfach übergehen.;We shouldn't simply overlook this important point in the discussion.;verb;يتجاهل / يتخطى;;;overlook;;;
4856;anfrage;inquiry / request;Ich habe gestern eine schriftliche Anfrage an den Vermieter geschickt.;Yesterday I sent a written inquiry to the landlord.;noun;طلب / استفسار;f;Anfrage;inquiry;;;
4857;recherchiert;researched / to research;Die Journalistin hat wochenlang gründlich über diesen Korruptionsfall recherchiert.;The journalist researched thoroughly for weeks on this corruption case.;verb;بحث / دوّر;;;researched;;;
4858;Länge;length;Vor dem Kauf muss ich erst die genaue Länge des Sofas ausmessen.;Before buying, I first have to measure the exact length of the sofa.;noun;طول;f;;length;;;
4859;reinstecken;to stick into / put in / insert;Du kannst den Schlüssel einfach ins Schloss reinstecken und umdrehen.;You can simply stick the key into the lock and turn it.;verb;يدخّل / يحط جوة;;;stick;;;
4860;Horizont;horizon;Am Horizont konnte man die ersten Sonnenstrahlen des neuen Tages sehen.;On the horizon, one could see the first rays of sunlight of the new day.;noun;أفق;m;;horizon;;;
4861;Schöpfer;creator / maker;Der berühmte Schöpfer dieser Comicserie gab gestern ein langes Interview.;The famous creator of this comic series gave a long interview yesterday.;noun;خالق / مبدع;m;;creator;;;
4862;Vorsprung;lead / head start / advantage;Die Läuferin hatte im Ziel einen beachtlichen Vorsprung von zehn Metern.;The runner had a remarkable lead of ten meters at the finish line.;noun;تقدّم / أسبقية;m;;lead;;;
4863;dahinten;back there / over there in the back;Er wartet schon die ganze Zeit dahinten an der Bushaltestelle auf uns.;He has been waiting for us back there at the bus stop the whole time.;adverb;ورا هناك;;;back there;;;
4864;rausgeschmissen;kicked out / thrown out;Er wurde gestern Abend wegen einer Schlägerei aus dem Club rausgeschmissen.;He was kicked out of the club last night because of a fight.;verb;مطرود / اترمى برة;;;kicked out;;;
4865;unzählige;countless / innumerable;Am klaren Nachthimmel funkelten unzählige Sterne über unseren Köpfen.;In the clear night sky, countless stars sparkled above our heads.;adjective;لا يُعد ولا يُحصى;;;countless;;;
4866;Blüte;blossom / flower / bloom;Im Frühling öffnet sich an unserem Kirschbaum jede einzelne Blüte.;In spring, every single blossom on our cherry tree opens.;noun;زهرة / وردة;f;;blossom;;;
4867;nanu;well now / well, well;Er schaute verwundert aus dem Fenster und sagte: nanu, wo kommt der Schnee plötzlich her?;He looked out the window in wonder and said: well now, where did this snow suddenly come from?;interjection;إيه ده؟! / يا خبر!;;;well now;;;
4868;wider;against / contrary to;Er unterschrieb den riskanten Vertrag wider besseres Wissen, obwohl ihn alle gewarnt hatten.;He signed the risky contract contrary to better knowledge, even though everyone had warned him.;prep;ضد / خلاف;;;contrary to;;;
4869;Laser;laser;Der Arzt korrigierte die Fehlsichtigkeit mit einem modernen Laser.;The doctor corrected the defective vision with a modern laser.;noun;ليزر;m;;laser;;;
4870;Kerker;dungeon / prison;Der Gefangene wurde im finsteren Kerker der alten Burg eingesperrt.;The prisoner was locked up in the dark dungeon of the old castle.;noun;زنزانة / سرداب;m;;dungeon;;;
4871;munter;cheerful / lively / awake;Nach einer Tasse heißem Kaffee fühlte ich mich am Morgen wieder frisch und munter.;After a cup of hot coffee, I felt fresh and awake again in the morning.;adjective;نشيط / مصحصح;;;awake;;;
4872;trüben;to cloud / dull / tarnish;Der plötzliche Regenschauer konnte unsere gute Laune beim Picknick nicht trüben.;The sudden rain shower couldn't cloud our good mood at the picnic.;verb;يعكّر / يكدّر;;;cloud;;;
4873;verzaubert;enchanted / bewitched;Im Winter wirkt der verschneite Wald wie verzaubert.;In winter, the snowy forest looks enchanted.;adjective;مسحور;;;enchanted;;;
4874;zauberhaft;magical / charming;Wir hatten gestern Abend ein wirklich zauberhaftes Essen mit Freunden.;We had a truly magical dinner with friends yesterday evening.;adjective;ساحر / بديع;;zauberhaftes;magical;;;
4875;Kalender;calendar;Ich trage den neuen Termin gleich in meinen Kalender ein.;I will enter the new appointment in my calendar right away.;noun;نتيجة / تقويم;m;;calendar;;;
4876;Lastwagen;truck / lorry;Auf der Autobahn fuhr ein schwerer Lastwagen vor uns.;A heavy truck was driving in front of us on the highway.;noun;عربية نقل / لوري;m;;truck;;;
4877;wackeln;to wobble / shake;Der Küchentisch wackelt, weil ein Tischbein etwas zu kurz ist.;The kitchen table wobbles because one table leg is a bit too short.;verb;يتهز / يلق;;wackelt;wobbles;;;
4878;Obst;fruit;Ich kaufe auf dem Markt am liebsten frisches Obst der Saison.;I prefer to buy fresh seasonal fruit at the market.;noun;فاكهة;n;;fruit;;;
4879;Aufenthaltsort;whereabouts / location;Die Polizei hat den aktuellen Aufenthaltsort des Vermissten ermittelt.;The police determined the missing person's current whereabouts.;noun;مكان التواجد / محل الإقامة;m;;whereabouts;;;
4880;Container;container / dumpster;Für den ganzen Bauschutt steht ein riesiger Container vor dem Haus.;A huge container stands in front of the house for all the rubble.;noun;حاوية / كونتينر;m;;container;;;
4881;Einwände;objections;Gegen diesen Vorschlag gibt es von meiner Seite keine Einwände.;There are no objections from my side to this proposal.;noun;اعتراضات;m;;objections;;;
4882;Phänomen;phenomenon;Polarlichter sind ein faszinierendes Phänomen am Nachthimmel.;Northern lights are a fascinating phenomenon in the night sky.;noun;ظاهرة;n;;phenomenon;;;
4883;Scanner;scanner;Kannst du den Vertrag bitte über den Scanner einlesen und mir mailen?;Can you please scan the contract using the scanner and email it to me?;noun;سكانر / ماسح ضوئي;m;;scanner;;;
4884;eiserne;iron / unyielding;Um das tägliche Training durchzuhalten, braucht man eine eiserne Disziplin.;To stick to the daily workout, you need an iron discipline.;adjective;حديدي / صارم;;;iron;;;
4885;entsetzt;appalled / horrified;Die Nachbarn waren entsetzt über die Nachricht von dem Einbruch.;The neighbors were appalled by the news of the burglary.;adjective;مصدوم / مرعوب;;;appalled;;;
4886;widerfahren;to happen to / befall;So eine unglaubliche Geschichte ist mir in meinem ganzen Leben noch nie widerfahren.;Such an incredible story has never happened to me in my whole life.;verb;يحصل لـ / يصيب;;;happened to;;;
4887;Jeep;jeep;Auf der steinigen Piste in den Bergen kamen wir nur mit einem Jeep voran.;On the rocky mountain track, we could only move forward with a jeep.;noun;عربية جيب;m;;jeep;;;
4888;Regiment;regiment;Sein Urgroßvater war Offizier in einem bekannten preußischen Regiment.;His great-grandfather was an officer in a well-known Prussian regiment.;noun;كتيبة / فوج;n;;regiment;;;
4889;spanier;Spaniard / Spanish man;Unser neuer Nachbar ist ein Spanier aus Madrid und kocht fantastisch.;Our new neighbor is a Spaniard from Madrid and cooks fantastic food.;noun;إسباني;m;Spanier;Spaniard;;;
4890;getarnt;disguised / camouflaged;Die Kamera war als einfacher Rauchmelder an der Decke getarnt.;The camera was disguised as a simple smoke detector on the ceiling.;adjective;متخفي / متموه / متنكر;;;disguised;;;
4891;abliefern;to deliver / hand in;Ich muss meine Bachelorarbeit bis nächsten Freitag im Prüfungsamt abliefern.;I have to hand in my bachelor's thesis at the examination office by next Friday.;verb;يسلّم;;;hand in;;;
4892;erhofft;hoped-for;Das neue Medikament brachte leider nicht den erhofften Erfolg.;Unfortunately, the new medicine did not bring the hoped-for success.;adjective;المأمول / المرجو;;erhofften;hoped-for;;;
4893;Budget;budget;Für die anstehende Renovierung haben wir ein knappes Budget eingeplant.;We planned a tight budget for the upcoming renovation.;noun;ميزانية;n;;budget;;;
4894;Nachforschungen;investigations / inquiries;Die Journalistin stellte gründliche Nachforschungen zu dem Vorfall an.;The journalist conducted thorough investigations into the incident.;noun;تحريات / أبحاث;f;;investigations;;;
4895;Farmer;farmer;Der Farmer kümmert sich jeden Morgen um die Rinder auf der Weide.;The farmer tends to the cattle on the pasture every morning.;noun;مزارع / فلاح;m;;farmer;;;
4896;Philadelphia;Philadelphia (city);Während seiner Rundreise an der Ostküste hat er zwei Tage in Philadelphia verbracht.;During his tour along the East Coast, he spent two days in Philadelphia.;noun;فيلادلفيا;n;;Philadelphia;;;
4897;mitgekriegt;noticed / caught / realized;Hast du den lauten Knall draußen vorhin auch mitgekriegt?;Did you also notice the loud bang outside earlier?;verb;خد باله / سمع وعرف;;;notice;;;
4898;Software;software;Wir müssen die neue Software heute noch auf allen Bürorechnern installieren.;We still need to install the new software on all office computers today.;noun;سوفت وير / برامج;f;;software;;;
4899;Wirbel;commotion / swirl / vertebra;Die Ankündigung der Preiserhöhung hat bei den Kunden großen Wirbel ausgelöst.;The announcement of the price increase caused a big commotion among the customers.;noun;ضجة / بلبلة;m;;commotion;;;
4900;Amateur;amateur;Als Amateur spielt er nur am Wochenende zum Spaß im örtlichen Schachverein.;As an amateur, he only plays on weekends for fun in the local chess club.;noun;هاوي;m;;amateur;;;
4901;Ehrenwort;word of honor;Ich gebe dir mein Ehrenwort, dass ich das Geheimnis für mich behalte.;I give you my word of honor that I will keep the secret to myself.;noun;كلمة شرف;n;;word of honor;;;
4902;Sprichwort;proverb / saying;Wie das bekannte Sprichwort sagt: Übung macht den Meister.;As the well-known proverb says: practice makes perfect.;noun;مَثَل / حكمة;n;;proverb;;;
4903;clean;clean / sober (off drugs);Nach der langen Therapie ist er nun schon seit über einem Jahr clean.;After the long therapy, he has now been clean for over a year.;adjective;مبطل / نضيف (من الإدمان);;;clean;;;
4904;eingestehen;to admit / confess;Man muss sich manchmal einfach eingestehen, dass man im Unrecht war.;Sometimes you just have to admit to yourself that you were in the wrong.;verb;يعترف بـ / يقر;;;admit;;;
4905;ekel;disgust / revulsion;Vor Ekel konnte sie den faulen Apfel kaum anfassen.;Out of disgust, she could hardly touch the rotten apple.;noun;قرف / اشمئزاز;m;Ekel;disgust;;;
4906;misstrauen;to distrust / mistrust;Nach seinen vielen Lügen misstraue ich ihm zutiefst.;After his many lies, I distrust him deeply.;verb;يشك في / ميصدقش;;misstraue;distrust;;;
4907;rau;rough / harsh;Im Winter weht an der Nordseeküste ein rauer Wind.;In winter, a rough wind blows on the North Sea coast.;adjective;خشن / قاسي;;rauer;rough;;;
4908;zutiefst;deeply / profoundly;Ich war zutiefst gerührt von den herzlichen Glückwünschen zu meinem Geburtstag.;I was deeply moved by the warm congratulations on my birthday.;adverb;لأقصى درجة / من كل قلبه;;;deeply;;;
4909;zucken;to twitch / shrug / flinch;Wenn er unsicher ist, zuckt er meistens ratlos mit den Schultern.;When he is unsure, he usually shrugs his shoulders helplessly.;verb;يهز كتفه / يرف / ينفض;;zuckt;shrugs;;;
4910;Quentin;Quentin (male name);Quentin hat sich gestern Abend einen spannenden Film im Kino angesehen.;Quentin watched an exciting movie at the cinema yesterday evening.;noun;كوينتن;m;;Quentin;;;
4911;Schwung;momentum / drive / swing;Mit neuem Schwung starten wir heute in das neue Projekt.;With fresh momentum, we are starting the new project today.;noun;نشاط / حماس / زَخَم;m;;momentum;;;
4912;aufwärmen;to warm up / reheat;Ich kann die Suppe von gestern schnell in der Mikrowelle aufwärmen.;I can quickly warm up yesterday's soup in the microwave.;verb;يسخن / يدفي;;;warm up;;;
4913;Heft;exercise book / notebook;Die Schülerin schreibt alle Vokabeln sorgfältig in ihr Heft.;The student carefully writes all the vocabulary into her notebook.;noun;كشكول / كراسة;n;;notebook;;;
4914;klarmachen;to make clear / clarify;Der Chef wollte allen Mitarbeitern die Dringlichkeit der Lage klarmachen.;The boss wanted to make clear the urgency of the situation to all employees.;verb;يوضح / يفهّم;;;make clear;;;
4915;Armut;poverty;Die Hilfsorganisation setzt sich weltweit für den Kampf gegen die Armut ein.;The relief organization is committed worldwide to the fight against poverty.;noun;فقر;f;;poverty;;;
4916;geradezu;downright / positively;Sein Verhalten bei der Besprechung war geradezu unverschämt.;His behavior during the meeting was downright insolent.;adverb;تماما / فعلا / بشكل صريح;;;downright;;;
4917;Bug;bow (of a ship) / front;Die Wellen schlugen mit voller Wucht gegen den Bug der Fähre.;The waves crashed with full force against the bow of the ferry.;noun;مقدمة السفينة / بوز المركب;m;;bow;;;
4918;Nummernschild;license plate / number plate;Der Zeuge konnte sich das Nummernschild des Fluchtautos genau merken.;The witness was able to remember the license plate of the getaway car accurately.;noun;نمرة العربية / لوحة الأرقام;n;;license plate;;;
4919;Bildung;education / formation;Gute Bildung eröffnet jungen Menschen viele Chancen im Leben.;Good education opens up many opportunities in life for young people.;noun;تعليم / ثقافة;f;;education;;;
4920;aufgegessen;eaten up / finished eating;Die Kinder haben das ganze Abendessen restlos aufgegessen.;The children have eaten up the entire dinner completely.;verb;خلّص أكله / أكل كله;;;eaten up;;;
4921;ausmaß;extent / scale / dimension;Das volle Ausmaß der Zerstörung wurde erst am nächsten Tag sichtbar.;The full extent of the destruction only became visible the next day.;noun;حجم / مدى / مقدار;n;Ausmaß;extent;;;
4922;renovieren;to renovate / redecorate;Im Sommer wollen wir das Badezimmer komplett renovieren.;In summer, we want to completely renovate the bathroom.;verb;يجدد / يرمم / يوضب;;;renovate;;;
4923;Quarantäne;quarantine;Nach seiner Reise in das Risikogebiet musste er zwei Wochen lang in Quarantäne bleiben.;After his trip to the high-risk area, he had to stay in quarantine for two weeks.;noun;حجر صحي;f;;quarantine;;;
4924;Routine;routine;Eine feste tägliche Routine hilft mir dabei, morgens produktiver zu sein.;A fixed daily routine helps me to be more productive in the morning.;noun;روتين;f;;routine;;;
4925;Wachmann;security guard;Der Wachmann kontrolliert am Eingang die Ausweise aller Mitarbeiter und Besucher.;The security guard checks the IDs of all employees and visitors at the entrance.;noun;حارس أمن / غفير;m;;security guard;;;
4926;brummt;hums / buzzes;Der alte Kühlschrank in der Küche brummt die ganze Nacht über ziemlich laut.;The old refrigerator in the kitchen hums quite loudly all night long.;verb;بيزن;;;hums;;;
4927;verschüttet;spilled;Ich habe aus Versehen etwas heißen Kaffee auf den Tisch verschüttet.;I accidentally spilled some hot coffee onto the table.;verb;دلق / كبّ;;;spilled;;;
4928;Berührung;touch / contact;Der Bildschirm reagiert schon auf die leichteste Berührung mit dem Finger.;The screen reacts to even the lightest touch with a finger.;noun;لمسة;f;;touch;;;
4929;Sandra;Sandra;Sandra hat gestern alle ihre Kollegen zu ihrer Geburtstagsfeier eingeladen.;Sandra invited all her colleagues to her birthday party yesterday.;noun;ساندرا;f;;Sandra;;;
;;;;;;;;;;;;
;;;;;;;;;;;;
;;;;;;;;;;;;
;;;;;;;;;;;;
;;;;;;;;;;;;
